[2026-10-02T06:54:39.420+0000] {processor.py:186} INFO - Started process (PID=184) to work on /opt/airflow/dags/water_quality_pipeline_dag.py
[2026-10-02T06:54:39.421+0000] {processor.py:914} INFO - Processing file /opt/airflow/dags/water_quality_pipeline_dag.py for tasks to queue
[2026-10-02T06:54:39.423+0000] {logging_mixin.py:190} INFO - [2026-10-02T06:54:39.422+0000] {dagbag.py:588} INFO - Filling up the DagBag from /opt/airflow/dags/water_quality_pipeline_dag.py
[2026-10-02T06:54:39.441+0000] {processor.py:925} INFO - DAG(s) 'water_quality_training_pipeline' retrieved from /opt/airflow/dags/water_quality_pipeline_dag.py
[2026-10-02T06:54:39.652+0000] {logging_mixin.py:190} INFO - [2026-10-02T06:54:39.652+0000] {override.py:1911} INFO - Created Permission View: can delete on DAG:water_quality_training_pipeline
[2026-10-02T06:54:39.659+0000] {logging_mixin.py:190} INFO - [2026-10-02T06:54:39.659+0000] {override.py:1911} INFO - Created Permission View: can read on DAG:water_quality_training_pipeline
[2026-10-02T06:54:39.663+0000] {logging_mixin.py:190} INFO - [2026-10-02T06:54:39.663+0000] {override.py:1911} INFO - Created Permission View: can edit on DAG:water_quality_training_pipeline
[2026-10-02T06:54:39.666+0000] {logging_mixin.py:190} INFO - [2026-10-02T06:54:39.666+0000] {override.py:1911} INFO - Created Permission View: can delete on DAG Run:water_quality_training_pipeline
[2026-10-02T06:54:39.670+0000] {logging_mixin.py:190} INFO - [2026-10-02T06:54:39.670+0000] {override.py:1911} INFO - Created Permission View: can read on DAG Run:water_quality_training_pipeline
[2026-10-02T06:54:39.674+0000] {logging_mixin.py:190} INFO - [2026-10-02T06:54:39.674+0000] {override.py:1911} INFO - Created Permission View: can create on DAG Run:water_quality_training_pipeline
[2026-10-02T06:54:39.677+0000] {logging_mixin.py:190} INFO - [2026-10-02T06:54:39.677+0000] {override.py:1911} INFO - Created Permission View: menu access on DAG Run:water_quality_training_pipeline
[2026-10-02T06:54:39.678+0000] {logging_mixin.py:190} INFO - [2026-10-02T06:54:39.678+0000] {dag.py:3239} INFO - Sync 1 DAGs
[2026-10-02T06:54:39.688+0000] {logging_mixin.py:190} INFO - [2026-10-02T06:54:39.688+0000] {dag.py:3262} INFO - Creating ORM DAG for water_quality_training_pipeline
[2026-10-02T06:54:39.689+0000] {logging_mixin.py:190} INFO - [2026-10-02T06:54:39.689+0000] {dag.py:4180} INFO - Setting next_dagrun for water_quality_training_pipeline to None, run_after=None
[2026-10-02T06:54:39.703+0000] {processor.py:208} INFO - Processing /opt/airflow/dags/water_quality_pipeline_dag.py took 0.289 seconds
[2026-10-02T06:55:09.964+0000] {processor.py:186} INFO - Started process (PID=206) to work on /opt/airflow/dags/water_quality_pipeline_dag.py
[2026-10-02T06:55:09.965+0000] {processor.py:914} INFO - Processing file /opt/airflow/dags/water_quality_pipeline_dag.py for tasks to queue
[2026-10-02T06:55:09.968+0000] {logging_mixin.py:190} INFO - [2026-10-02T06:55:09.968+0000] {dagbag.py:588} INFO - Filling up the DagBag from /opt/airflow/dags/water_quality_pipeline_dag.py
[2026-10-02T06:55:09.980+0000] {processor.py:925} INFO - DAG(s) 'water_quality_training_pipeline' retrieved from /opt/airflow/dags/water_quality_pipeline_dag.py
[2026-10-02T06:55:10.021+0000] {logging_mixin.py:190} INFO - [2026-10-02T06:55:10.021+0000] {dag.py:3239} INFO - Sync 1 DAGs
[2026-10-02T06:55:10.042+0000] {logging_mixin.py:190} INFO - [2026-10-02T06:55:10.042+0000] {dag.py:4180} INFO - Setting next_dagrun for water_quality_training_pipeline to None, run_after=None
[2026-10-02T06:55:10.061+0000] {processor.py:208} INFO - Processing /opt/airflow/dags/water_quality_pipeline_dag.py took 0.105 seconds
[2026-10-02T06:55:40.224+0000] {processor.py:186} INFO - Started process (PID=233) to work on /opt/airflow/dags/water_quality_pipeline_dag.py
[2026-10-02T06:55:40.227+0000] {processor.py:914} INFO - Processing file /opt/airflow/dags/water_quality_pipeline_dag.py for tasks to queue
[2026-10-02T06:55:40.231+0000] {logging_mixin.py:190} INFO - [2026-10-02T06:55:40.230+0000] {dagbag.py:588} INFO - Filling up the DagBag from /opt/airflow/dags/water_quality_pipeline_dag.py
[2026-10-02T06:55:40.245+0000] {processor.py:925} INFO - DAG(s) 'water_quality_training_pipeline' retrieved from /opt/airflow/dags/water_quality_pipeline_dag.py
[2026-10-02T06:55:40.288+0000] {logging_mixin.py:190} INFO - [2026-10-02T06:55:40.287+0000] {dag.py:3239} INFO - Sync 1 DAGs
[2026-10-02T06:55:40.307+0000] {logging_mixin.py:190} INFO - [2026-10-02T06:55:40.306+0000] {dag.py:4180} INFO - Setting next_dagrun for water_quality_training_pipeline to None, run_after=None
[2026-10-02T06:55:40.331+0000] {processor.py:208} INFO - Processing /opt/airflow/dags/water_quality_pipeline_dag.py took 0.113 seconds
[2026-10-02T06:56:10.565+0000] {processor.py:186} INFO - Started process (PID=255) to work on /opt/airflow/dags/water_quality_pipeline_dag.py
[2026-10-02T06:56:10.567+0000] {processor.py:914} INFO - Processing file /opt/airflow/dags/water_quality_pipeline_dag.py for tasks to queue
[2026-10-02T06:56:10.569+0000] {logging_mixin.py:190} INFO - [2026-10-02T06:56:10.569+0000] {dagbag.py:588} INFO - Filling up the DagBag from /opt/airflow/dags/water_quality_pipeline_dag.py
[2026-10-02T06:56:10.585+0000] {processor.py:925} INFO - DAG(s) 'water_quality_training_pipeline' retrieved from /opt/airflow/dags/water_quality_pipeline_dag.py
[2026-10-02T06:56:10.629+0000] {logging_mixin.py:190} INFO - [2026-10-02T06:56:10.629+0000] {dag.py:3239} INFO - Sync 1 DAGs
[2026-10-02T06:56:10.649+0000] {logging_mixin.py:190} INFO - [2026-10-02T06:56:10.648+0000] {dag.py:4180} INFO - Setting next_dagrun for water_quality_training_pipeline to None, run_after=None
[2026-10-02T06:56:10.682+0000] {processor.py:208} INFO - Processing /opt/airflow/dags/water_quality_pipeline_dag.py took 0.125 seconds
[2026-10-02T06:56:40.822+0000] {processor.py:186} INFO - Started process (PID=276) to work on /opt/airflow/dags/water_quality_pipeline_dag.py
[2026-10-02T06:56:40.825+0000] {processor.py:914} INFO - Processing file /opt/airflow/dags/water_quality_pipeline_dag.py for tasks to queue
[2026-10-02T06:56:40.828+0000] {logging_mixin.py:190} INFO - [2026-10-02T06:56:40.827+0000] {dagbag.py:588} INFO - Filling up the DagBag from /opt/airflow/dags/water_quality_pipeline_dag.py
[2026-10-02T06:56:40.841+0000] {processor.py:925} INFO - DAG(s) 'water_quality_training_pipeline' retrieved from /opt/airflow/dags/water_quality_pipeline_dag.py
[2026-10-02T06:56:40.881+0000] {logging_mixin.py:190} INFO - [2026-10-02T06:56:40.881+0000] {dag.py:3239} INFO - Sync 1 DAGs
[2026-10-02T06:56:40.899+0000] {logging_mixin.py:190} INFO - [2026-10-02T06:56:40.899+0000] {dag.py:4180} INFO - Setting next_dagrun for water_quality_training_pipeline to None, run_after=None
[2026-10-02T06:56:40.923+0000] {processor.py:208} INFO - Processing /opt/airflow/dags/water_quality_pipeline_dag.py took 0.113 seconds
[2026-10-02T06:57:11.159+0000] {processor.py:186} INFO - Started process (PID=304) to work on /opt/airflow/dags/water_quality_pipeline_dag.py
[2026-10-02T06:57:11.160+0000] {processor.py:914} INFO - Processing file /opt/airflow/dags/water_quality_pipeline_dag.py for tasks to queue
[2026-10-02T06:57:11.163+0000] {logging_mixin.py:190} INFO - [2026-10-02T06:57:11.162+0000] {dagbag.py:588} INFO - Filling up the DagBag from /opt/airflow/dags/water_quality_pipeline_dag.py
[2026-10-02T06:57:11.175+0000] {processor.py:925} INFO - DAG(s) 'water_quality_training_pipeline' retrieved from /opt/airflow/dags/water_quality_pipeline_dag.py
[2026-10-02T06:57:11.208+0000] {logging_mixin.py:190} INFO - [2026-10-02T06:57:11.208+0000] {dag.py:3239} INFO - Sync 1 DAGs
[2026-10-02T06:57:11.226+0000] {logging_mixin.py:190} INFO - [2026-10-02T06:57:11.225+0000] {dag.py:4180} INFO - Setting next_dagrun for water_quality_training_pipeline to None, run_after=None
[2026-10-02T06:57:11.251+0000] {processor.py:208} INFO - Processing /opt/airflow/dags/water_quality_pipeline_dag.py took 0.101 seconds
[2026-10-02T06:57:41.414+0000] {processor.py:186} INFO - Started process (PID=326) to work on /opt/airflow/dags/water_quality_pipeline_dag.py
[2026-10-02T06:57:41.416+0000] {processor.py:914} INFO - Processing file /opt/airflow/dags/water_quality_pipeline_dag.py for tasks to queue
[2026-10-02T06:57:41.418+0000] {logging_mixin.py:190} INFO - [2026-10-02T06:57:41.418+0000] {dagbag.py:588} INFO - Filling up the DagBag from /opt/airflow/dags/water_quality_pipeline_dag.py
[2026-10-02T06:57:41.431+0000] {processor.py:925} INFO - DAG(s) 'water_quality_training_pipeline' retrieved from /opt/airflow/dags/water_quality_pipeline_dag.py
[2026-10-02T06:57:41.475+0000] {logging_mixin.py:190} INFO - [2026-10-02T06:57:41.475+0000] {dag.py:3239} INFO - Sync 1 DAGs
[2026-10-02T06:57:41.494+0000] {logging_mixin.py:190} INFO - [2026-10-02T06:57:41.494+0000] {dag.py:4180} INFO - Setting next_dagrun for water_quality_training_pipeline to None, run_after=None
[2026-10-02T06:57:41.517+0000] {processor.py:208} INFO - Processing /opt/airflow/dags/water_quality_pipeline_dag.py took 0.111 seconds
[2026-10-02T06:58:11.759+0000] {processor.py:186} INFO - Started process (PID=354) to work on /opt/airflow/dags/water_quality_pipeline_dag.py
[2026-10-02T06:58:11.760+0000] {processor.py:914} INFO - Processing file /opt/airflow/dags/water_quality_pipeline_dag.py for tasks to queue
[2026-10-02T06:58:11.762+0000] {logging_mixin.py:190} INFO - [2026-10-02T06:58:11.762+0000] {dagbag.py:588} INFO - Filling up the DagBag from /opt/airflow/dags/water_quality_pipeline_dag.py
[2026-10-02T06:58:11.775+0000] {processor.py:925} INFO - DAG(s) 'water_quality_training_pipeline' retrieved from /opt/airflow/dags/water_quality_pipeline_dag.py
[2026-10-02T06:58:11.814+0000] {logging_mixin.py:190} INFO - [2026-10-02T06:58:11.813+0000] {dag.py:3239} INFO - Sync 1 DAGs
[2026-10-02T06:58:11.834+0000] {logging_mixin.py:190} INFO - [2026-10-02T06:58:11.834+0000] {dag.py:4180} INFO - Setting next_dagrun for water_quality_training_pipeline to None, run_after=None
[2026-10-02T06:58:11.859+0000] {processor.py:208} INFO - Processing /opt/airflow/dags/water_quality_pipeline_dag.py took 0.110 seconds
[2026-10-02T06:58:42.021+0000] {processor.py:186} INFO - Started process (PID=376) to work on /opt/airflow/dags/water_quality_pipeline_dag.py
[2026-10-02T06:58:42.024+0000] {processor.py:914} INFO - Processing file /opt/airflow/dags/water_quality_pipeline_dag.py for tasks to queue
[2026-10-02T06:58:42.027+0000] {logging_mixin.py:190} INFO - [2026-10-02T06:58:42.026+0000] {dagbag.py:588} INFO - Filling up the DagBag from /opt/airflow/dags/water_quality_pipeline_dag.py
[2026-10-02T06:58:42.041+0000] {processor.py:925} INFO - DAG(s) 'water_quality_training_pipeline' retrieved from /opt/airflow/dags/water_quality_pipeline_dag.py
[2026-10-02T06:58:42.080+0000] {logging_mixin.py:190} INFO - [2026-10-02T06:58:42.080+0000] {dag.py:3239} INFO - Sync 1 DAGs
[2026-10-02T06:58:42.100+0000] {logging_mixin.py:190} INFO - [2026-10-02T06:58:42.099+0000] {dag.py:4180} INFO - Setting next_dagrun for water_quality_training_pipeline to None, run_after=None
[2026-10-02T06:58:42.125+0000] {processor.py:208} INFO - Processing /opt/airflow/dags/water_quality_pipeline_dag.py took 0.111 seconds
[2026-10-02T06:59:12.377+0000] {processor.py:186} INFO - Started process (PID=397) to work on /opt/airflow/dags/water_quality_pipeline_dag.py
[2026-10-02T06:59:12.378+0000] {processor.py:914} INFO - Processing file /opt/airflow/dags/water_quality_pipeline_dag.py for tasks to queue
[2026-10-02T06:59:12.384+0000] {logging_mixin.py:190} INFO - [2026-10-02T06:59:12.383+0000] {dagbag.py:588} INFO - Filling up the DagBag from /opt/airflow/dags/water_quality_pipeline_dag.py
[2026-10-02T06:59:12.403+0000] {processor.py:925} INFO - DAG(s) 'water_quality_training_pipeline' retrieved from /opt/airflow/dags/water_quality_pipeline_dag.py
[2026-10-02T06:59:12.459+0000] {logging_mixin.py:190} INFO - [2026-10-02T06:59:12.458+0000] {dag.py:3239} INFO - Sync 1 DAGs
[2026-10-02T06:59:12.478+0000] {logging_mixin.py:190} INFO - [2026-10-02T06:59:12.477+0000] {dag.py:4180} INFO - Setting next_dagrun for water_quality_training_pipeline to None, run_after=None
[2026-10-02T06:59:12.508+0000] {processor.py:208} INFO - Processing /opt/airflow/dags/water_quality_pipeline_dag.py took 0.146 seconds
[2026-10-02T06:59:42.651+0000] {processor.py:186} INFO - Started process (PID=426) to work on /opt/airflow/dags/water_quality_pipeline_dag.py
[2026-10-02T06:59:42.655+0000] {processor.py:914} INFO - Processing file /opt/airflow/dags/water_quality_pipeline_dag.py for tasks to queue
[2026-10-02T06:59:42.658+0000] {logging_mixin.py:190} INFO - [2026-10-02T06:59:42.657+0000] {dagbag.py:588} INFO - Filling up the DagBag from /opt/airflow/dags/water_quality_pipeline_dag.py
[2026-10-02T06:59:42.672+0000] {processor.py:925} INFO - DAG(s) 'water_quality_training_pipeline' retrieved from /opt/airflow/dags/water_quality_pipeline_dag.py
[2026-10-02T06:59:42.714+0000] {logging_mixin.py:190} INFO - [2026-10-02T06:59:42.713+0000] {dag.py:3239} INFO - Sync 1 DAGs
[2026-10-02T06:59:42.732+0000] {logging_mixin.py:190} INFO - [2026-10-02T06:59:42.731+0000] {dag.py:4180} INFO - Setting next_dagrun for water_quality_training_pipeline to None, run_after=None
[2026-10-02T06:59:42.753+0000] {processor.py:208} INFO - Processing /opt/airflow/dags/water_quality_pipeline_dag.py took 0.112 seconds
[2026-10-02T07:00:13.027+0000] {processor.py:186} INFO - Started process (PID=447) to work on /opt/airflow/dags/water_quality_pipeline_dag.py
[2026-10-02T07:00:13.028+0000] {processor.py:914} INFO - Processing file /opt/airflow/dags/water_quality_pipeline_dag.py for tasks to queue
[2026-10-02T07:00:13.031+0000] {logging_mixin.py:190} INFO - [2026-10-02T07:00:13.030+0000] {dagbag.py:588} INFO - Filling up the DagBag from /opt/airflow/dags/water_quality_pipeline_dag.py
[2026-10-02T07:00:13.045+0000] {processor.py:925} INFO - DAG(s) 'water_quality_training_pipeline' retrieved from /opt/airflow/dags/water_quality_pipeline_dag.py
[2026-10-02T07:00:13.085+0000] {logging_mixin.py:190} INFO - [2026-10-02T07:00:13.085+0000] {dag.py:3239} INFO - Sync 1 DAGs
[2026-10-02T07:00:13.105+0000] {logging_mixin.py:190} INFO - [2026-10-02T07:00:13.105+0000] {dag.py:4180} INFO - Setting next_dagrun for water_quality_training_pipeline to None, run_after=None
[2026-10-02T07:00:13.129+0000] {processor.py:208} INFO - Processing /opt/airflow/dags/water_quality_pipeline_dag.py took 0.113 seconds
[2026-10-02T07:00:43.290+0000] {processor.py:186} INFO - Started process (PID=468) to work on /opt/airflow/dags/water_quality_pipeline_dag.py
[2026-10-02T07:00:43.292+0000] {processor.py:914} INFO - Processing file /opt/airflow/dags/water_quality_pipeline_dag.py for tasks to queue
[2026-10-02T07:00:43.296+0000] {logging_mixin.py:190} INFO - [2026-10-02T07:00:43.295+0000] {dagbag.py:588} INFO - Filling up the DagBag from /opt/airflow/dags/water_quality_pipeline_dag.py
[2026-10-02T07:00:43.309+0000] {processor.py:925} INFO - DAG(s) 'water_quality_training_pipeline' retrieved from /opt/airflow/dags/water_quality_pipeline_dag.py
[2026-10-02T07:00:43.353+0000] {logging_mixin.py:190} INFO - [2026-10-02T07:00:43.353+0000] {dag.py:3239} INFO - Sync 1 DAGs
[2026-10-02T07:00:43.373+0000] {logging_mixin.py:190} INFO - [2026-10-02T07:00:43.373+0000] {dag.py:4180} INFO - Setting next_dagrun for water_quality_training_pipeline to None, run_after=None
[2026-10-02T07:00:43.399+0000] {processor.py:208} INFO - Processing /opt/airflow/dags/water_quality_pipeline_dag.py took 0.123 seconds
[2026-10-02T07:01:13.630+0000] {processor.py:186} INFO - Started process (PID=497) to work on /opt/airflow/dags/water_quality_pipeline_dag.py
[2026-10-02T07:01:13.631+0000] {processor.py:914} INFO - Processing file /opt/airflow/dags/water_quality_pipeline_dag.py for tasks to queue
[2026-10-02T07:01:13.635+0000] {logging_mixin.py:190} INFO - [2026-10-02T07:01:13.634+0000] {dagbag.py:588} INFO - Filling up the DagBag from /opt/airflow/dags/water_quality_pipeline_dag.py
[2026-10-02T07:01:13.649+0000] {processor.py:925} INFO - DAG(s) 'water_quality_training_pipeline' retrieved from /opt/airflow/dags/water_quality_pipeline_dag.py
[2026-10-02T07:01:13.698+0000] {logging_mixin.py:190} INFO - [2026-10-02T07:01:13.697+0000] {dag.py:3239} INFO - Sync 1 DAGs
[2026-10-02T07:01:13.718+0000] {logging_mixin.py:190} INFO - [2026-10-02T07:01:13.717+0000] {dag.py:4180} INFO - Setting next_dagrun for water_quality_training_pipeline to None, run_after=None
[2026-10-02T07:01:13.741+0000] {processor.py:208} INFO - Processing /opt/airflow/dags/water_quality_pipeline_dag.py took 0.119 seconds
[2026-10-02T07:01:43.883+0000] {processor.py:186} INFO - Started process (PID=518) to work on /opt/airflow/dags/water_quality_pipeline_dag.py
[2026-10-02T07:01:43.886+0000] {processor.py:914} INFO - Processing file /opt/airflow/dags/water_quality_pipeline_dag.py for tasks to queue
[2026-10-02T07:01:43.889+0000] {logging_mixin.py:190} INFO - [2026-10-02T07:01:43.888+0000] {dagbag.py:588} INFO - Filling up the DagBag from /opt/airflow/dags/water_quality_pipeline_dag.py
[2026-10-02T07:01:43.903+0000] {processor.py:925} INFO - DAG(s) 'water_quality_training_pipeline' retrieved from /opt/airflow/dags/water_quality_pipeline_dag.py
[2026-10-02T07:01:43.947+0000] {logging_mixin.py:190} INFO - [2026-10-02T07:01:43.946+0000] {dag.py:3239} INFO - Sync 1 DAGs
[2026-10-02T07:01:43.965+0000] {logging_mixin.py:190} INFO - [2026-10-02T07:01:43.965+0000] {dag.py:4180} INFO - Setting next_dagrun for water_quality_training_pipeline to None, run_after=None
[2026-10-02T07:01:43.991+0000] {processor.py:208} INFO - Processing /opt/airflow/dags/water_quality_pipeline_dag.py took 0.116 seconds
[2026-10-02T07:02:14.256+0000] {processor.py:186} INFO - Started process (PID=547) to work on /opt/airflow/dags/water_quality_pipeline_dag.py
[2026-10-02T07:02:14.257+0000] {processor.py:914} INFO - Processing file /opt/airflow/dags/water_quality_pipeline_dag.py for tasks to queue
[2026-10-02T07:02:14.260+0000] {logging_mixin.py:190} INFO - [2026-10-02T07:02:14.260+0000] {dagbag.py:588} INFO - Filling up the DagBag from /opt/airflow/dags/water_quality_pipeline_dag.py
[2026-10-02T07:02:14.274+0000] {processor.py:925} INFO - DAG(s) 'water_quality_training_pipeline' retrieved from /opt/airflow/dags/water_quality_pipeline_dag.py
[2026-10-02T07:02:14.317+0000] {logging_mixin.py:190} INFO - [2026-10-02T07:02:14.316+0000] {dag.py:3239} INFO - Sync 1 DAGs
[2026-10-02T07:02:14.339+0000] {logging_mixin.py:190} INFO - [2026-10-02T07:02:14.339+0000] {dag.py:4180} INFO - Setting next_dagrun for water_quality_training_pipeline to None, run_after=None
[2026-10-02T07:02:14.375+0000] {processor.py:208} INFO - Processing /opt/airflow/dags/water_quality_pipeline_dag.py took 0.127 seconds
[2026-10-02T07:02:44.528+0000] {processor.py:186} INFO - Started process (PID=568) to work on /opt/airflow/dags/water_quality_pipeline_dag.py
[2026-10-02T07:02:44.530+0000] {processor.py:914} INFO - Processing file /opt/airflow/dags/water_quality_pipeline_dag.py for tasks to queue
[2026-10-02T07:02:44.534+0000] {logging_mixin.py:190} INFO - [2026-10-02T07:02:44.533+0000] {dagbag.py:588} INFO - Filling up the DagBag from /opt/airflow/dags/water_quality_pipeline_dag.py
[2026-10-02T07:02:44.549+0000] {processor.py:925} INFO - DAG(s) 'water_quality_training_pipeline' retrieved from /opt/airflow/dags/water_quality_pipeline_dag.py
[2026-10-02T07:02:44.594+0000] {logging_mixin.py:190} INFO - [2026-10-02T07:02:44.593+0000] {dag.py:3239} INFO - Sync 1 DAGs
[2026-10-02T07:02:44.631+0000] {logging_mixin.py:190} INFO - [2026-10-02T07:02:44.631+0000] {dag.py:4180} INFO - Setting next_dagrun for water_quality_training_pipeline to None, run_after=None
[2026-10-02T07:02:44.659+0000] {processor.py:208} INFO - Processing /opt/airflow/dags/water_quality_pipeline_dag.py took 0.142 seconds
[2026-10-02T07:03:14.900+0000] {processor.py:186} INFO - Started process (PID=590) to work on /opt/airflow/dags/water_quality_pipeline_dag.py
[2026-10-02T07:03:14.901+0000] {processor.py:914} INFO - Processing file /opt/airflow/dags/water_quality_pipeline_dag.py for tasks to queue
[2026-10-02T07:03:14.904+0000] {logging_mixin.py:190} INFO - [2026-10-02T07:03:14.904+0000] {dagbag.py:588} INFO - Filling up the DagBag from /opt/airflow/dags/water_quality_pipeline_dag.py
[2026-10-02T07:03:14.917+0000] {processor.py:925} INFO - DAG(s) 'water_quality_training_pipeline' retrieved from /opt/airflow/dags/water_quality_pipeline_dag.py
[2026-10-02T07:03:14.962+0000] {logging_mixin.py:190} INFO - [2026-10-02T07:03:14.961+0000] {dag.py:3239} INFO - Sync 1 DAGs
[2026-10-02T07:03:14.981+0000] {logging_mixin.py:190} INFO - [2026-10-02T07:03:14.980+0000] {dag.py:4180} INFO - Setting next_dagrun for water_quality_training_pipeline to None, run_after=None
[2026-10-02T07:03:15.008+0000] {processor.py:208} INFO - Processing /opt/airflow/dags/water_quality_pipeline_dag.py took 0.117 seconds
[2026-10-02T07:03:45.183+0000] {processor.py:186} INFO - Started process (PID=619) to work on /opt/airflow/dags/water_quality_pipeline_dag.py
[2026-10-02T07:03:45.186+0000] {processor.py:914} INFO - Processing file /opt/airflow/dags/water_quality_pipeline_dag.py for tasks to queue
[2026-10-02T07:03:45.190+0000] {logging_mixin.py:190} INFO - [2026-10-02T07:03:45.189+0000] {dagbag.py:588} INFO - Filling up the DagBag from /opt/airflow/dags/water_quality_pipeline_dag.py
[2026-10-02T07:03:45.203+0000] {processor.py:925} INFO - DAG(s) 'water_quality_training_pipeline' retrieved from /opt/airflow/dags/water_quality_pipeline_dag.py
[2026-10-02T07:03:45.243+0000] {logging_mixin.py:190} INFO - [2026-10-02T07:03:45.243+0000] {dag.py:3239} INFO - Sync 1 DAGs
[2026-10-02T07:03:45.263+0000] {logging_mixin.py:190} INFO - [2026-10-02T07:03:45.262+0000] {dag.py:4180} INFO - Setting next_dagrun for water_quality_training_pipeline to None, run_after=None
[2026-10-02T07:03:45.284+0000] {processor.py:208} INFO - Processing /opt/airflow/dags/water_quality_pipeline_dag.py took 0.111 seconds
[2026-10-02T07:04:15.538+0000] {processor.py:186} INFO - Started process (PID=640) to work on /opt/airflow/dags/water_quality_pipeline_dag.py
[2026-10-02T07:04:15.539+0000] {processor.py:914} INFO - Processing file /opt/airflow/dags/water_quality_pipeline_dag.py for tasks to queue
[2026-10-02T07:04:15.543+0000] {logging_mixin.py:190} INFO - [2026-10-02T07:04:15.542+0000] {dagbag.py:588} INFO - Filling up the DagBag from /opt/airflow/dags/water_quality_pipeline_dag.py
[2026-10-02T07:04:15.555+0000] {processor.py:925} INFO - DAG(s) 'water_quality_training_pipeline' retrieved from /opt/airflow/dags/water_quality_pipeline_dag.py
[2026-10-02T07:04:15.612+0000] {logging_mixin.py:190} INFO - [2026-10-02T07:04:15.611+0000] {dag.py:3239} INFO - Sync 1 DAGs
[2026-10-02T07:04:15.631+0000] {logging_mixin.py:190} INFO - [2026-10-02T07:04:15.631+0000] {dag.py:4180} INFO - Setting next_dagrun for water_quality_training_pipeline to None, run_after=None
[2026-10-02T07:04:15.658+0000] {processor.py:208} INFO - Processing /opt/airflow/dags/water_quality_pipeline_dag.py took 0.128 seconds
[2026-10-02T07:04:45.800+0000] {processor.py:186} INFO - Started process (PID=662) to work on /opt/airflow/dags/water_quality_pipeline_dag.py
[2026-10-02T07:04:45.802+0000] {processor.py:914} INFO - Processing file /opt/airflow/dags/water_quality_pipeline_dag.py for tasks to queue
[2026-10-02T07:04:45.805+0000] {logging_mixin.py:190} INFO - [2026-10-02T07:04:45.805+0000] {dagbag.py:588} INFO - Filling up the DagBag from /opt/airflow/dags/water_quality_pipeline_dag.py
[2026-10-02T07:04:45.818+0000] {processor.py:925} INFO - DAG(s) 'water_quality_training_pipeline' retrieved from /opt/airflow/dags/water_quality_pipeline_dag.py
[2026-10-02T07:04:45.857+0000] {logging_mixin.py:190} INFO - [2026-10-02T07:04:45.857+0000] {dag.py:3239} INFO - Sync 1 DAGs
[2026-10-02T07:04:45.878+0000] {logging_mixin.py:190} INFO - [2026-10-02T07:04:45.878+0000] {dag.py:4180} INFO - Setting next_dagrun for water_quality_training_pipeline to None, run_after=None
[2026-10-02T07:04:45.903+0000] {processor.py:208} INFO - Processing /opt/airflow/dags/water_quality_pipeline_dag.py took 0.113 seconds
[2026-10-02T07:05:16.173+0000] {processor.py:186} INFO - Started process (PID=714) to work on /opt/airflow/dags/water_quality_pipeline_dag.py
[2026-10-02T07:05:16.174+0000] {processor.py:914} INFO - Processing file /opt/airflow/dags/water_quality_pipeline_dag.py for tasks to queue
[2026-10-02T07:05:16.177+0000] {logging_mixin.py:190} INFO - [2026-10-02T07:05:16.176+0000] {dagbag.py:588} INFO - Filling up the DagBag from /opt/airflow/dags/water_quality_pipeline_dag.py
[2026-10-02T07:05:16.189+0000] {processor.py:925} INFO - DAG(s) 'water_quality_training_pipeline' retrieved from /opt/airflow/dags/water_quality_pipeline_dag.py
[2026-10-02T07:05:16.242+0000] {logging_mixin.py:190} INFO - [2026-10-02T07:05:16.241+0000] {dag.py:3239} INFO - Sync 1 DAGs
[2026-10-02T07:05:16.264+0000] {logging_mixin.py:190} INFO - [2026-10-02T07:05:16.263+0000] {dag.py:4180} INFO - Setting next_dagrun for water_quality_training_pipeline to None, run_after=None
[2026-10-02T07:05:16.291+0000] {processor.py:208} INFO - Processing /opt/airflow/dags/water_quality_pipeline_dag.py took 0.127 seconds
[2026-10-02T07:05:46.439+0000] {processor.py:186} INFO - Started process (PID=758) to work on /opt/airflow/dags/water_quality_pipeline_dag.py
[2026-10-02T07:05:46.442+0000] {processor.py:914} INFO - Processing file /opt/airflow/dags/water_quality_pipeline_dag.py for tasks to queue
[2026-10-02T07:05:46.448+0000] {logging_mixin.py:190} INFO - [2026-10-02T07:05:46.447+0000] {dagbag.py:588} INFO - Filling up the DagBag from /opt/airflow/dags/water_quality_pipeline_dag.py
[2026-10-02T07:05:46.463+0000] {processor.py:925} INFO - DAG(s) 'water_quality_training_pipeline' retrieved from /opt/airflow/dags/water_quality_pipeline_dag.py
[2026-10-02T07:05:46.513+0000] {logging_mixin.py:190} INFO - [2026-10-02T07:05:46.512+0000] {dag.py:3239} INFO - Sync 1 DAGs
[2026-10-02T07:05:46.537+0000] {logging_mixin.py:190} INFO - [2026-10-02T07:05:46.536+0000] {dag.py:4180} INFO - Setting next_dagrun for water_quality_training_pipeline to None, run_after=None
[2026-10-02T07:05:46.566+0000] {processor.py:208} INFO - Processing /opt/airflow/dags/water_quality_pipeline_dag.py took 0.141 seconds
[2026-10-02T07:06:16.789+0000] {processor.py:186} INFO - Started process (PID=787) to work on /opt/airflow/dags/water_quality_pipeline_dag.py
[2026-10-02T07:06:16.790+0000] {processor.py:914} INFO - Processing file /opt/airflow/dags/water_quality_pipeline_dag.py for tasks to queue
[2026-10-02T07:06:16.794+0000] {logging_mixin.py:190} INFO - [2026-10-02T07:06:16.793+0000] {dagbag.py:588} INFO - Filling up the DagBag from /opt/airflow/dags/water_quality_pipeline_dag.py
[2026-10-02T07:06:16.808+0000] {processor.py:925} INFO - DAG(s) 'water_quality_training_pipeline' retrieved from /opt/airflow/dags/water_quality_pipeline_dag.py
[2026-10-02T07:06:16.852+0000] {logging_mixin.py:190} INFO - [2026-10-02T07:06:16.851+0000] {dag.py:3239} INFO - Sync 1 DAGs
[2026-10-02T07:06:16.872+0000] {logging_mixin.py:190} INFO - [2026-10-02T07:06:16.872+0000] {dag.py:4180} INFO - Setting next_dagrun for water_quality_training_pipeline to None, run_after=None
[2026-10-02T07:06:16.900+0000] {processor.py:208} INFO - Processing /opt/airflow/dags/water_quality_pipeline_dag.py took 0.119 seconds
[2026-10-02T07:06:47.066+0000] {processor.py:186} INFO - Started process (PID=809) to work on /opt/airflow/dags/water_quality_pipeline_dag.py
[2026-10-02T07:06:47.069+0000] {processor.py:914} INFO - Processing file /opt/airflow/dags/water_quality_pipeline_dag.py for tasks to queue
[2026-10-02T07:06:47.072+0000] {logging_mixin.py:190} INFO - [2026-10-02T07:06:47.071+0000] {dagbag.py:588} INFO - Filling up the DagBag from /opt/airflow/dags/water_quality_pipeline_dag.py
[2026-10-02T07:06:47.083+0000] {processor.py:925} INFO - DAG(s) 'water_quality_training_pipeline' retrieved from /opt/airflow/dags/water_quality_pipeline_dag.py
[2026-10-02T07:06:47.119+0000] {logging_mixin.py:190} INFO - [2026-10-02T07:06:47.119+0000] {dag.py:3239} INFO - Sync 1 DAGs
[2026-10-02T07:06:47.138+0000] {logging_mixin.py:190} INFO - [2026-10-02T07:06:47.137+0000] {dag.py:4180} INFO - Setting next_dagrun for water_quality_training_pipeline to None, run_after=None
[2026-10-02T07:06:47.163+0000] {processor.py:208} INFO - Processing /opt/airflow/dags/water_quality_pipeline_dag.py took 0.107 seconds
[2026-10-02T07:07:17.411+0000] {processor.py:186} INFO - Started process (PID=830) to work on /opt/airflow/dags/water_quality_pipeline_dag.py
[2026-10-02T07:07:17.412+0000] {processor.py:914} INFO - Processing file /opt/airflow/dags/water_quality_pipeline_dag.py for tasks to queue
[2026-10-02T07:07:17.416+0000] {logging_mixin.py:190} INFO - [2026-10-02T07:07:17.415+0000] {dagbag.py:588} INFO - Filling up the DagBag from /opt/airflow/dags/water_quality_pipeline_dag.py
[2026-10-02T07:07:17.428+0000] {processor.py:925} INFO - DAG(s) 'water_quality_training_pipeline' retrieved from /opt/airflow/dags/water_quality_pipeline_dag.py
[2026-10-02T07:07:17.473+0000] {logging_mixin.py:190} INFO - [2026-10-02T07:07:17.473+0000] {dag.py:3239} INFO - Sync 1 DAGs
[2026-10-02T07:07:17.494+0000] {logging_mixin.py:190} INFO - [2026-10-02T07:07:17.494+0000] {dag.py:4180} INFO - Setting next_dagrun for water_quality_training_pipeline to None, run_after=None
[2026-10-02T07:07:17.518+0000] {processor.py:208} INFO - Processing /opt/airflow/dags/water_quality_pipeline_dag.py took 0.120 seconds
[2026-10-02T07:07:47.669+0000] {processor.py:186} INFO - Started process (PID=859) to work on /opt/airflow/dags/water_quality_pipeline_dag.py
[2026-10-02T07:07:47.672+0000] {processor.py:914} INFO - Processing file /opt/airflow/dags/water_quality_pipeline_dag.py for tasks to queue
[2026-10-02T07:07:47.675+0000] {logging_mixin.py:190} INFO - [2026-10-02T07:07:47.674+0000] {dagbag.py:588} INFO - Filling up the DagBag from /opt/airflow/dags/water_quality_pipeline_dag.py
[2026-10-02T07:07:47.686+0000] {processor.py:925} INFO - DAG(s) 'water_quality_training_pipeline' retrieved from /opt/airflow/dags/water_quality_pipeline_dag.py
[2026-10-02T07:07:47.722+0000] {logging_mixin.py:190} INFO - [2026-10-02T07:07:47.722+0000] {dag.py:3239} INFO - Sync 1 DAGs
[2026-10-02T07:07:47.739+0000] {logging_mixin.py:190} INFO - [2026-10-02T07:07:47.739+0000] {dag.py:4180} INFO - Setting next_dagrun for water_quality_training_pipeline to None, run_after=None
[2026-10-02T07:07:47.773+0000] {processor.py:208} INFO - Processing /opt/airflow/dags/water_quality_pipeline_dag.py took 0.114 seconds
[2026-10-02T07:08:18.061+0000] {processor.py:186} INFO - Started process (PID=880) to work on /opt/airflow/dags/water_quality_pipeline_dag.py
[2026-10-02T07:08:18.062+0000] {processor.py:914} INFO - Processing file /opt/airflow/dags/water_quality_pipeline_dag.py for tasks to queue
[2026-10-02T07:08:18.065+0000] {logging_mixin.py:190} INFO - [2026-10-02T07:08:18.064+0000] {dagbag.py:588} INFO - Filling up the DagBag from /opt/airflow/dags/water_quality_pipeline_dag.py
[2026-10-02T07:08:18.079+0000] {processor.py:925} INFO - DAG(s) 'water_quality_training_pipeline' retrieved from /opt/airflow/dags/water_quality_pipeline_dag.py
[2026-10-02T07:08:18.128+0000] {logging_mixin.py:190} INFO - [2026-10-02T07:08:18.127+0000] {dag.py:3239} INFO - Sync 1 DAGs
[2026-10-02T07:08:18.143+0000] {logging_mixin.py:190} INFO - [2026-10-02T07:08:18.143+0000] {dag.py:4180} INFO - Setting next_dagrun for water_quality_training_pipeline to None, run_after=None
[2026-10-02T07:08:18.164+0000] {processor.py:208} INFO - Processing /opt/airflow/dags/water_quality_pipeline_dag.py took 0.112 seconds
[2026-10-02T07:08:48.330+0000] {processor.py:186} INFO - Started process (PID=901) to work on /opt/airflow/dags/water_quality_pipeline_dag.py
[2026-10-02T07:08:48.332+0000] {processor.py:914} INFO - Processing file /opt/airflow/dags/water_quality_pipeline_dag.py for tasks to queue
[2026-10-02T07:08:48.335+0000] {logging_mixin.py:190} INFO - [2026-10-02T07:08:48.335+0000] {dagbag.py:588} INFO - Filling up the DagBag from /opt/airflow/dags/water_quality_pipeline_dag.py
[2026-10-02T07:08:48.350+0000] {processor.py:925} INFO - DAG(s) 'water_quality_training_pipeline' retrieved from /opt/airflow/dags/water_quality_pipeline_dag.py
[2026-10-02T07:08:48.390+0000] {logging_mixin.py:190} INFO - [2026-10-02T07:08:48.390+0000] {dag.py:3239} INFO - Sync 1 DAGs
[2026-10-02T07:08:48.410+0000] {logging_mixin.py:190} INFO - [2026-10-02T07:08:48.410+0000] {dag.py:4180} INFO - Setting next_dagrun for water_quality_training_pipeline to None, run_after=None
[2026-10-02T07:08:48.438+0000] {processor.py:208} INFO - Processing /opt/airflow/dags/water_quality_pipeline_dag.py took 0.120 seconds
[2026-10-02T07:09:18.648+0000] {processor.py:186} INFO - Started process (PID=930) to work on /opt/airflow/dags/water_quality_pipeline_dag.py
[2026-10-02T07:09:18.649+0000] {processor.py:914} INFO - Processing file /opt/airflow/dags/water_quality_pipeline_dag.py for tasks to queue
[2026-10-02T07:09:18.652+0000] {logging_mixin.py:190} INFO - [2026-10-02T07:09:18.652+0000] {dagbag.py:588} INFO - Filling up the DagBag from /opt/airflow/dags/water_quality_pipeline_dag.py
[2026-10-02T07:09:18.666+0000] {processor.py:925} INFO - DAG(s) 'water_quality_training_pipeline' retrieved from /opt/airflow/dags/water_quality_pipeline_dag.py
[2026-10-02T07:09:18.710+0000] {logging_mixin.py:190} INFO - [2026-10-02T07:09:18.710+0000] {dag.py:3239} INFO - Sync 1 DAGs
[2026-10-02T07:09:18.731+0000] {logging_mixin.py:190} INFO - [2026-10-02T07:09:18.730+0000] {dag.py:4180} INFO - Setting next_dagrun for water_quality_training_pipeline to None, run_after=None
[2026-10-02T07:09:18.764+0000] {processor.py:208} INFO - Processing /opt/airflow/dags/water_quality_pipeline_dag.py took 0.124 seconds
[2026-10-02T07:09:48.954+0000] {processor.py:186} INFO - Started process (PID=950) to work on /opt/airflow/dags/water_quality_pipeline_dag.py
[2026-10-02T07:09:48.956+0000] {processor.py:914} INFO - Processing file /opt/airflow/dags/water_quality_pipeline_dag.py for tasks to queue
[2026-10-02T07:09:48.959+0000] {logging_mixin.py:190} INFO - [2026-10-02T07:09:48.959+0000] {dagbag.py:588} INFO - Filling up the DagBag from /opt/airflow/dags/water_quality_pipeline_dag.py
[2026-10-02T07:09:48.972+0000] {processor.py:925} INFO - DAG(s) 'water_quality_training_pipeline' retrieved from /opt/airflow/dags/water_quality_pipeline_dag.py
[2026-10-02T07:09:49.008+0000] {logging_mixin.py:190} INFO - [2026-10-02T07:09:49.008+0000] {dag.py:3239} INFO - Sync 1 DAGs
[2026-10-02T07:09:49.024+0000] {logging_mixin.py:190} INFO - [2026-10-02T07:09:49.024+0000] {dag.py:4180} INFO - Setting next_dagrun for water_quality_training_pipeline to None, run_after=None
[2026-10-02T07:09:49.044+0000] {processor.py:208} INFO - Processing /opt/airflow/dags/water_quality_pipeline_dag.py took 0.099 seconds
[2026-10-02T07:10:19.278+0000] {processor.py:186} INFO - Started process (PID=978) to work on /opt/airflow/dags/water_quality_pipeline_dag.py
[2026-10-02T07:10:19.279+0000] {processor.py:914} INFO - Processing file /opt/airflow/dags/water_quality_pipeline_dag.py for tasks to queue
[2026-10-02T07:10:19.283+0000] {logging_mixin.py:190} INFO - [2026-10-02T07:10:19.282+0000] {dagbag.py:588} INFO - Filling up the DagBag from /opt/airflow/dags/water_quality_pipeline_dag.py
[2026-10-02T07:10:19.294+0000] {processor.py:925} INFO - DAG(s) 'water_quality_training_pipeline' retrieved from /opt/airflow/dags/water_quality_pipeline_dag.py
[2026-10-02T07:10:19.354+0000] {logging_mixin.py:190} INFO - [2026-10-02T07:10:19.353+0000] {dag.py:3239} INFO - Sync 1 DAGs
[2026-10-02T07:10:19.376+0000] {logging_mixin.py:190} INFO - [2026-10-02T07:10:19.375+0000] {dag.py:4180} INFO - Setting next_dagrun for water_quality_training_pipeline to None, run_after=None
[2026-10-02T07:10:19.406+0000] {processor.py:208} INFO - Processing /opt/airflow/dags/water_quality_pipeline_dag.py took 0.137 seconds
[2026-10-02T07:10:49.556+0000] {processor.py:186} INFO - Started process (PID=1000) to work on /opt/airflow/dags/water_quality_pipeline_dag.py
[2026-10-02T07:10:49.558+0000] {processor.py:914} INFO - Processing file /opt/airflow/dags/water_quality_pipeline_dag.py for tasks to queue
[2026-10-02T07:10:49.562+0000] {logging_mixin.py:190} INFO - [2026-10-02T07:10:49.562+0000] {dagbag.py:588} INFO - Filling up the DagBag from /opt/airflow/dags/water_quality_pipeline_dag.py
[2026-10-02T07:10:49.574+0000] {processor.py:925} INFO - DAG(s) 'water_quality_training_pipeline' retrieved from /opt/airflow/dags/water_quality_pipeline_dag.py
[2026-10-02T07:10:49.610+0000] {logging_mixin.py:190} INFO - [2026-10-02T07:10:49.610+0000] {dag.py:3239} INFO - Sync 1 DAGs
[2026-10-02T07:10:49.633+0000] {logging_mixin.py:190} INFO - [2026-10-02T07:10:49.633+0000] {dag.py:4180} INFO - Setting next_dagrun for water_quality_training_pipeline to None, run_after=None
[2026-10-02T07:10:49.659+0000] {processor.py:208} INFO - Processing /opt/airflow/dags/water_quality_pipeline_dag.py took 0.114 seconds
[2026-10-02T07:11:19.927+0000] {processor.py:186} INFO - Started process (PID=1021) to work on /opt/airflow/dags/water_quality_pipeline_dag.py
[2026-10-02T07:11:19.928+0000] {processor.py:914} INFO - Processing file /opt/airflow/dags/water_quality_pipeline_dag.py for tasks to queue
[2026-10-02T07:11:19.932+0000] {logging_mixin.py:190} INFO - [2026-10-02T07:11:19.931+0000] {dagbag.py:588} INFO - Filling up the DagBag from /opt/airflow/dags/water_quality_pipeline_dag.py
[2026-10-02T07:11:19.946+0000] {processor.py:925} INFO - DAG(s) 'water_quality_training_pipeline' retrieved from /opt/airflow/dags/water_quality_pipeline_dag.py
[2026-10-02T07:11:19.988+0000] {logging_mixin.py:190} INFO - [2026-10-02T07:11:19.988+0000] {dag.py:3239} INFO - Sync 1 DAGs
[2026-10-02T07:11:20.009+0000] {logging_mixin.py:190} INFO - [2026-10-02T07:11:20.009+0000] {dag.py:4180} INFO - Setting next_dagrun for water_quality_training_pipeline to None, run_after=None
[2026-10-02T07:11:20.034+0000] {processor.py:208} INFO - Processing /opt/airflow/dags/water_quality_pipeline_dag.py took 0.117 seconds
[2026-10-02T07:11:50.184+0000] {processor.py:186} INFO - Started process (PID=1050) to work on /opt/airflow/dags/water_quality_pipeline_dag.py
[2026-10-02T07:11:50.187+0000] {processor.py:914} INFO - Processing file /opt/airflow/dags/water_quality_pipeline_dag.py for tasks to queue
[2026-10-02T07:11:50.191+0000] {logging_mixin.py:190} INFO - [2026-10-02T07:11:50.190+0000] {dagbag.py:588} INFO - Filling up the DagBag from /opt/airflow/dags/water_quality_pipeline_dag.py
[2026-10-02T07:11:50.201+0000] {processor.py:925} INFO - DAG(s) 'water_quality_training_pipeline' retrieved from /opt/airflow/dags/water_quality_pipeline_dag.py
[2026-10-02T07:11:50.237+0000] {logging_mixin.py:190} INFO - [2026-10-02T07:11:50.237+0000] {dag.py:3239} INFO - Sync 1 DAGs
[2026-10-02T07:11:50.255+0000] {logging_mixin.py:190} INFO - [2026-10-02T07:11:50.254+0000] {dag.py:4180} INFO - Setting next_dagrun for water_quality_training_pipeline to None, run_after=None
[2026-10-02T07:11:50.281+0000] {processor.py:208} INFO - Processing /opt/airflow/dags/water_quality_pipeline_dag.py took 0.107 seconds
[2026-10-02T07:12:20.540+0000] {processor.py:186} INFO - Started process (PID=1071) to work on /opt/airflow/dags/water_quality_pipeline_dag.py
[2026-10-02T07:12:20.540+0000] {processor.py:914} INFO - Processing file /opt/airflow/dags/water_quality_pipeline_dag.py for tasks to queue
[2026-10-02T07:12:20.543+0000] {logging_mixin.py:190} INFO - [2026-10-02T07:12:20.543+0000] {dagbag.py:588} INFO - Filling up the DagBag from /opt/airflow/dags/water_quality_pipeline_dag.py
[2026-10-02T07:12:20.556+0000] {processor.py:925} INFO - DAG(s) 'water_quality_training_pipeline' retrieved from /opt/airflow/dags/water_quality_pipeline_dag.py
[2026-10-02T07:12:20.601+0000] {logging_mixin.py:190} INFO - [2026-10-02T07:12:20.601+0000] {dag.py:3239} INFO - Sync 1 DAGs
[2026-10-02T07:12:20.620+0000] {logging_mixin.py:190} INFO - [2026-10-02T07:12:20.620+0000] {dag.py:4180} INFO - Setting next_dagrun for water_quality_training_pipeline to None, run_after=None
[2026-10-02T07:12:20.645+0000] {processor.py:208} INFO - Processing /opt/airflow/dags/water_quality_pipeline_dag.py took 0.114 seconds
[2026-10-02T07:12:50.790+0000] {processor.py:186} INFO - Started process (PID=1100) to work on /opt/airflow/dags/water_quality_pipeline_dag.py
[2026-10-02T07:12:50.793+0000] {processor.py:914} INFO - Processing file /opt/airflow/dags/water_quality_pipeline_dag.py for tasks to queue
[2026-10-02T07:12:50.795+0000] {logging_mixin.py:190} INFO - [2026-10-02T07:12:50.795+0000] {dagbag.py:588} INFO - Filling up the DagBag from /opt/airflow/dags/water_quality_pipeline_dag.py
[2026-10-02T07:12:50.811+0000] {processor.py:925} INFO - DAG(s) 'water_quality_training_pipeline' retrieved from /opt/airflow/dags/water_quality_pipeline_dag.py
[2026-10-02T07:12:50.852+0000] {logging_mixin.py:190} INFO - [2026-10-02T07:12:50.852+0000] {dag.py:3239} INFO - Sync 1 DAGs
[2026-10-02T07:12:50.873+0000] {logging_mixin.py:190} INFO - [2026-10-02T07:12:50.873+0000] {dag.py:4180} INFO - Setting next_dagrun for water_quality_training_pipeline to None, run_after=None
[2026-10-02T07:12:50.907+0000] {processor.py:208} INFO - Processing /opt/airflow/dags/water_quality_pipeline_dag.py took 0.129 seconds
[2026-10-02T07:13:21.147+0000] {processor.py:186} INFO - Started process (PID=1122) to work on /opt/airflow/dags/water_quality_pipeline_dag.py
[2026-10-02T07:13:21.150+0000] {processor.py:914} INFO - Processing file /opt/airflow/dags/water_quality_pipeline_dag.py for tasks to queue
[2026-10-02T07:13:21.153+0000] {logging_mixin.py:190} INFO - [2026-10-02T07:13:21.152+0000] {dagbag.py:588} INFO - Filling up the DagBag from /opt/airflow/dags/water_quality_pipeline_dag.py
[2026-10-02T07:13:21.167+0000] {processor.py:925} INFO - DAG(s) 'water_quality_training_pipeline' retrieved from /opt/airflow/dags/water_quality_pipeline_dag.py
[2026-10-02T07:13:21.213+0000] {logging_mixin.py:190} INFO - [2026-10-02T07:13:21.213+0000] {dag.py:3239} INFO - Sync 1 DAGs
[2026-10-02T07:13:21.232+0000] {logging_mixin.py:190} INFO - [2026-10-02T07:13:21.232+0000] {dag.py:4180} INFO - Setting next_dagrun for water_quality_training_pipeline to None, run_after=None
[2026-10-02T07:13:21.257+0000] {processor.py:208} INFO - Processing /opt/airflow/dags/water_quality_pipeline_dag.py took 0.120 seconds
[2026-10-02T07:13:51.391+0000] {processor.py:186} INFO - Started process (PID=1143) to work on /opt/airflow/dags/water_quality_pipeline_dag.py
[2026-10-02T07:13:51.394+0000] {processor.py:914} INFO - Processing file /opt/airflow/dags/water_quality_pipeline_dag.py for tasks to queue
[2026-10-02T07:13:51.397+0000] {logging_mixin.py:190} INFO - [2026-10-02T07:13:51.396+0000] {dagbag.py:588} INFO - Filling up the DagBag from /opt/airflow/dags/water_quality_pipeline_dag.py
[2026-10-02T07:13:51.411+0000] {processor.py:925} INFO - DAG(s) 'water_quality_training_pipeline' retrieved from /opt/airflow/dags/water_quality_pipeline_dag.py
[2026-10-02T07:13:51.455+0000] {logging_mixin.py:190} INFO - [2026-10-02T07:13:51.455+0000] {dag.py:3239} INFO - Sync 1 DAGs
[2026-10-02T07:13:51.474+0000] {logging_mixin.py:190} INFO - [2026-10-02T07:13:51.474+0000] {dag.py:4180} INFO - Setting next_dagrun for water_quality_training_pipeline to None, run_after=None
[2026-10-02T07:13:51.494+0000] {processor.py:208} INFO - Processing /opt/airflow/dags/water_quality_pipeline_dag.py took 0.112 seconds
[2026-10-02T07:14:21.794+0000] {processor.py:186} INFO - Started process (PID=1172) to work on /opt/airflow/dags/water_quality_pipeline_dag.py
[2026-10-02T07:14:21.797+0000] {processor.py:914} INFO - Processing file /opt/airflow/dags/water_quality_pipeline_dag.py for tasks to queue
[2026-10-02T07:14:21.800+0000] {logging_mixin.py:190} INFO - [2026-10-02T07:14:21.799+0000] {dagbag.py:588} INFO - Filling up the DagBag from /opt/airflow/dags/water_quality_pipeline_dag.py
[2026-10-02T07:14:21.813+0000] {processor.py:925} INFO - DAG(s) 'water_quality_training_pipeline' retrieved from /opt/airflow/dags/water_quality_pipeline_dag.py
[2026-10-02T07:14:21.858+0000] {logging_mixin.py:190} INFO - [2026-10-02T07:14:21.858+0000] {dag.py:3239} INFO - Sync 1 DAGs
[2026-10-02T07:14:21.878+0000] {logging_mixin.py:190} INFO - [2026-10-02T07:14:21.878+0000] {dag.py:4180} INFO - Setting next_dagrun for water_quality_training_pipeline to None, run_after=None
[2026-10-02T07:14:21.900+0000] {processor.py:208} INFO - Processing /opt/airflow/dags/water_quality_pipeline_dag.py took 0.115 seconds
[2026-10-02T07:14:52.076+0000] {processor.py:186} INFO - Started process (PID=1193) to work on /opt/airflow/dags/water_quality_pipeline_dag.py
[2026-10-02T07:14:52.078+0000] {processor.py:914} INFO - Processing file /opt/airflow/dags/water_quality_pipeline_dag.py for tasks to queue
[2026-10-02T07:14:52.082+0000] {logging_mixin.py:190} INFO - [2026-10-02T07:14:52.082+0000] {dagbag.py:588} INFO - Filling up the DagBag from /opt/airflow/dags/water_quality_pipeline_dag.py
[2026-10-02T07:14:52.096+0000] {processor.py:925} INFO - DAG(s) 'water_quality_training_pipeline' retrieved from /opt/airflow/dags/water_quality_pipeline_dag.py
[2026-10-02T07:14:52.139+0000] {logging_mixin.py:190} INFO - [2026-10-02T07:14:52.138+0000] {dag.py:3239} INFO - Sync 1 DAGs
[2026-10-02T07:14:52.165+0000] {logging_mixin.py:190} INFO - [2026-10-02T07:14:52.164+0000] {dag.py:4180} INFO - Setting next_dagrun for water_quality_training_pipeline to None, run_after=None
[2026-10-02T07:14:52.195+0000] {processor.py:208} INFO - Processing /opt/airflow/dags/water_quality_pipeline_dag.py took 0.129 seconds
[2026-10-02T07:15:22.413+0000] {processor.py:186} INFO - Started process (PID=1215) to work on /opt/airflow/dags/water_quality_pipeline_dag.py
[2026-10-02T07:15:22.414+0000] {processor.py:914} INFO - Processing file /opt/airflow/dags/water_quality_pipeline_dag.py for tasks to queue
[2026-10-02T07:15:22.418+0000] {logging_mixin.py:190} INFO - [2026-10-02T07:15:22.418+0000] {dagbag.py:588} INFO - Filling up the DagBag from /opt/airflow/dags/water_quality_pipeline_dag.py
[2026-10-02T07:15:22.433+0000] {processor.py:925} INFO - DAG(s) 'water_quality_training_pipeline' retrieved from /opt/airflow/dags/water_quality_pipeline_dag.py
[2026-10-02T07:15:22.479+0000] {logging_mixin.py:190} INFO - [2026-10-02T07:15:22.479+0000] {dag.py:3239} INFO - Sync 1 DAGs
[2026-10-02T07:15:22.499+0000] {logging_mixin.py:190} INFO - [2026-10-02T07:15:22.499+0000] {dag.py:4180} INFO - Setting next_dagrun for water_quality_training_pipeline to None, run_after=None
[2026-10-02T07:15:22.520+0000] {processor.py:208} INFO - Processing /opt/airflow/dags/water_quality_pipeline_dag.py took 0.122 seconds
[2026-10-02T07:15:52.682+0000] {processor.py:186} INFO - Started process (PID=1242) to work on /opt/airflow/dags/water_quality_pipeline_dag.py
[2026-10-02T07:15:52.683+0000] {processor.py:914} INFO - Processing file /opt/airflow/dags/water_quality_pipeline_dag.py for tasks to queue
[2026-10-02T07:15:52.687+0000] {logging_mixin.py:190} INFO - [2026-10-02T07:15:52.686+0000] {dagbag.py:588} INFO - Filling up the DagBag from /opt/airflow/dags/water_quality_pipeline_dag.py
[2026-10-02T07:15:52.701+0000] {processor.py:925} INFO - DAG(s) 'water_quality_training_pipeline' retrieved from /opt/airflow/dags/water_quality_pipeline_dag.py
[2026-10-02T07:15:52.741+0000] {logging_mixin.py:190} INFO - [2026-10-02T07:15:52.741+0000] {dag.py:3239} INFO - Sync 1 DAGs
[2026-10-02T07:15:52.762+0000] {logging_mixin.py:190} INFO - [2026-10-02T07:15:52.761+0000] {dag.py:4180} INFO - Setting next_dagrun for water_quality_training_pipeline to None, run_after=None
[2026-10-02T07:15:52.788+0000] {processor.py:208} INFO - Processing /opt/airflow/dags/water_quality_pipeline_dag.py took 0.115 seconds
[2026-10-02T07:16:23.014+0000] {processor.py:186} INFO - Started process (PID=1263) to work on /opt/airflow/dags/water_quality_pipeline_dag.py
[2026-10-02T07:16:23.014+0000] {processor.py:914} INFO - Processing file /opt/airflow/dags/water_quality_pipeline_dag.py for tasks to queue
[2026-10-02T07:16:23.017+0000] {logging_mixin.py:190} INFO - [2026-10-02T07:16:23.017+0000] {dagbag.py:588} INFO - Filling up the DagBag from /opt/airflow/dags/water_quality_pipeline_dag.py
[2026-10-02T07:16:23.031+0000] {processor.py:925} INFO - DAG(s) 'water_quality_training_pipeline' retrieved from /opt/airflow/dags/water_quality_pipeline_dag.py
[2026-10-02T07:16:23.071+0000] {logging_mixin.py:190} INFO - [2026-10-02T07:16:23.071+0000] {dag.py:3239} INFO - Sync 1 DAGs
[2026-10-02T07:16:23.091+0000] {logging_mixin.py:190} INFO - [2026-10-02T07:16:23.091+0000] {dag.py:4180} INFO - Setting next_dagrun for water_quality_training_pipeline to None, run_after=None
[2026-10-02T07:16:23.117+0000] {processor.py:208} INFO - Processing /opt/airflow/dags/water_quality_pipeline_dag.py took 0.113 seconds
[2026-10-02T07:16:53.282+0000] {processor.py:186} INFO - Started process (PID=1291) to work on /opt/airflow/dags/water_quality_pipeline_dag.py
[2026-10-02T07:16:53.285+0000] {processor.py:914} INFO - Processing file /opt/airflow/dags/water_quality_pipeline_dag.py for tasks to queue
[2026-10-02T07:16:53.288+0000] {logging_mixin.py:190} INFO - [2026-10-02T07:16:53.287+0000] {dagbag.py:588} INFO - Filling up the DagBag from /opt/airflow/dags/water_quality_pipeline_dag.py
[2026-10-02T07:16:53.302+0000] {processor.py:925} INFO - DAG(s) 'water_quality_training_pipeline' retrieved from /opt/airflow/dags/water_quality_pipeline_dag.py
[2026-10-02T07:16:53.348+0000] {logging_mixin.py:190} INFO - [2026-10-02T07:16:53.347+0000] {dag.py:3239} INFO - Sync 1 DAGs
[2026-10-02T07:16:53.364+0000] {logging_mixin.py:190} INFO - [2026-10-02T07:16:53.364+0000] {dag.py:4180} INFO - Setting next_dagrun for water_quality_training_pipeline to None, run_after=None
[2026-10-02T07:16:53.379+0000] {processor.py:208} INFO - Processing /opt/airflow/dags/water_quality_pipeline_dag.py took 0.107 seconds
[2026-10-02T07:17:23.635+0000] {processor.py:186} INFO - Started process (PID=1312) to work on /opt/airflow/dags/water_quality_pipeline_dag.py
[2026-10-02T07:17:23.636+0000] {processor.py:914} INFO - Processing file /opt/airflow/dags/water_quality_pipeline_dag.py for tasks to queue
[2026-10-02T07:17:23.639+0000] {logging_mixin.py:190} INFO - [2026-10-02T07:17:23.639+0000] {dagbag.py:588} INFO - Filling up the DagBag from /opt/airflow/dags/water_quality_pipeline_dag.py
[2026-10-02T07:17:23.654+0000] {processor.py:925} INFO - DAG(s) 'water_quality_training_pipeline' retrieved from /opt/airflow/dags/water_quality_pipeline_dag.py
[2026-10-02T07:17:23.695+0000] {logging_mixin.py:190} INFO - [2026-10-02T07:17:23.694+0000] {dag.py:3239} INFO - Sync 1 DAGs
[2026-10-02T07:17:23.716+0000] {logging_mixin.py:190} INFO - [2026-10-02T07:17:23.716+0000] {dag.py:4180} INFO - Setting next_dagrun for water_quality_training_pipeline to None, run_after=None
[2026-10-02T07:17:23.737+0000] {processor.py:208} INFO - Processing /opt/airflow/dags/water_quality_pipeline_dag.py took 0.112 seconds
[2026-10-02T07:17:53.895+0000] {processor.py:186} INFO - Started process (PID=1333) to work on /opt/airflow/dags/water_quality_pipeline_dag.py
[2026-10-02T07:17:53.898+0000] {processor.py:914} INFO - Processing file /opt/airflow/dags/water_quality_pipeline_dag.py for tasks to queue
[2026-10-02T07:17:53.901+0000] {logging_mixin.py:190} INFO - [2026-10-02T07:17:53.900+0000] {dagbag.py:588} INFO - Filling up the DagBag from /opt/airflow/dags/water_quality_pipeline_dag.py
[2026-10-02T07:17:53.912+0000] {processor.py:925} INFO - DAG(s) 'water_quality_training_pipeline' retrieved from /opt/airflow/dags/water_quality_pipeline_dag.py
[2026-10-02T07:17:53.949+0000] {logging_mixin.py:190} INFO - [2026-10-02T07:17:53.949+0000] {dag.py:3239} INFO - Sync 1 DAGs
[2026-10-02T07:17:53.971+0000] {logging_mixin.py:190} INFO - [2026-10-02T07:17:53.970+0000] {dag.py:4180} INFO - Setting next_dagrun for water_quality_training_pipeline to None, run_after=None
[2026-10-02T07:17:53.993+0000] {processor.py:208} INFO - Processing /opt/airflow/dags/water_quality_pipeline_dag.py took 0.108 seconds
[2026-10-02T07:18:24.241+0000] {processor.py:186} INFO - Started process (PID=1362) to work on /opt/airflow/dags/water_quality_pipeline_dag.py
[2026-10-02T07:18:24.242+0000] {processor.py:914} INFO - Processing file /opt/airflow/dags/water_quality_pipeline_dag.py for tasks to queue
[2026-10-02T07:18:24.245+0000] {logging_mixin.py:190} INFO - [2026-10-02T07:18:24.244+0000] {dagbag.py:588} INFO - Filling up the DagBag from /opt/airflow/dags/water_quality_pipeline_dag.py
[2026-10-02T07:18:24.258+0000] {processor.py:925} INFO - DAG(s) 'water_quality_training_pipeline' retrieved from /opt/airflow/dags/water_quality_pipeline_dag.py
[2026-10-02T07:18:24.295+0000] {logging_mixin.py:190} INFO - [2026-10-02T07:18:24.295+0000] {dag.py:3239} INFO - Sync 1 DAGs
[2026-10-02T07:18:24.316+0000] {logging_mixin.py:190} INFO - [2026-10-02T07:18:24.316+0000] {dag.py:4180} INFO - Setting next_dagrun for water_quality_training_pipeline to None, run_after=None
[2026-10-02T07:18:24.337+0000] {processor.py:208} INFO - Processing /opt/airflow/dags/water_quality_pipeline_dag.py took 0.110 seconds
[2026-10-02T07:18:54.509+0000] {processor.py:186} INFO - Started process (PID=1382) to work on /opt/airflow/dags/water_quality_pipeline_dag.py
[2026-10-02T07:18:54.511+0000] {processor.py:914} INFO - Processing file /opt/airflow/dags/water_quality_pipeline_dag.py for tasks to queue
[2026-10-02T07:18:54.515+0000] {logging_mixin.py:190} INFO - [2026-10-02T07:18:54.514+0000] {dagbag.py:588} INFO - Filling up the DagBag from /opt/airflow/dags/water_quality_pipeline_dag.py
[2026-10-02T07:18:54.529+0000] {processor.py:925} INFO - DAG(s) 'water_quality_training_pipeline' retrieved from /opt/airflow/dags/water_quality_pipeline_dag.py
[2026-10-02T07:18:54.564+0000] {logging_mixin.py:190} INFO - [2026-10-02T07:18:54.563+0000] {dag.py:3239} INFO - Sync 1 DAGs
[2026-10-02T07:18:54.582+0000] {logging_mixin.py:190} INFO - [2026-10-02T07:18:54.582+0000] {dag.py:4180} INFO - Setting next_dagrun for water_quality_training_pipeline to None, run_after=None
[2026-10-02T07:18:54.607+0000] {processor.py:208} INFO - Processing /opt/airflow/dags/water_quality_pipeline_dag.py took 0.109 seconds
[2026-10-02T07:19:24.837+0000] {processor.py:186} INFO - Started process (PID=1411) to work on /opt/airflow/dags/water_quality_pipeline_dag.py
[2026-10-02T07:19:24.838+0000] {processor.py:914} INFO - Processing file /opt/airflow/dags/water_quality_pipeline_dag.py for tasks to queue
[2026-10-02T07:19:24.842+0000] {logging_mixin.py:190} INFO - [2026-10-02T07:19:24.841+0000] {dagbag.py:588} INFO - Filling up the DagBag from /opt/airflow/dags/water_quality_pipeline_dag.py
[2026-10-02T07:19:24.854+0000] {processor.py:925} INFO - DAG(s) 'water_quality_training_pipeline' retrieved from /opt/airflow/dags/water_quality_pipeline_dag.py
[2026-10-02T07:19:24.896+0000] {logging_mixin.py:190} INFO - [2026-10-02T07:19:24.895+0000] {dag.py:3239} INFO - Sync 1 DAGs
[2026-10-02T07:19:24.914+0000] {logging_mixin.py:190} INFO - [2026-10-02T07:19:24.914+0000] {dag.py:4180} INFO - Setting next_dagrun for water_quality_training_pipeline to None, run_after=None
[2026-10-02T07:19:24.939+0000] {processor.py:208} INFO - Processing /opt/airflow/dags/water_quality_pipeline_dag.py took 0.115 seconds
[2026-10-02T07:19:55.123+0000] {processor.py:186} INFO - Started process (PID=1433) to work on /opt/airflow/dags/water_quality_pipeline_dag.py
[2026-10-02T07:19:55.124+0000] {processor.py:914} INFO - Processing file /opt/airflow/dags/water_quality_pipeline_dag.py for tasks to queue
[2026-10-02T07:19:55.126+0000] {logging_mixin.py:190} INFO - [2026-10-02T07:19:55.126+0000] {dagbag.py:588} INFO - Filling up the DagBag from /opt/airflow/dags/water_quality_pipeline_dag.py
[2026-10-02T07:19:55.139+0000] {processor.py:925} INFO - DAG(s) 'water_quality_training_pipeline' retrieved from /opt/airflow/dags/water_quality_pipeline_dag.py
[2026-10-02T07:19:55.178+0000] {logging_mixin.py:190} INFO - [2026-10-02T07:19:55.178+0000] {dag.py:3239} INFO - Sync 1 DAGs
[2026-10-02T07:19:55.197+0000] {logging_mixin.py:190} INFO - [2026-10-02T07:19:55.196+0000] {dag.py:4180} INFO - Setting next_dagrun for water_quality_training_pipeline to None, run_after=None
[2026-10-02T07:19:55.230+0000] {processor.py:208} INFO - Processing /opt/airflow/dags/water_quality_pipeline_dag.py took 0.116 seconds
[2026-10-02T07:20:25.451+0000] {processor.py:186} INFO - Started process (PID=1454) to work on /opt/airflow/dags/water_quality_pipeline_dag.py
[2026-10-02T07:20:25.451+0000] {processor.py:914} INFO - Processing file /opt/airflow/dags/water_quality_pipeline_dag.py for tasks to queue
[2026-10-02T07:20:25.454+0000] {logging_mixin.py:190} INFO - [2026-10-02T07:20:25.454+0000] {dagbag.py:588} INFO - Filling up the DagBag from /opt/airflow/dags/water_quality_pipeline_dag.py
[2026-10-02T07:20:25.468+0000] {processor.py:925} INFO - DAG(s) 'water_quality_training_pipeline' retrieved from /opt/airflow/dags/water_quality_pipeline_dag.py
[2026-10-02T07:20:25.507+0000] {logging_mixin.py:190} INFO - [2026-10-02T07:20:25.507+0000] {dag.py:3239} INFO - Sync 1 DAGs
[2026-10-02T07:20:25.526+0000] {logging_mixin.py:190} INFO - [2026-10-02T07:20:25.525+0000] {dag.py:4180} INFO - Setting next_dagrun for water_quality_training_pipeline to None, run_after=None
[2026-10-02T07:20:25.547+0000] {processor.py:208} INFO - Processing /opt/airflow/dags/water_quality_pipeline_dag.py took 0.105 seconds
[2026-10-02T07:20:55.728+0000] {processor.py:186} INFO - Started process (PID=1483) to work on /opt/airflow/dags/water_quality_pipeline_dag.py
[2026-10-02T07:20:55.729+0000] {processor.py:914} INFO - Processing file /opt/airflow/dags/water_quality_pipeline_dag.py for tasks to queue
[2026-10-02T07:20:55.732+0000] {logging_mixin.py:190} INFO - [2026-10-02T07:20:55.732+0000] {dagbag.py:588} INFO - Filling up the DagBag from /opt/airflow/dags/water_quality_pipeline_dag.py
[2026-10-02T07:20:55.747+0000] {processor.py:925} INFO - DAG(s) 'water_quality_training_pipeline' retrieved from /opt/airflow/dags/water_quality_pipeline_dag.py
[2026-10-02T07:20:55.788+0000] {logging_mixin.py:190} INFO - [2026-10-02T07:20:55.788+0000] {dag.py:3239} INFO - Sync 1 DAGs
[2026-10-02T07:20:55.811+0000] {logging_mixin.py:190} INFO - [2026-10-02T07:20:55.810+0000] {dag.py:4180} INFO - Setting next_dagrun for water_quality_training_pipeline to None, run_after=None
[2026-10-02T07:20:55.835+0000] {processor.py:208} INFO - Processing /opt/airflow/dags/water_quality_pipeline_dag.py took 0.117 seconds
[2026-10-02T07:21:26.061+0000] {processor.py:186} INFO - Started process (PID=1503) to work on /opt/airflow/dags/water_quality_pipeline_dag.py
[2026-10-02T07:21:26.062+0000] {processor.py:914} INFO - Processing file /opt/airflow/dags/water_quality_pipeline_dag.py for tasks to queue
[2026-10-02T07:21:26.065+0000] {logging_mixin.py:190} INFO - [2026-10-02T07:21:26.064+0000] {dagbag.py:588} INFO - Filling up the DagBag from /opt/airflow/dags/water_quality_pipeline_dag.py
[2026-10-02T07:21:26.080+0000] {processor.py:925} INFO - DAG(s) 'water_quality_training_pipeline' retrieved from /opt/airflow/dags/water_quality_pipeline_dag.py
[2026-10-02T07:21:26.129+0000] {logging_mixin.py:190} INFO - [2026-10-02T07:21:26.129+0000] {dag.py:3239} INFO - Sync 1 DAGs
[2026-10-02T07:21:26.150+0000] {logging_mixin.py:190} INFO - [2026-10-02T07:21:26.150+0000] {dag.py:4180} INFO - Setting next_dagrun for water_quality_training_pipeline to None, run_after=None
[2026-10-02T07:21:26.178+0000] {processor.py:208} INFO - Processing /opt/airflow/dags/water_quality_pipeline_dag.py took 0.128 seconds
[2026-10-02T07:21:56.323+0000] {processor.py:186} INFO - Started process (PID=1531) to work on /opt/airflow/dags/water_quality_pipeline_dag.py
[2026-10-02T07:21:56.324+0000] {processor.py:914} INFO - Processing file /opt/airflow/dags/water_quality_pipeline_dag.py for tasks to queue
[2026-10-02T07:21:56.326+0000] {logging_mixin.py:190} INFO - [2026-10-02T07:21:56.326+0000] {dagbag.py:588} INFO - Filling up the DagBag from /opt/airflow/dags/water_quality_pipeline_dag.py
[2026-10-02T07:21:56.338+0000] {processor.py:925} INFO - DAG(s) 'water_quality_training_pipeline' retrieved from /opt/airflow/dags/water_quality_pipeline_dag.py
[2026-10-02T07:21:56.383+0000] {logging_mixin.py:190} INFO - [2026-10-02T07:21:56.382+0000] {dag.py:3239} INFO - Sync 1 DAGs
[2026-10-02T07:21:56.402+0000] {logging_mixin.py:190} INFO - [2026-10-02T07:21:56.402+0000] {dag.py:4180} INFO - Setting next_dagrun for water_quality_training_pipeline to None, run_after=None
[2026-10-02T07:21:56.423+0000] {processor.py:208} INFO - Processing /opt/airflow/dags/water_quality_pipeline_dag.py took 0.107 seconds
[2026-10-02T07:22:26.702+0000] {processor.py:186} INFO - Started process (PID=1554) to work on /opt/airflow/dags/water_quality_pipeline_dag.py
[2026-10-02T07:22:26.702+0000] {processor.py:914} INFO - Processing file /opt/airflow/dags/water_quality_pipeline_dag.py for tasks to queue
[2026-10-02T07:22:26.706+0000] {logging_mixin.py:190} INFO - [2026-10-02T07:22:26.705+0000] {dagbag.py:588} INFO - Filling up the DagBag from /opt/airflow/dags/water_quality_pipeline_dag.py
[2026-10-02T07:22:26.720+0000] {processor.py:925} INFO - DAG(s) 'water_quality_training_pipeline' retrieved from /opt/airflow/dags/water_quality_pipeline_dag.py
[2026-10-02T07:22:26.762+0000] {logging_mixin.py:190} INFO - [2026-10-02T07:22:26.762+0000] {dag.py:3239} INFO - Sync 1 DAGs
[2026-10-02T07:22:26.783+0000] {logging_mixin.py:190} INFO - [2026-10-02T07:22:26.782+0000] {dag.py:4180} INFO - Setting next_dagrun for water_quality_training_pipeline to None, run_after=None
[2026-10-02T07:22:26.813+0000] {processor.py:208} INFO - Processing /opt/airflow/dags/water_quality_pipeline_dag.py took 0.119 seconds
[2026-10-02T07:22:56.956+0000] {processor.py:186} INFO - Started process (PID=1575) to work on /opt/airflow/dags/water_quality_pipeline_dag.py
[2026-10-02T07:22:56.957+0000] {processor.py:914} INFO - Processing file /opt/airflow/dags/water_quality_pipeline_dag.py for tasks to queue
[2026-10-02T07:22:56.960+0000] {logging_mixin.py:190} INFO - [2026-10-02T07:22:56.960+0000] {dagbag.py:588} INFO - Filling up the DagBag from /opt/airflow/dags/water_quality_pipeline_dag.py
[2026-10-02T07:22:56.972+0000] {processor.py:925} INFO - DAG(s) 'water_quality_training_pipeline' retrieved from /opt/airflow/dags/water_quality_pipeline_dag.py
[2026-10-02T07:22:57.016+0000] {logging_mixin.py:190} INFO - [2026-10-02T07:22:57.016+0000] {dag.py:3239} INFO - Sync 1 DAGs
[2026-10-02T07:22:57.036+0000] {logging_mixin.py:190} INFO - [2026-10-02T07:22:57.036+0000] {dag.py:4180} INFO - Setting next_dagrun for water_quality_training_pipeline to None, run_after=None
[2026-10-02T07:22:57.058+0000] {processor.py:208} INFO - Processing /opt/airflow/dags/water_quality_pipeline_dag.py took 0.112 seconds
[2026-10-02T07:23:27.322+0000] {processor.py:186} INFO - Started process (PID=1604) to work on /opt/airflow/dags/water_quality_pipeline_dag.py
[2026-10-02T07:23:27.323+0000] {processor.py:914} INFO - Processing file /opt/airflow/dags/water_quality_pipeline_dag.py for tasks to queue
[2026-10-02T07:23:27.327+0000] {logging_mixin.py:190} INFO - [2026-10-02T07:23:27.327+0000] {dagbag.py:588} INFO - Filling up the DagBag from /opt/airflow/dags/water_quality_pipeline_dag.py
[2026-10-02T07:23:27.341+0000] {processor.py:925} INFO - DAG(s) 'water_quality_training_pipeline' retrieved from /opt/airflow/dags/water_quality_pipeline_dag.py
[2026-10-02T07:23:27.383+0000] {logging_mixin.py:190} INFO - [2026-10-02T07:23:27.383+0000] {dag.py:3239} INFO - Sync 1 DAGs
[2026-10-02T07:23:27.405+0000] {logging_mixin.py:190} INFO - [2026-10-02T07:23:27.404+0000] {dag.py:4180} INFO - Setting next_dagrun for water_quality_training_pipeline to None, run_after=None
[2026-10-02T07:23:27.435+0000] {processor.py:208} INFO - Processing /opt/airflow/dags/water_quality_pipeline_dag.py took 0.121 seconds
[2026-10-02T07:23:57.576+0000] {processor.py:186} INFO - Started process (PID=1625) to work on /opt/airflow/dags/water_quality_pipeline_dag.py
[2026-10-02T07:23:57.579+0000] {processor.py:914} INFO - Processing file /opt/airflow/dags/water_quality_pipeline_dag.py for tasks to queue
[2026-10-02T07:23:57.582+0000] {logging_mixin.py:190} INFO - [2026-10-02T07:23:57.582+0000] {dagbag.py:588} INFO - Filling up the DagBag from /opt/airflow/dags/water_quality_pipeline_dag.py
[2026-10-02T07:23:57.596+0000] {processor.py:925} INFO - DAG(s) 'water_quality_training_pipeline' retrieved from /opt/airflow/dags/water_quality_pipeline_dag.py
[2026-10-02T07:23:57.632+0000] {logging_mixin.py:190} INFO - [2026-10-02T07:23:57.632+0000] {dag.py:3239} INFO - Sync 1 DAGs
[2026-10-02T07:23:57.653+0000] {logging_mixin.py:190} INFO - [2026-10-02T07:23:57.653+0000] {dag.py:4180} INFO - Setting next_dagrun for water_quality_training_pipeline to None, run_after=None
[2026-10-02T07:23:57.684+0000] {processor.py:208} INFO - Processing /opt/airflow/dags/water_quality_pipeline_dag.py took 0.120 seconds
[2026-10-02T07:24:27.952+0000] {processor.py:186} INFO - Started process (PID=1652) to work on /opt/airflow/dags/water_quality_pipeline_dag.py
[2026-10-02T07:24:27.953+0000] {processor.py:914} INFO - Processing file /opt/airflow/dags/water_quality_pipeline_dag.py for tasks to queue
[2026-10-02T07:24:27.955+0000] {logging_mixin.py:190} INFO - [2026-10-02T07:24:27.955+0000] {dagbag.py:588} INFO - Filling up the DagBag from /opt/airflow/dags/water_quality_pipeline_dag.py
[2026-10-02T07:24:27.970+0000] {processor.py:925} INFO - DAG(s) 'water_quality_training_pipeline' retrieved from /opt/airflow/dags/water_quality_pipeline_dag.py
[2026-10-02T07:24:28.013+0000] {logging_mixin.py:190} INFO - [2026-10-02T07:24:28.013+0000] {dag.py:3239} INFO - Sync 1 DAGs
[2026-10-02T07:24:28.034+0000] {logging_mixin.py:190} INFO - [2026-10-02T07:24:28.033+0000] {dag.py:4180} INFO - Setting next_dagrun for water_quality_training_pipeline to None, run_after=None
[2026-10-02T07:24:28.070+0000] {processor.py:208} INFO - Processing /opt/airflow/dags/water_quality_pipeline_dag.py took 0.131 seconds
[2026-10-02T07:24:58.250+0000] {processor.py:186} INFO - Started process (PID=1674) to work on /opt/airflow/dags/water_quality_pipeline_dag.py
[2026-10-02T07:24:58.253+0000] {processor.py:914} INFO - Processing file /opt/airflow/dags/water_quality_pipeline_dag.py for tasks to queue
[2026-10-02T07:24:58.256+0000] {logging_mixin.py:190} INFO - [2026-10-02T07:24:58.255+0000] {dagbag.py:588} INFO - Filling up the DagBag from /opt/airflow/dags/water_quality_pipeline_dag.py
[2026-10-02T07:24:58.270+0000] {processor.py:925} INFO - DAG(s) 'water_quality_training_pipeline' retrieved from /opt/airflow/dags/water_quality_pipeline_dag.py
[2026-10-02T07:24:58.309+0000] {logging_mixin.py:190} INFO - [2026-10-02T07:24:58.308+0000] {dag.py:3239} INFO - Sync 1 DAGs
[2026-10-02T07:24:58.329+0000] {logging_mixin.py:190} INFO - [2026-10-02T07:24:58.329+0000] {dag.py:4180} INFO - Setting next_dagrun for water_quality_training_pipeline to None, run_after=None
[2026-10-02T07:24:58.354+0000] {processor.py:208} INFO - Processing /opt/airflow/dags/water_quality_pipeline_dag.py took 0.116 seconds
[2026-10-02T07:25:28.586+0000] {processor.py:186} INFO - Started process (PID=1695) to work on /opt/airflow/dags/water_quality_pipeline_dag.py
[2026-10-02T07:25:28.587+0000] {processor.py:914} INFO - Processing file /opt/airflow/dags/water_quality_pipeline_dag.py for tasks to queue
[2026-10-02T07:25:28.591+0000] {logging_mixin.py:190} INFO - [2026-10-02T07:25:28.590+0000] {dagbag.py:588} INFO - Filling up the DagBag from /opt/airflow/dags/water_quality_pipeline_dag.py
[2026-10-02T07:25:28.604+0000] {processor.py:925} INFO - DAG(s) 'water_quality_training_pipeline' retrieved from /opt/airflow/dags/water_quality_pipeline_dag.py
[2026-10-02T07:25:28.660+0000] {logging_mixin.py:190} INFO - [2026-10-02T07:25:28.659+0000] {dag.py:3239} INFO - Sync 1 DAGs
[2026-10-02T07:25:28.685+0000] {logging_mixin.py:190} INFO - [2026-10-02T07:25:28.685+0000] {dag.py:4180} INFO - Setting next_dagrun for water_quality_training_pipeline to None, run_after=None
[2026-10-02T07:25:28.716+0000] {processor.py:208} INFO - Processing /opt/airflow/dags/water_quality_pipeline_dag.py took 0.139 seconds
[2026-10-02T07:26:42.346+0000] {processor.py:186} INFO - Started process (PID=186) to work on /opt/airflow/dags/water_quality_pipeline_dag.py
[2026-10-02T07:26:42.347+0000] {processor.py:914} INFO - Processing file /opt/airflow/dags/water_quality_pipeline_dag.py for tasks to queue
[2026-10-02T07:26:42.348+0000] {logging_mixin.py:190} INFO - [2026-10-02T07:26:42.348+0000] {dagbag.py:588} INFO - Filling up the DagBag from /opt/airflow/dags/water_quality_pipeline_dag.py
[2026-10-02T07:26:42.364+0000] {processor.py:925} INFO - DAG(s) 'water_quality_training_pipeline' retrieved from /opt/airflow/dags/water_quality_pipeline_dag.py
[2026-10-02T07:26:42.406+0000] {logging_mixin.py:190} INFO - [2026-10-02T07:26:42.405+0000] {dag.py:3239} INFO - Sync 1 DAGs
[2026-10-02T07:26:42.420+0000] {logging_mixin.py:190} INFO - [2026-10-02T07:26:42.420+0000] {dag.py:4180} INFO - Setting next_dagrun for water_quality_training_pipeline to None, run_after=None
[2026-10-02T07:26:42.438+0000] {processor.py:208} INFO - Processing /opt/airflow/dags/water_quality_pipeline_dag.py took 0.101 seconds
[2026-10-02T07:27:12.644+0000] {processor.py:186} INFO - Started process (PID=207) to work on /opt/airflow/dags/water_quality_pipeline_dag.py
[2026-10-02T07:27:12.645+0000] {processor.py:914} INFO - Processing file /opt/airflow/dags/water_quality_pipeline_dag.py for tasks to queue
[2026-10-02T07:27:12.649+0000] {logging_mixin.py:190} INFO - [2026-10-02T07:27:12.648+0000] {dagbag.py:588} INFO - Filling up the DagBag from /opt/airflow/dags/water_quality_pipeline_dag.py
[2026-10-02T07:27:12.661+0000] {processor.py:925} INFO - DAG(s) 'water_quality_training_pipeline' retrieved from /opt/airflow/dags/water_quality_pipeline_dag.py
[2026-10-02T07:27:12.703+0000] {logging_mixin.py:190} INFO - [2026-10-02T07:27:12.702+0000] {dag.py:3239} INFO - Sync 1 DAGs
[2026-10-02T07:27:12.727+0000] {logging_mixin.py:190} INFO - [2026-10-02T07:27:12.727+0000] {dag.py:4180} INFO - Setting next_dagrun for water_quality_training_pipeline to None, run_after=None
[2026-10-02T07:27:12.751+0000] {processor.py:208} INFO - Processing /opt/airflow/dags/water_quality_pipeline_dag.py took 0.116 seconds
[2026-10-02T07:27:42.995+0000] {processor.py:186} INFO - Started process (PID=235) to work on /opt/airflow/dags/water_quality_pipeline_dag.py
[2026-10-02T07:27:42.997+0000] {processor.py:914} INFO - Processing file /opt/airflow/dags/water_quality_pipeline_dag.py for tasks to queue
[2026-10-02T07:27:43.000+0000] {logging_mixin.py:190} INFO - [2026-10-02T07:27:43.000+0000] {dagbag.py:588} INFO - Filling up the DagBag from /opt/airflow/dags/water_quality_pipeline_dag.py
[2026-10-02T07:27:43.014+0000] {processor.py:925} INFO - DAG(s) 'water_quality_training_pipeline' retrieved from /opt/airflow/dags/water_quality_pipeline_dag.py
[2026-10-02T07:27:43.053+0000] {logging_mixin.py:190} INFO - [2026-10-02T07:27:43.053+0000] {dag.py:3239} INFO - Sync 1 DAGs
[2026-10-02T07:27:43.072+0000] {logging_mixin.py:190} INFO - [2026-10-02T07:27:43.072+0000] {dag.py:4180} INFO - Setting next_dagrun for water_quality_training_pipeline to None, run_after=None
[2026-10-02T07:27:43.091+0000] {processor.py:208} INFO - Processing /opt/airflow/dags/water_quality_pipeline_dag.py took 0.106 seconds
[2026-10-02T07:28:13.284+0000] {processor.py:186} INFO - Started process (PID=256) to work on /opt/airflow/dags/water_quality_pipeline_dag.py
[2026-10-02T07:28:13.285+0000] {processor.py:914} INFO - Processing file /opt/airflow/dags/water_quality_pipeline_dag.py for tasks to queue
[2026-10-02T07:28:13.288+0000] {logging_mixin.py:190} INFO - [2026-10-02T07:28:13.287+0000] {dagbag.py:588} INFO - Filling up the DagBag from /opt/airflow/dags/water_quality_pipeline_dag.py
[2026-10-02T07:28:13.302+0000] {processor.py:925} INFO - DAG(s) 'water_quality_training_pipeline' retrieved from /opt/airflow/dags/water_quality_pipeline_dag.py
[2026-10-02T07:28:13.342+0000] {logging_mixin.py:190} INFO - [2026-10-02T07:28:13.342+0000] {dag.py:3239} INFO - Sync 1 DAGs
[2026-10-02T07:28:13.362+0000] {logging_mixin.py:190} INFO - [2026-10-02T07:28:13.362+0000] {dag.py:4180} INFO - Setting next_dagrun for water_quality_training_pipeline to None, run_after=None
[2026-10-02T07:28:13.388+0000] {processor.py:208} INFO - Processing /opt/airflow/dags/water_quality_pipeline_dag.py took 0.115 seconds
[2026-10-02T07:28:43.605+0000] {processor.py:186} INFO - Started process (PID=277) to work on /opt/airflow/dags/water_quality_pipeline_dag.py
[2026-10-02T07:28:43.607+0000] {processor.py:914} INFO - Processing file /opt/airflow/dags/water_quality_pipeline_dag.py for tasks to queue
[2026-10-02T07:28:43.610+0000] {logging_mixin.py:190} INFO - [2026-10-02T07:28:43.610+0000] {dagbag.py:588} INFO - Filling up the DagBag from /opt/airflow/dags/water_quality_pipeline_dag.py
[2026-10-02T07:28:43.625+0000] {processor.py:925} INFO - DAG(s) 'water_quality_training_pipeline' retrieved from /opt/airflow/dags/water_quality_pipeline_dag.py
[2026-10-02T07:28:43.665+0000] {logging_mixin.py:190} INFO - [2026-10-02T07:28:43.664+0000] {dag.py:3239} INFO - Sync 1 DAGs
[2026-10-02T07:28:43.683+0000] {logging_mixin.py:190} INFO - [2026-10-02T07:28:43.682+0000] {dag.py:4180} INFO - Setting next_dagrun for water_quality_training_pipeline to None, run_after=None
[2026-10-02T07:28:43.703+0000] {processor.py:208} INFO - Processing /opt/airflow/dags/water_quality_pipeline_dag.py took 0.110 seconds
[2026-10-02T07:29:13.897+0000] {processor.py:186} INFO - Started process (PID=306) to work on /opt/airflow/dags/water_quality_pipeline_dag.py
[2026-10-02T07:29:13.898+0000] {processor.py:914} INFO - Processing file /opt/airflow/dags/water_quality_pipeline_dag.py for tasks to queue
[2026-10-02T07:29:13.901+0000] {logging_mixin.py:190} INFO - [2026-10-02T07:29:13.900+0000] {dagbag.py:588} INFO - Filling up the DagBag from /opt/airflow/dags/water_quality_pipeline_dag.py
[2026-10-02T07:29:13.912+0000] {processor.py:925} INFO - DAG(s) 'water_quality_training_pipeline' retrieved from /opt/airflow/dags/water_quality_pipeline_dag.py
[2026-10-02T07:29:13.958+0000] {logging_mixin.py:190} INFO - [2026-10-02T07:29:13.958+0000] {dag.py:3239} INFO - Sync 1 DAGs
[2026-10-02T07:29:13.976+0000] {logging_mixin.py:190} INFO - [2026-10-02T07:29:13.975+0000] {dag.py:4180} INFO - Setting next_dagrun for water_quality_training_pipeline to None, run_after=None
[2026-10-02T07:29:14.000+0000] {processor.py:208} INFO - Processing /opt/airflow/dags/water_quality_pipeline_dag.py took 0.112 seconds
[2026-10-02T07:29:44.210+0000] {processor.py:186} INFO - Started process (PID=327) to work on /opt/airflow/dags/water_quality_pipeline_dag.py
[2026-10-02T07:29:44.213+0000] {processor.py:914} INFO - Processing file /opt/airflow/dags/water_quality_pipeline_dag.py for tasks to queue
[2026-10-02T07:29:44.215+0000] {logging_mixin.py:190} INFO - [2026-10-02T07:29:44.215+0000] {dagbag.py:588} INFO - Filling up the DagBag from /opt/airflow/dags/water_quality_pipeline_dag.py
[2026-10-02T07:29:44.226+0000] {processor.py:925} INFO - DAG(s) 'water_quality_training_pipeline' retrieved from /opt/airflow/dags/water_quality_pipeline_dag.py
[2026-10-02T07:29:44.261+0000] {logging_mixin.py:190} INFO - [2026-10-02T07:29:44.260+0000] {dag.py:3239} INFO - Sync 1 DAGs
[2026-10-02T07:29:44.282+0000] {logging_mixin.py:190} INFO - [2026-10-02T07:29:44.281+0000] {dag.py:4180} INFO - Setting next_dagrun for water_quality_training_pipeline to None, run_after=None
[2026-10-02T07:29:44.301+0000] {processor.py:208} INFO - Processing /opt/airflow/dags/water_quality_pipeline_dag.py took 0.098 seconds
[2026-10-02T07:30:14.524+0000] {processor.py:186} INFO - Started process (PID=355) to work on /opt/airflow/dags/water_quality_pipeline_dag.py
[2026-10-02T07:30:14.525+0000] {processor.py:914} INFO - Processing file /opt/airflow/dags/water_quality_pipeline_dag.py for tasks to queue
[2026-10-02T07:30:14.528+0000] {logging_mixin.py:190} INFO - [2026-10-02T07:30:14.528+0000] {dagbag.py:588} INFO - Filling up the DagBag from /opt/airflow/dags/water_quality_pipeline_dag.py
[2026-10-02T07:30:14.541+0000] {processor.py:925} INFO - DAG(s) 'water_quality_training_pipeline' retrieved from /opt/airflow/dags/water_quality_pipeline_dag.py
[2026-10-02T07:30:14.586+0000] {logging_mixin.py:190} INFO - [2026-10-02T07:30:14.585+0000] {dag.py:3239} INFO - Sync 1 DAGs
[2026-10-02T07:30:14.603+0000] {logging_mixin.py:190} INFO - [2026-10-02T07:30:14.603+0000] {dag.py:4180} INFO - Setting next_dagrun for water_quality_training_pipeline to None, run_after=None
[2026-10-02T07:30:14.627+0000] {processor.py:208} INFO - Processing /opt/airflow/dags/water_quality_pipeline_dag.py took 0.114 seconds
[2026-10-02T07:30:44.827+0000] {processor.py:186} INFO - Started process (PID=377) to work on /opt/airflow/dags/water_quality_pipeline_dag.py
[2026-10-02T07:30:44.830+0000] {processor.py:914} INFO - Processing file /opt/airflow/dags/water_quality_pipeline_dag.py for tasks to queue
[2026-10-02T07:30:44.832+0000] {logging_mixin.py:190} INFO - [2026-10-02T07:30:44.831+0000] {dagbag.py:588} INFO - Filling up the DagBag from /opt/airflow/dags/water_quality_pipeline_dag.py
[2026-10-02T07:30:44.841+0000] {processor.py:925} INFO - DAG(s) 'water_quality_training_pipeline' retrieved from /opt/airflow/dags/water_quality_pipeline_dag.py
[2026-10-02T07:30:44.871+0000] {logging_mixin.py:190} INFO - [2026-10-02T07:30:44.870+0000] {dag.py:3239} INFO - Sync 1 DAGs
[2026-10-02T07:30:44.887+0000] {logging_mixin.py:190} INFO - [2026-10-02T07:30:44.887+0000] {dag.py:4180} INFO - Setting next_dagrun for water_quality_training_pipeline to None, run_after=None
[2026-10-02T07:30:44.903+0000] {processor.py:208} INFO - Processing /opt/airflow/dags/water_quality_pipeline_dag.py took 0.083 seconds
[2026-10-02T07:31:15.135+0000] {processor.py:186} INFO - Started process (PID=397) to work on /opt/airflow/dags/water_quality_pipeline_dag.py
[2026-10-02T07:31:15.137+0000] {processor.py:914} INFO - Processing file /opt/airflow/dags/water_quality_pipeline_dag.py for tasks to queue
[2026-10-02T07:31:15.141+0000] {logging_mixin.py:190} INFO - [2026-10-02T07:31:15.140+0000] {dagbag.py:588} INFO - Filling up the DagBag from /opt/airflow/dags/water_quality_pipeline_dag.py
[2026-10-02T07:31:15.151+0000] {processor.py:925} INFO - DAG(s) 'water_quality_training_pipeline' retrieved from /opt/airflow/dags/water_quality_pipeline_dag.py
[2026-10-02T07:31:15.184+0000] {logging_mixin.py:190} INFO - [2026-10-02T07:31:15.184+0000] {dag.py:3239} INFO - Sync 1 DAGs
[2026-10-02T07:31:15.203+0000] {logging_mixin.py:190} INFO - [2026-10-02T07:31:15.203+0000] {dag.py:4180} INFO - Setting next_dagrun for water_quality_training_pipeline to None, run_after=None
[2026-10-02T07:31:15.230+0000] {processor.py:208} INFO - Processing /opt/airflow/dags/water_quality_pipeline_dag.py took 0.107 seconds
[2026-10-02T07:31:45.429+0000] {processor.py:186} INFO - Started process (PID=426) to work on /opt/airflow/dags/water_quality_pipeline_dag.py
[2026-10-02T07:31:45.431+0000] {processor.py:914} INFO - Processing file /opt/airflow/dags/water_quality_pipeline_dag.py for tasks to queue
[2026-10-02T07:31:45.434+0000] {logging_mixin.py:190} INFO - [2026-10-02T07:31:45.434+0000] {dagbag.py:588} INFO - Filling up the DagBag from /opt/airflow/dags/water_quality_pipeline_dag.py
[2026-10-02T07:31:45.446+0000] {processor.py:925} INFO - DAG(s) 'water_quality_training_pipeline' retrieved from /opt/airflow/dags/water_quality_pipeline_dag.py
[2026-10-02T07:31:45.485+0000] {logging_mixin.py:190} INFO - [2026-10-02T07:31:45.485+0000] {dag.py:3239} INFO - Sync 1 DAGs
[2026-10-02T07:31:45.504+0000] {logging_mixin.py:190} INFO - [2026-10-02T07:31:45.504+0000] {dag.py:4180} INFO - Setting next_dagrun for water_quality_training_pipeline to None, run_after=None
[2026-10-02T07:31:45.527+0000] {processor.py:208} INFO - Processing /opt/airflow/dags/water_quality_pipeline_dag.py took 0.107 seconds
[2026-10-02T07:32:15.753+0000] {processor.py:186} INFO - Started process (PID=448) to work on /opt/airflow/dags/water_quality_pipeline_dag.py
[2026-10-02T07:32:15.756+0000] {processor.py:914} INFO - Processing file /opt/airflow/dags/water_quality_pipeline_dag.py for tasks to queue
[2026-10-02T07:32:15.758+0000] {logging_mixin.py:190} INFO - [2026-10-02T07:32:15.758+0000] {dagbag.py:588} INFO - Filling up the DagBag from /opt/airflow/dags/water_quality_pipeline_dag.py
[2026-10-02T07:32:15.770+0000] {processor.py:925} INFO - DAG(s) 'water_quality_training_pipeline' retrieved from /opt/airflow/dags/water_quality_pipeline_dag.py
[2026-10-02T07:32:15.806+0000] {logging_mixin.py:190} INFO - [2026-10-02T07:32:15.806+0000] {dag.py:3239} INFO - Sync 1 DAGs
[2026-10-02T07:32:15.826+0000] {logging_mixin.py:190} INFO - [2026-10-02T07:32:15.825+0000] {dag.py:4180} INFO - Setting next_dagrun for water_quality_training_pipeline to None, run_after=None
[2026-10-02T07:32:15.850+0000] {processor.py:208} INFO - Processing /opt/airflow/dags/water_quality_pipeline_dag.py took 0.107 seconds
[2026-10-02T07:32:46.042+0000] {processor.py:186} INFO - Started process (PID=476) to work on /opt/airflow/dags/water_quality_pipeline_dag.py
[2026-10-02T07:32:46.043+0000] {processor.py:914} INFO - Processing file /opt/airflow/dags/water_quality_pipeline_dag.py for tasks to queue
[2026-10-02T07:32:46.046+0000] {logging_mixin.py:190} INFO - [2026-10-02T07:32:46.045+0000] {dagbag.py:588} INFO - Filling up the DagBag from /opt/airflow/dags/water_quality_pipeline_dag.py
[2026-10-02T07:32:46.059+0000] {processor.py:925} INFO - DAG(s) 'water_quality_training_pipeline' retrieved from /opt/airflow/dags/water_quality_pipeline_dag.py
[2026-10-02T07:32:46.099+0000] {logging_mixin.py:190} INFO - [2026-10-02T07:32:46.099+0000] {dag.py:3239} INFO - Sync 1 DAGs
[2026-10-02T07:32:46.125+0000] {logging_mixin.py:190} INFO - [2026-10-02T07:32:46.124+0000] {dag.py:4180} INFO - Setting next_dagrun for water_quality_training_pipeline to None, run_after=None
[2026-10-02T07:32:46.164+0000] {processor.py:208} INFO - Processing /opt/airflow/dags/water_quality_pipeline_dag.py took 0.135 seconds
[2026-10-02T07:33:16.357+0000] {processor.py:186} INFO - Started process (PID=498) to work on /opt/airflow/dags/water_quality_pipeline_dag.py
[2026-10-02T07:33:16.359+0000] {processor.py:914} INFO - Processing file /opt/airflow/dags/water_quality_pipeline_dag.py for tasks to queue
[2026-10-02T07:33:16.362+0000] {logging_mixin.py:190} INFO - [2026-10-02T07:33:16.362+0000] {dagbag.py:588} INFO - Filling up the DagBag from /opt/airflow/dags/water_quality_pipeline_dag.py
[2026-10-02T07:33:16.374+0000] {processor.py:925} INFO - DAG(s) 'water_quality_training_pipeline' retrieved from /opt/airflow/dags/water_quality_pipeline_dag.py
[2026-10-02T07:33:16.426+0000] {logging_mixin.py:190} INFO - [2026-10-02T07:33:16.425+0000] {dag.py:3239} INFO - Sync 1 DAGs
[2026-10-02T07:33:16.446+0000] {logging_mixin.py:190} INFO - [2026-10-02T07:33:16.445+0000] {dag.py:4180} INFO - Setting next_dagrun for water_quality_training_pipeline to None, run_after=None
[2026-10-02T07:33:16.471+0000] {processor.py:208} INFO - Processing /opt/airflow/dags/water_quality_pipeline_dag.py took 0.123 seconds
[2026-10-02T07:33:46.677+0000] {processor.py:186} INFO - Started process (PID=519) to work on /opt/airflow/dags/water_quality_pipeline_dag.py
[2026-10-02T07:33:46.678+0000] {processor.py:914} INFO - Processing file /opt/airflow/dags/water_quality_pipeline_dag.py for tasks to queue
[2026-10-02T07:33:46.681+0000] {logging_mixin.py:190} INFO - [2026-10-02T07:33:46.681+0000] {dagbag.py:588} INFO - Filling up the DagBag from /opt/airflow/dags/water_quality_pipeline_dag.py
[2026-10-02T07:33:46.695+0000] {processor.py:925} INFO - DAG(s) 'water_quality_training_pipeline' retrieved from /opt/airflow/dags/water_quality_pipeline_dag.py
[2026-10-02T07:33:46.742+0000] {logging_mixin.py:190} INFO - [2026-10-02T07:33:46.742+0000] {dag.py:3239} INFO - Sync 1 DAGs
[2026-10-02T07:33:46.760+0000] {logging_mixin.py:190} INFO - [2026-10-02T07:33:46.760+0000] {dag.py:4180} INFO - Setting next_dagrun for water_quality_training_pipeline to None, run_after=None
[2026-10-02T07:33:46.786+0000] {processor.py:208} INFO - Processing /opt/airflow/dags/water_quality_pipeline_dag.py took 0.118 seconds
[2026-10-02T07:34:16.991+0000] {processor.py:186} INFO - Started process (PID=548) to work on /opt/airflow/dags/water_quality_pipeline_dag.py
[2026-10-02T07:34:16.993+0000] {processor.py:914} INFO - Processing file /opt/airflow/dags/water_quality_pipeline_dag.py for tasks to queue
[2026-10-02T07:34:16.996+0000] {logging_mixin.py:190} INFO - [2026-10-02T07:34:16.996+0000] {dagbag.py:588} INFO - Filling up the DagBag from /opt/airflow/dags/water_quality_pipeline_dag.py
[2026-10-02T07:34:17.010+0000] {processor.py:925} INFO - DAG(s) 'water_quality_training_pipeline' retrieved from /opt/airflow/dags/water_quality_pipeline_dag.py
[2026-10-02T07:34:17.050+0000] {logging_mixin.py:190} INFO - [2026-10-02T07:34:17.050+0000] {dag.py:3239} INFO - Sync 1 DAGs
[2026-10-02T07:34:17.069+0000] {logging_mixin.py:190} INFO - [2026-10-02T07:34:17.069+0000] {dag.py:4180} INFO - Setting next_dagrun for water_quality_training_pipeline to None, run_after=None
[2026-10-02T07:34:17.094+0000] {processor.py:208} INFO - Processing /opt/airflow/dags/water_quality_pipeline_dag.py took 0.116 seconds
[2026-10-02T07:34:47.316+0000] {processor.py:186} INFO - Started process (PID=569) to work on /opt/airflow/dags/water_quality_pipeline_dag.py
[2026-10-02T07:34:47.317+0000] {processor.py:914} INFO - Processing file /opt/airflow/dags/water_quality_pipeline_dag.py for tasks to queue
[2026-10-02T07:34:47.321+0000] {logging_mixin.py:190} INFO - [2026-10-02T07:34:47.320+0000] {dagbag.py:588} INFO - Filling up the DagBag from /opt/airflow/dags/water_quality_pipeline_dag.py
[2026-10-02T07:34:47.333+0000] {processor.py:925} INFO - DAG(s) 'water_quality_training_pipeline' retrieved from /opt/airflow/dags/water_quality_pipeline_dag.py
[2026-10-02T07:34:47.374+0000] {logging_mixin.py:190} INFO - [2026-10-02T07:34:47.374+0000] {dag.py:3239} INFO - Sync 1 DAGs
[2026-10-02T07:34:47.393+0000] {logging_mixin.py:190} INFO - [2026-10-02T07:34:47.392+0000] {dag.py:4180} INFO - Setting next_dagrun for water_quality_training_pipeline to None, run_after=None
[2026-10-02T07:34:47.416+0000] {processor.py:208} INFO - Processing /opt/airflow/dags/water_quality_pipeline_dag.py took 0.109 seconds
[2026-10-02T07:35:17.622+0000] {processor.py:186} INFO - Started process (PID=597) to work on /opt/airflow/dags/water_quality_pipeline_dag.py
[2026-10-02T07:35:17.624+0000] {processor.py:914} INFO - Processing file /opt/airflow/dags/water_quality_pipeline_dag.py for tasks to queue
[2026-10-02T07:35:17.628+0000] {logging_mixin.py:190} INFO - [2026-10-02T07:35:17.628+0000] {dagbag.py:588} INFO - Filling up the DagBag from /opt/airflow/dags/water_quality_pipeline_dag.py
[2026-10-02T07:35:17.641+0000] {processor.py:925} INFO - DAG(s) 'water_quality_training_pipeline' retrieved from /opt/airflow/dags/water_quality_pipeline_dag.py
[2026-10-02T07:35:17.687+0000] {logging_mixin.py:190} INFO - [2026-10-02T07:35:17.687+0000] {dag.py:3239} INFO - Sync 1 DAGs
[2026-10-02T07:35:17.709+0000] {logging_mixin.py:190} INFO - [2026-10-02T07:35:17.709+0000] {dag.py:4180} INFO - Setting next_dagrun for water_quality_training_pipeline to None, run_after=None
[2026-10-02T07:35:17.733+0000] {processor.py:208} INFO - Processing /opt/airflow/dags/water_quality_pipeline_dag.py took 0.121 seconds
[2026-10-02T07:35:47.923+0000] {processor.py:186} INFO - Started process (PID=618) to work on /opt/airflow/dags/water_quality_pipeline_dag.py
[2026-10-02T07:35:47.924+0000] {processor.py:914} INFO - Processing file /opt/airflow/dags/water_quality_pipeline_dag.py for tasks to queue
[2026-10-02T07:35:47.928+0000] {logging_mixin.py:190} INFO - [2026-10-02T07:35:47.927+0000] {dagbag.py:588} INFO - Filling up the DagBag from /opt/airflow/dags/water_quality_pipeline_dag.py
[2026-10-02T07:35:47.939+0000] {processor.py:925} INFO - DAG(s) 'water_quality_training_pipeline' retrieved from /opt/airflow/dags/water_quality_pipeline_dag.py
[2026-10-02T07:35:47.974+0000] {logging_mixin.py:190} INFO - [2026-10-02T07:35:47.974+0000] {dag.py:3239} INFO - Sync 1 DAGs
[2026-10-02T07:35:47.993+0000] {logging_mixin.py:190} INFO - [2026-10-02T07:35:47.992+0000] {dag.py:4180} INFO - Setting next_dagrun for water_quality_training_pipeline to None, run_after=None
[2026-10-02T07:35:48.016+0000] {processor.py:208} INFO - Processing /opt/airflow/dags/water_quality_pipeline_dag.py took 0.105 seconds
[2026-10-02T07:36:18.244+0000] {processor.py:186} INFO - Started process (PID=639) to work on /opt/airflow/dags/water_quality_pipeline_dag.py
[2026-10-02T07:36:18.246+0000] {processor.py:914} INFO - Processing file /opt/airflow/dags/water_quality_pipeline_dag.py for tasks to queue
[2026-10-02T07:36:18.250+0000] {logging_mixin.py:190} INFO - [2026-10-02T07:36:18.249+0000] {dagbag.py:588} INFO - Filling up the DagBag from /opt/airflow/dags/water_quality_pipeline_dag.py
[2026-10-02T07:36:18.263+0000] {processor.py:925} INFO - DAG(s) 'water_quality_training_pipeline' retrieved from /opt/airflow/dags/water_quality_pipeline_dag.py
[2026-10-02T07:36:18.298+0000] {logging_mixin.py:190} INFO - [2026-10-02T07:36:18.298+0000] {dag.py:3239} INFO - Sync 1 DAGs
[2026-10-02T07:36:18.317+0000] {logging_mixin.py:190} INFO - [2026-10-02T07:36:18.316+0000] {dag.py:4180} INFO - Setting next_dagrun for water_quality_training_pipeline to None, run_after=None
[2026-10-02T07:36:18.341+0000] {processor.py:208} INFO - Processing /opt/airflow/dags/water_quality_pipeline_dag.py took 0.108 seconds
[2026-10-02T07:36:48.518+0000] {processor.py:186} INFO - Started process (PID=668) to work on /opt/airflow/dags/water_quality_pipeline_dag.py
[2026-10-02T07:36:48.519+0000] {processor.py:914} INFO - Processing file /opt/airflow/dags/water_quality_pipeline_dag.py for tasks to queue
[2026-10-02T07:36:48.522+0000] {logging_mixin.py:190} INFO - [2026-10-02T07:36:48.521+0000] {dagbag.py:588} INFO - Filling up the DagBag from /opt/airflow/dags/water_quality_pipeline_dag.py
[2026-10-02T07:36:48.534+0000] {processor.py:925} INFO - DAG(s) 'water_quality_training_pipeline' retrieved from /opt/airflow/dags/water_quality_pipeline_dag.py
[2026-10-02T07:36:48.568+0000] {logging_mixin.py:190} INFO - [2026-10-02T07:36:48.568+0000] {dag.py:3239} INFO - Sync 1 DAGs
[2026-10-02T07:36:48.585+0000] {logging_mixin.py:190} INFO - [2026-10-02T07:36:48.585+0000] {dag.py:4180} INFO - Setting next_dagrun for water_quality_training_pipeline to None, run_after=None
[2026-10-02T07:36:48.604+0000] {processor.py:208} INFO - Processing /opt/airflow/dags/water_quality_pipeline_dag.py took 0.100 seconds
[2026-10-02T07:37:18.841+0000] {processor.py:186} INFO - Started process (PID=689) to work on /opt/airflow/dags/water_quality_pipeline_dag.py
[2026-10-02T07:37:18.844+0000] {processor.py:914} INFO - Processing file /opt/airflow/dags/water_quality_pipeline_dag.py for tasks to queue
[2026-10-02T07:37:18.846+0000] {logging_mixin.py:190} INFO - [2026-10-02T07:37:18.846+0000] {dagbag.py:588} INFO - Filling up the DagBag from /opt/airflow/dags/water_quality_pipeline_dag.py
[2026-10-02T07:37:18.859+0000] {processor.py:925} INFO - DAG(s) 'water_quality_training_pipeline' retrieved from /opt/airflow/dags/water_quality_pipeline_dag.py
[2026-10-02T07:37:18.893+0000] {logging_mixin.py:190} INFO - [2026-10-02T07:37:18.893+0000] {dag.py:3239} INFO - Sync 1 DAGs
[2026-10-02T07:37:18.911+0000] {logging_mixin.py:190} INFO - [2026-10-02T07:37:18.911+0000] {dag.py:4180} INFO - Setting next_dagrun for water_quality_training_pipeline to None, run_after=None
[2026-10-02T07:37:18.935+0000] {processor.py:208} INFO - Processing /opt/airflow/dags/water_quality_pipeline_dag.py took 0.104 seconds
[2026-10-02T07:37:49.112+0000] {processor.py:186} INFO - Started process (PID=717) to work on /opt/airflow/dags/water_quality_pipeline_dag.py
[2026-10-02T07:37:49.114+0000] {processor.py:914} INFO - Processing file /opt/airflow/dags/water_quality_pipeline_dag.py for tasks to queue
[2026-10-02T07:37:49.117+0000] {logging_mixin.py:190} INFO - [2026-10-02T07:37:49.117+0000] {dagbag.py:588} INFO - Filling up the DagBag from /opt/airflow/dags/water_quality_pipeline_dag.py
[2026-10-02T07:37:49.132+0000] {processor.py:925} INFO - DAG(s) 'water_quality_training_pipeline' retrieved from /opt/airflow/dags/water_quality_pipeline_dag.py
[2026-10-02T07:37:49.173+0000] {logging_mixin.py:190} INFO - [2026-10-02T07:37:49.173+0000] {dag.py:3239} INFO - Sync 1 DAGs
[2026-10-02T07:37:49.194+0000] {logging_mixin.py:190} INFO - [2026-10-02T07:37:49.194+0000] {dag.py:4180} INFO - Setting next_dagrun for water_quality_training_pipeline to None, run_after=None
[2026-10-02T07:37:49.219+0000] {processor.py:208} INFO - Processing /opt/airflow/dags/water_quality_pipeline_dag.py took 0.116 seconds
[2026-10-02T07:38:19.455+0000] {processor.py:186} INFO - Started process (PID=739) to work on /opt/airflow/dags/water_quality_pipeline_dag.py
[2026-10-02T07:38:19.458+0000] {processor.py:914} INFO - Processing file /opt/airflow/dags/water_quality_pipeline_dag.py for tasks to queue
[2026-10-02T07:38:19.461+0000] {logging_mixin.py:190} INFO - [2026-10-02T07:38:19.460+0000] {dagbag.py:588} INFO - Filling up the DagBag from /opt/airflow/dags/water_quality_pipeline_dag.py
[2026-10-02T07:38:19.473+0000] {processor.py:925} INFO - DAG(s) 'water_quality_training_pipeline' retrieved from /opt/airflow/dags/water_quality_pipeline_dag.py
[2026-10-02T07:38:19.514+0000] {logging_mixin.py:190} INFO - [2026-10-02T07:38:19.514+0000] {dag.py:3239} INFO - Sync 1 DAGs
[2026-10-02T07:38:19.533+0000] {logging_mixin.py:190} INFO - [2026-10-02T07:38:19.533+0000] {dag.py:4180} INFO - Setting next_dagrun for water_quality_training_pipeline to None, run_after=None
[2026-10-02T07:38:19.559+0000] {processor.py:208} INFO - Processing /opt/airflow/dags/water_quality_pipeline_dag.py took 0.112 seconds
[2026-10-02T07:38:49.724+0000] {processor.py:186} INFO - Started process (PID=760) to work on /opt/airflow/dags/water_quality_pipeline_dag.py
[2026-10-02T07:38:49.725+0000] {processor.py:914} INFO - Processing file /opt/airflow/dags/water_quality_pipeline_dag.py for tasks to queue
[2026-10-02T07:38:49.728+0000] {logging_mixin.py:190} INFO - [2026-10-02T07:38:49.728+0000] {dagbag.py:588} INFO - Filling up the DagBag from /opt/airflow/dags/water_quality_pipeline_dag.py
[2026-10-02T07:38:49.741+0000] {processor.py:925} INFO - DAG(s) 'water_quality_training_pipeline' retrieved from /opt/airflow/dags/water_quality_pipeline_dag.py
[2026-10-02T07:38:49.779+0000] {logging_mixin.py:190} INFO - [2026-10-02T07:38:49.779+0000] {dag.py:3239} INFO - Sync 1 DAGs
[2026-10-02T07:38:49.795+0000] {logging_mixin.py:190} INFO - [2026-10-02T07:38:49.794+0000] {dag.py:4180} INFO - Setting next_dagrun for water_quality_training_pipeline to None, run_after=None
[2026-10-02T07:38:49.825+0000] {processor.py:208} INFO - Processing /opt/airflow/dags/water_quality_pipeline_dag.py took 0.111 seconds
[2026-10-02T07:39:20.064+0000] {processor.py:186} INFO - Started process (PID=789) to work on /opt/airflow/dags/water_quality_pipeline_dag.py
[2026-10-02T07:39:20.067+0000] {processor.py:914} INFO - Processing file /opt/airflow/dags/water_quality_pipeline_dag.py for tasks to queue
[2026-10-02T07:39:20.070+0000] {logging_mixin.py:190} INFO - [2026-10-02T07:39:20.069+0000] {dagbag.py:588} INFO - Filling up the DagBag from /opt/airflow/dags/water_quality_pipeline_dag.py
[2026-10-02T07:39:20.080+0000] {processor.py:925} INFO - DAG(s) 'water_quality_training_pipeline' retrieved from /opt/airflow/dags/water_quality_pipeline_dag.py
[2026-10-02T07:39:20.117+0000] {logging_mixin.py:190} INFO - [2026-10-02T07:39:20.116+0000] {dag.py:3239} INFO - Sync 1 DAGs
[2026-10-02T07:39:20.134+0000] {logging_mixin.py:190} INFO - [2026-10-02T07:39:20.133+0000] {dag.py:4180} INFO - Setting next_dagrun for water_quality_training_pipeline to None, run_after=None
[2026-10-02T07:39:20.157+0000] {processor.py:208} INFO - Processing /opt/airflow/dags/water_quality_pipeline_dag.py took 0.105 seconds
[2026-10-02T07:39:50.331+0000] {processor.py:186} INFO - Started process (PID=809) to work on /opt/airflow/dags/water_quality_pipeline_dag.py
[2026-10-02T07:39:50.332+0000] {processor.py:914} INFO - Processing file /opt/airflow/dags/water_quality_pipeline_dag.py for tasks to queue
[2026-10-02T07:39:50.335+0000] {logging_mixin.py:190} INFO - [2026-10-02T07:39:50.335+0000] {dagbag.py:588} INFO - Filling up the DagBag from /opt/airflow/dags/water_quality_pipeline_dag.py
[2026-10-02T07:39:50.347+0000] {processor.py:925} INFO - DAG(s) 'water_quality_training_pipeline' retrieved from /opt/airflow/dags/water_quality_pipeline_dag.py
[2026-10-02T07:39:50.381+0000] {logging_mixin.py:190} INFO - [2026-10-02T07:39:50.381+0000] {dag.py:3239} INFO - Sync 1 DAGs
[2026-10-02T07:39:50.399+0000] {logging_mixin.py:190} INFO - [2026-10-02T07:39:50.398+0000] {dag.py:4180} INFO - Setting next_dagrun for water_quality_training_pipeline to None, run_after=None
[2026-10-02T07:39:50.424+0000] {processor.py:208} INFO - Processing /opt/airflow/dags/water_quality_pipeline_dag.py took 0.103 seconds
[2026-10-02T07:40:20.670+0000] {processor.py:186} INFO - Started process (PID=830) to work on /opt/airflow/dags/water_quality_pipeline_dag.py
[2026-10-02T07:40:20.672+0000] {processor.py:914} INFO - Processing file /opt/airflow/dags/water_quality_pipeline_dag.py for tasks to queue
[2026-10-02T07:40:20.675+0000] {logging_mixin.py:190} INFO - [2026-10-02T07:40:20.675+0000] {dagbag.py:588} INFO - Filling up the DagBag from /opt/airflow/dags/water_quality_pipeline_dag.py
[2026-10-02T07:40:20.689+0000] {processor.py:925} INFO - DAG(s) 'water_quality_training_pipeline' retrieved from /opt/airflow/dags/water_quality_pipeline_dag.py
[2026-10-02T07:40:20.731+0000] {logging_mixin.py:190} INFO - [2026-10-02T07:40:20.730+0000] {dag.py:3239} INFO - Sync 1 DAGs
[2026-10-02T07:40:20.748+0000] {logging_mixin.py:190} INFO - [2026-10-02T07:40:20.748+0000] {dag.py:4180} INFO - Setting next_dagrun for water_quality_training_pipeline to None, run_after=None
[2026-10-02T07:40:20.767+0000] {processor.py:208} INFO - Processing /opt/airflow/dags/water_quality_pipeline_dag.py took 0.107 seconds
[2026-10-02T07:40:50.930+0000] {processor.py:186} INFO - Started process (PID=860) to work on /opt/airflow/dags/water_quality_pipeline_dag.py
[2026-10-02T07:40:50.931+0000] {processor.py:914} INFO - Processing file /opt/airflow/dags/water_quality_pipeline_dag.py for tasks to queue
[2026-10-02T07:40:50.934+0000] {logging_mixin.py:190} INFO - [2026-10-02T07:40:50.934+0000] {dagbag.py:588} INFO - Filling up the DagBag from /opt/airflow/dags/water_quality_pipeline_dag.py
[2026-10-02T07:40:50.946+0000] {processor.py:925} INFO - DAG(s) 'water_quality_training_pipeline' retrieved from /opt/airflow/dags/water_quality_pipeline_dag.py
[2026-10-02T07:40:50.986+0000] {logging_mixin.py:190} INFO - [2026-10-02T07:40:50.985+0000] {dag.py:3239} INFO - Sync 1 DAGs
[2026-10-02T07:40:51.004+0000] {logging_mixin.py:190} INFO - [2026-10-02T07:40:51.004+0000] {dag.py:4180} INFO - Setting next_dagrun for water_quality_training_pipeline to None, run_after=None
[2026-10-02T07:40:51.026+0000] {processor.py:208} INFO - Processing /opt/airflow/dags/water_quality_pipeline_dag.py took 0.105 seconds
[2026-10-02T07:41:21.273+0000] {processor.py:186} INFO - Started process (PID=881) to work on /opt/airflow/dags/water_quality_pipeline_dag.py
[2026-10-02T07:41:21.275+0000] {processor.py:914} INFO - Processing file /opt/airflow/dags/water_quality_pipeline_dag.py for tasks to queue
[2026-10-02T07:41:21.277+0000] {logging_mixin.py:190} INFO - [2026-10-02T07:41:21.277+0000] {dagbag.py:588} INFO - Filling up the DagBag from /opt/airflow/dags/water_quality_pipeline_dag.py
[2026-10-02T07:41:21.290+0000] {processor.py:925} INFO - DAG(s) 'water_quality_training_pipeline' retrieved from /opt/airflow/dags/water_quality_pipeline_dag.py
[2026-10-02T07:41:21.327+0000] {logging_mixin.py:190} INFO - [2026-10-02T07:41:21.326+0000] {dag.py:3239} INFO - Sync 1 DAGs
[2026-10-02T07:41:21.344+0000] {logging_mixin.py:190} INFO - [2026-10-02T07:41:21.344+0000] {dag.py:4180} INFO - Setting next_dagrun for water_quality_training_pipeline to None, run_after=None
[2026-10-02T07:41:21.367+0000] {processor.py:208} INFO - Processing /opt/airflow/dags/water_quality_pipeline_dag.py took 0.103 seconds
[2026-10-02T07:41:51.552+0000] {processor.py:186} INFO - Started process (PID=910) to work on /opt/airflow/dags/water_quality_pipeline_dag.py
[2026-10-02T07:41:51.553+0000] {processor.py:914} INFO - Processing file /opt/airflow/dags/water_quality_pipeline_dag.py for tasks to queue
[2026-10-02T07:41:51.555+0000] {logging_mixin.py:190} INFO - [2026-10-02T07:41:51.555+0000] {dagbag.py:588} INFO - Filling up the DagBag from /opt/airflow/dags/water_quality_pipeline_dag.py
[2026-10-02T07:41:51.570+0000] {processor.py:925} INFO - DAG(s) 'water_quality_training_pipeline' retrieved from /opt/airflow/dags/water_quality_pipeline_dag.py
[2026-10-02T07:41:51.606+0000] {logging_mixin.py:190} INFO - [2026-10-02T07:41:51.606+0000] {dag.py:3239} INFO - Sync 1 DAGs
[2026-10-02T07:41:51.622+0000] {logging_mixin.py:190} INFO - [2026-10-02T07:41:51.621+0000] {dag.py:4180} INFO - Setting next_dagrun for water_quality_training_pipeline to None, run_after=None
[2026-10-02T07:41:51.638+0000] {processor.py:208} INFO - Processing /opt/airflow/dags/water_quality_pipeline_dag.py took 0.095 seconds
[2026-10-02T07:42:21.897+0000] {processor.py:186} INFO - Started process (PID=931) to work on /opt/airflow/dags/water_quality_pipeline_dag.py
[2026-10-02T07:42:21.900+0000] {processor.py:914} INFO - Processing file /opt/airflow/dags/water_quality_pipeline_dag.py for tasks to queue
[2026-10-02T07:42:21.903+0000] {logging_mixin.py:190} INFO - [2026-10-02T07:42:21.903+0000] {dagbag.py:588} INFO - Filling up the DagBag from /opt/airflow/dags/water_quality_pipeline_dag.py
[2026-10-02T07:42:21.915+0000] {processor.py:925} INFO - DAG(s) 'water_quality_training_pipeline' retrieved from /opt/airflow/dags/water_quality_pipeline_dag.py
[2026-10-02T07:42:21.951+0000] {logging_mixin.py:190} INFO - [2026-10-02T07:42:21.950+0000] {dag.py:3239} INFO - Sync 1 DAGs
[2026-10-02T07:42:21.968+0000] {logging_mixin.py:190} INFO - [2026-10-02T07:42:21.968+0000] {dag.py:4180} INFO - Setting next_dagrun for water_quality_training_pipeline to None, run_after=None
[2026-10-02T07:42:21.991+0000] {processor.py:208} INFO - Processing /opt/airflow/dags/water_quality_pipeline_dag.py took 0.107 seconds
[2026-10-02T07:42:52.176+0000] {processor.py:186} INFO - Started process (PID=952) to work on /opt/airflow/dags/water_quality_pipeline_dag.py
[2026-10-02T07:42:52.177+0000] {processor.py:914} INFO - Processing file /opt/airflow/dags/water_quality_pipeline_dag.py for tasks to queue
[2026-10-02T07:42:52.181+0000] {logging_mixin.py:190} INFO - [2026-10-02T07:42:52.180+0000] {dagbag.py:588} INFO - Filling up the DagBag from /opt/airflow/dags/water_quality_pipeline_dag.py
[2026-10-02T07:42:52.194+0000] {processor.py:925} INFO - DAG(s) 'water_quality_training_pipeline' retrieved from /opt/airflow/dags/water_quality_pipeline_dag.py
[2026-10-02T07:42:52.236+0000] {logging_mixin.py:190} INFO - [2026-10-02T07:42:52.236+0000] {dag.py:3239} INFO - Sync 1 DAGs
[2026-10-02T07:42:52.254+0000] {logging_mixin.py:190} INFO - [2026-10-02T07:42:52.253+0000] {dag.py:4180} INFO - Setting next_dagrun for water_quality_training_pipeline to None, run_after=None
[2026-10-02T07:42:52.281+0000] {processor.py:208} INFO - Processing /opt/airflow/dags/water_quality_pipeline_dag.py took 0.117 seconds
[2026-10-02T07:49:31.693+0000] {processor.py:186} INFO - Started process (PID=981) to work on /opt/airflow/dags/water_quality_pipeline_dag.py
[2026-10-02T07:49:31.695+0000] {processor.py:914} INFO - Processing file /opt/airflow/dags/water_quality_pipeline_dag.py for tasks to queue
[2026-10-02T07:49:31.698+0000] {logging_mixin.py:190} INFO - [2026-10-02T07:49:31.698+0000] {dagbag.py:588} INFO - Filling up the DagBag from /opt/airflow/dags/water_quality_pipeline_dag.py
[2026-10-02T07:49:31.712+0000] {processor.py:925} INFO - DAG(s) 'water_quality_training_pipeline' retrieved from /opt/airflow/dags/water_quality_pipeline_dag.py
[2026-10-02T07:49:31.751+0000] {logging_mixin.py:190} INFO - [2026-10-02T07:49:31.750+0000] {dag.py:3239} INFO - Sync 1 DAGs
[2026-10-02T07:49:31.771+0000] {logging_mixin.py:190} INFO - [2026-10-02T07:49:31.770+0000] {dag.py:4180} INFO - Setting next_dagrun for water_quality_training_pipeline to None, run_after=None
[2026-10-02T07:49:31.794+0000] {processor.py:208} INFO - Processing /opt/airflow/dags/water_quality_pipeline_dag.py took 0.111 seconds
[2026-10-02T07:50:01.969+0000] {processor.py:186} INFO - Started process (PID=1002) to work on /opt/airflow/dags/water_quality_pipeline_dag.py
[2026-10-02T07:50:01.970+0000] {processor.py:914} INFO - Processing file /opt/airflow/dags/water_quality_pipeline_dag.py for tasks to queue
[2026-10-02T07:50:01.973+0000] {logging_mixin.py:190} INFO - [2026-10-02T07:50:01.972+0000] {dagbag.py:588} INFO - Filling up the DagBag from /opt/airflow/dags/water_quality_pipeline_dag.py
[2026-10-02T07:50:01.985+0000] {processor.py:925} INFO - DAG(s) 'water_quality_training_pipeline' retrieved from /opt/airflow/dags/water_quality_pipeline_dag.py
[2026-10-02T07:50:02.033+0000] {logging_mixin.py:190} INFO - [2026-10-02T07:50:02.032+0000] {dag.py:3239} INFO - Sync 1 DAGs
[2026-10-02T07:50:02.052+0000] {logging_mixin.py:190} INFO - [2026-10-02T07:50:02.052+0000] {dag.py:4180} INFO - Setting next_dagrun for water_quality_training_pipeline to None, run_after=None
[2026-10-02T07:50:02.084+0000] {processor.py:208} INFO - Processing /opt/airflow/dags/water_quality_pipeline_dag.py took 0.126 seconds
[2026-10-02T07:50:32.345+0000] {processor.py:186} INFO - Started process (PID=1023) to work on /opt/airflow/dags/water_quality_pipeline_dag.py
[2026-10-02T07:50:32.348+0000] {processor.py:914} INFO - Processing file /opt/airflow/dags/water_quality_pipeline_dag.py for tasks to queue
[2026-10-02T07:50:32.351+0000] {logging_mixin.py:190} INFO - [2026-10-02T07:50:32.350+0000] {dagbag.py:588} INFO - Filling up the DagBag from /opt/airflow/dags/water_quality_pipeline_dag.py
[2026-10-02T07:50:32.364+0000] {processor.py:925} INFO - DAG(s) 'water_quality_training_pipeline' retrieved from /opt/airflow/dags/water_quality_pipeline_dag.py
[2026-10-02T07:50:32.399+0000] {logging_mixin.py:190} INFO - [2026-10-02T07:50:32.399+0000] {dag.py:3239} INFO - Sync 1 DAGs
[2026-10-02T07:50:32.418+0000] {logging_mixin.py:190} INFO - [2026-10-02T07:50:32.417+0000] {dag.py:4180} INFO - Setting next_dagrun for water_quality_training_pipeline to None, run_after=None
[2026-10-02T07:50:32.442+0000] {processor.py:208} INFO - Processing /opt/airflow/dags/water_quality_pipeline_dag.py took 0.106 seconds
[2026-10-02T07:51:02.599+0000] {processor.py:186} INFO - Started process (PID=1052) to work on /opt/airflow/dags/water_quality_pipeline_dag.py
[2026-10-02T07:51:02.600+0000] {processor.py:914} INFO - Processing file /opt/airflow/dags/water_quality_pipeline_dag.py for tasks to queue
[2026-10-02T07:51:02.602+0000] {logging_mixin.py:190} INFO - [2026-10-02T07:51:02.602+0000] {dagbag.py:588} INFO - Filling up the DagBag from /opt/airflow/dags/water_quality_pipeline_dag.py
[2026-10-02T07:51:02.614+0000] {processor.py:925} INFO - DAG(s) 'water_quality_training_pipeline' retrieved from /opt/airflow/dags/water_quality_pipeline_dag.py
[2026-10-02T07:51:02.652+0000] {logging_mixin.py:190} INFO - [2026-10-02T07:51:02.651+0000] {dag.py:3239} INFO - Sync 1 DAGs
[2026-10-02T07:51:02.670+0000] {logging_mixin.py:190} INFO - [2026-10-02T07:51:02.669+0000] {dag.py:4180} INFO - Setting next_dagrun for water_quality_training_pipeline to None, run_after=None
[2026-10-02T07:51:02.693+0000] {processor.py:208} INFO - Processing /opt/airflow/dags/water_quality_pipeline_dag.py took 0.104 seconds
[2026-10-02T07:51:32.967+0000] {processor.py:186} INFO - Started process (PID=1073) to work on /opt/airflow/dags/water_quality_pipeline_dag.py
[2026-10-02T07:51:32.969+0000] {processor.py:914} INFO - Processing file /opt/airflow/dags/water_quality_pipeline_dag.py for tasks to queue
[2026-10-02T07:51:32.973+0000] {logging_mixin.py:190} INFO - [2026-10-02T07:51:32.972+0000] {dagbag.py:588} INFO - Filling up the DagBag from /opt/airflow/dags/water_quality_pipeline_dag.py
[2026-10-02T07:51:32.987+0000] {processor.py:925} INFO - DAG(s) 'water_quality_training_pipeline' retrieved from /opt/airflow/dags/water_quality_pipeline_dag.py
[2026-10-02T07:51:33.028+0000] {logging_mixin.py:190} INFO - [2026-10-02T07:51:33.027+0000] {dag.py:3239} INFO - Sync 1 DAGs
[2026-10-02T07:51:33.045+0000] {logging_mixin.py:190} INFO - [2026-10-02T07:51:33.045+0000] {dag.py:4180} INFO - Setting next_dagrun for water_quality_training_pipeline to None, run_after=None
[2026-10-02T07:51:33.072+0000] {processor.py:208} INFO - Processing /opt/airflow/dags/water_quality_pipeline_dag.py took 0.115 seconds
[2026-10-02T07:52:03.241+0000] {processor.py:186} INFO - Started process (PID=1101) to work on /opt/airflow/dags/water_quality_pipeline_dag.py
[2026-10-02T07:52:03.242+0000] {processor.py:914} INFO - Processing file /opt/airflow/dags/water_quality_pipeline_dag.py for tasks to queue
[2026-10-02T07:52:03.245+0000] {logging_mixin.py:190} INFO - [2026-10-02T07:52:03.245+0000] {dagbag.py:588} INFO - Filling up the DagBag from /opt/airflow/dags/water_quality_pipeline_dag.py
[2026-10-02T07:52:03.257+0000] {processor.py:925} INFO - DAG(s) 'water_quality_training_pipeline' retrieved from /opt/airflow/dags/water_quality_pipeline_dag.py
[2026-10-02T07:52:03.294+0000] {logging_mixin.py:190} INFO - [2026-10-02T07:52:03.293+0000] {dag.py:3239} INFO - Sync 1 DAGs
[2026-10-02T07:52:03.314+0000] {logging_mixin.py:190} INFO - [2026-10-02T07:52:03.314+0000] {dag.py:4180} INFO - Setting next_dagrun for water_quality_training_pipeline to None, run_after=None
[2026-10-02T07:52:03.338+0000] {processor.py:208} INFO - Processing /opt/airflow/dags/water_quality_pipeline_dag.py took 0.109 seconds
[2026-10-02T07:52:33.625+0000] {processor.py:186} INFO - Started process (PID=1123) to work on /opt/airflow/dags/water_quality_pipeline_dag.py
[2026-10-02T07:52:33.628+0000] {processor.py:914} INFO - Processing file /opt/airflow/dags/water_quality_pipeline_dag.py for tasks to queue
[2026-10-02T07:52:33.632+0000] {logging_mixin.py:190} INFO - [2026-10-02T07:52:33.631+0000] {dagbag.py:588} INFO - Filling up the DagBag from /opt/airflow/dags/water_quality_pipeline_dag.py
[2026-10-02T07:52:33.645+0000] {processor.py:925} INFO - DAG(s) 'water_quality_training_pipeline' retrieved from /opt/airflow/dags/water_quality_pipeline_dag.py
[2026-10-02T07:52:33.680+0000] {logging_mixin.py:190} INFO - [2026-10-02T07:52:33.679+0000] {dag.py:3239} INFO - Sync 1 DAGs
[2026-10-02T07:52:33.698+0000] {logging_mixin.py:190} INFO - [2026-10-02T07:52:33.697+0000] {dag.py:4180} INFO - Setting next_dagrun for water_quality_training_pipeline to None, run_after=None
[2026-10-02T07:52:33.721+0000] {processor.py:208} INFO - Processing /opt/airflow/dags/water_quality_pipeline_dag.py took 0.106 seconds
[2026-10-02T07:53:03.891+0000] {processor.py:186} INFO - Started process (PID=1144) to work on /opt/airflow/dags/water_quality_pipeline_dag.py
[2026-10-02T07:53:03.892+0000] {processor.py:914} INFO - Processing file /opt/airflow/dags/water_quality_pipeline_dag.py for tasks to queue
[2026-10-02T07:53:03.896+0000] {logging_mixin.py:190} INFO - [2026-10-02T07:53:03.895+0000] {dagbag.py:588} INFO - Filling up the DagBag from /opt/airflow/dags/water_quality_pipeline_dag.py
[2026-10-02T07:53:03.909+0000] {processor.py:925} INFO - DAG(s) 'water_quality_training_pipeline' retrieved from /opt/airflow/dags/water_quality_pipeline_dag.py
[2026-10-02T07:53:03.953+0000] {logging_mixin.py:190} INFO - [2026-10-02T07:53:03.953+0000] {dag.py:3239} INFO - Sync 1 DAGs
[2026-10-02T07:53:03.974+0000] {logging_mixin.py:190} INFO - [2026-10-02T07:53:03.974+0000] {dag.py:4180} INFO - Setting next_dagrun for water_quality_training_pipeline to None, run_after=None
[2026-10-02T07:53:04.000+0000] {processor.py:208} INFO - Processing /opt/airflow/dags/water_quality_pipeline_dag.py took 0.122 seconds
[2026-10-02T07:53:34.263+0000] {processor.py:186} INFO - Started process (PID=1173) to work on /opt/airflow/dags/water_quality_pipeline_dag.py
[2026-10-02T07:53:34.265+0000] {processor.py:914} INFO - Processing file /opt/airflow/dags/water_quality_pipeline_dag.py for tasks to queue
[2026-10-02T07:53:34.269+0000] {logging_mixin.py:190} INFO - [2026-10-02T07:53:34.269+0000] {dagbag.py:588} INFO - Filling up the DagBag from /opt/airflow/dags/water_quality_pipeline_dag.py
[2026-10-02T07:53:34.282+0000] {processor.py:925} INFO - DAG(s) 'water_quality_training_pipeline' retrieved from /opt/airflow/dags/water_quality_pipeline_dag.py
[2026-10-02T07:53:34.322+0000] {logging_mixin.py:190} INFO - [2026-10-02T07:53:34.321+0000] {dag.py:3239} INFO - Sync 1 DAGs
[2026-10-02T07:53:34.343+0000] {logging_mixin.py:190} INFO - [2026-10-02T07:53:34.342+0000] {dag.py:4180} INFO - Setting next_dagrun for water_quality_training_pipeline to None, run_after=None
[2026-10-02T07:53:34.375+0000] {processor.py:208} INFO - Processing /opt/airflow/dags/water_quality_pipeline_dag.py took 0.124 seconds
[2026-10-02T07:54:04.529+0000] {processor.py:186} INFO - Started process (PID=1194) to work on /opt/airflow/dags/water_quality_pipeline_dag.py
[2026-10-02T07:54:04.530+0000] {processor.py:914} INFO - Processing file /opt/airflow/dags/water_quality_pipeline_dag.py for tasks to queue
[2026-10-02T07:54:04.534+0000] {logging_mixin.py:190} INFO - [2026-10-02T07:54:04.533+0000] {dagbag.py:588} INFO - Filling up the DagBag from /opt/airflow/dags/water_quality_pipeline_dag.py
[2026-10-02T07:54:04.547+0000] {processor.py:925} INFO - DAG(s) 'water_quality_training_pipeline' retrieved from /opt/airflow/dags/water_quality_pipeline_dag.py
[2026-10-02T07:54:04.592+0000] {logging_mixin.py:190} INFO - [2026-10-02T07:54:04.591+0000] {dag.py:3239} INFO - Sync 1 DAGs
[2026-10-02T07:54:04.612+0000] {logging_mixin.py:190} INFO - [2026-10-02T07:54:04.611+0000] {dag.py:4180} INFO - Setting next_dagrun for water_quality_training_pipeline to None, run_after=None
[2026-10-02T07:54:04.638+0000] {processor.py:208} INFO - Processing /opt/airflow/dags/water_quality_pipeline_dag.py took 0.119 seconds
[2026-10-02T07:54:34.942+0000] {processor.py:186} INFO - Started process (PID=1364) to work on /opt/airflow/dags/water_quality_pipeline_dag.py
[2026-10-02T07:54:34.945+0000] {processor.py:914} INFO - Processing file /opt/airflow/dags/water_quality_pipeline_dag.py for tasks to queue
[2026-10-02T07:54:34.948+0000] {logging_mixin.py:190} INFO - [2026-10-02T07:54:34.948+0000] {dagbag.py:588} INFO - Filling up the DagBag from /opt/airflow/dags/water_quality_pipeline_dag.py
[2026-10-02T07:54:34.962+0000] {processor.py:925} INFO - DAG(s) 'water_quality_training_pipeline' retrieved from /opt/airflow/dags/water_quality_pipeline_dag.py
[2026-10-02T07:54:35.008+0000] {logging_mixin.py:190} INFO - [2026-10-02T07:54:35.007+0000] {dag.py:3239} INFO - Sync 1 DAGs
[2026-10-02T07:54:35.027+0000] {logging_mixin.py:190} INFO - [2026-10-02T07:54:35.027+0000] {dag.py:4180} INFO - Setting next_dagrun for water_quality_training_pipeline to None, run_after=None
[2026-10-02T07:54:35.052+0000] {processor.py:208} INFO - Processing /opt/airflow/dags/water_quality_pipeline_dag.py took 0.121 seconds
[2026-10-02T07:55:05.224+0000] {processor.py:186} INFO - Started process (PID=1495) to work on /opt/airflow/dags/water_quality_pipeline_dag.py
[2026-10-02T07:55:05.225+0000] {processor.py:914} INFO - Processing file /opt/airflow/dags/water_quality_pipeline_dag.py for tasks to queue
[2026-10-02T07:55:05.228+0000] {logging_mixin.py:190} INFO - [2026-10-02T07:55:05.228+0000] {dagbag.py:588} INFO - Filling up the DagBag from /opt/airflow/dags/water_quality_pipeline_dag.py
[2026-10-02T07:55:05.241+0000] {processor.py:925} INFO - DAG(s) 'water_quality_training_pipeline' retrieved from /opt/airflow/dags/water_quality_pipeline_dag.py
[2026-10-02T07:55:05.275+0000] {logging_mixin.py:190} INFO - [2026-10-02T07:55:05.275+0000] {dag.py:3239} INFO - Sync 1 DAGs
[2026-10-02T07:55:05.294+0000] {logging_mixin.py:190} INFO - [2026-10-02T07:55:05.293+0000] {dag.py:4180} INFO - Setting next_dagrun for water_quality_training_pipeline to None, run_after=None
[2026-10-02T07:55:05.319+0000] {processor.py:208} INFO - Processing /opt/airflow/dags/water_quality_pipeline_dag.py took 0.106 seconds
[2026-10-02T07:55:35.586+0000] {processor.py:186} INFO - Started process (PID=1599) to work on /opt/airflow/dags/water_quality_pipeline_dag.py
[2026-10-02T07:55:35.589+0000] {processor.py:914} INFO - Processing file /opt/airflow/dags/water_quality_pipeline_dag.py for tasks to queue
[2026-10-02T07:55:35.592+0000] {logging_mixin.py:190} INFO - [2026-10-02T07:55:35.592+0000] {dagbag.py:588} INFO - Filling up the DagBag from /opt/airflow/dags/water_quality_pipeline_dag.py
[2026-10-02T07:55:35.606+0000] {processor.py:925} INFO - DAG(s) 'water_quality_training_pipeline' retrieved from /opt/airflow/dags/water_quality_pipeline_dag.py
[2026-10-02T07:55:35.644+0000] {logging_mixin.py:190} INFO - [2026-10-02T07:55:35.644+0000] {dag.py:3239} INFO - Sync 1 DAGs
[2026-10-02T07:55:35.664+0000] {logging_mixin.py:190} INFO - [2026-10-02T07:55:35.664+0000] {dag.py:4180} INFO - Setting next_dagrun for water_quality_training_pipeline to None, run_after=None
[2026-10-02T07:55:35.685+0000] {processor.py:208} INFO - Processing /opt/airflow/dags/water_quality_pipeline_dag.py took 0.107 seconds
[2026-10-02T07:56:05.862+0000] {processor.py:186} INFO - Started process (PID=1669) to work on /opt/airflow/dags/water_quality_pipeline_dag.py
[2026-10-02T07:56:05.864+0000] {processor.py:914} INFO - Processing file /opt/airflow/dags/water_quality_pipeline_dag.py for tasks to queue
[2026-10-02T07:56:05.867+0000] {logging_mixin.py:190} INFO - [2026-10-02T07:56:05.867+0000] {dagbag.py:588} INFO - Filling up the DagBag from /opt/airflow/dags/water_quality_pipeline_dag.py
[2026-10-02T07:56:05.880+0000] {processor.py:925} INFO - DAG(s) 'water_quality_training_pipeline' retrieved from /opt/airflow/dags/water_quality_pipeline_dag.py
[2026-10-02T07:56:05.925+0000] {logging_mixin.py:190} INFO - [2026-10-02T07:56:05.924+0000] {dag.py:3239} INFO - Sync 1 DAGs
[2026-10-02T07:56:05.949+0000] {logging_mixin.py:190} INFO - [2026-10-02T07:56:05.949+0000] {dag.py:4180} INFO - Setting next_dagrun for water_quality_training_pipeline to None, run_after=None
[2026-10-02T07:56:05.972+0000] {processor.py:208} INFO - Processing /opt/airflow/dags/water_quality_pipeline_dag.py took 0.120 seconds
[2026-10-02T07:56:36.209+0000] {processor.py:186} INFO - Started process (PID=1691) to work on /opt/airflow/dags/water_quality_pipeline_dag.py
[2026-10-02T07:56:36.211+0000] {processor.py:914} INFO - Processing file /opt/airflow/dags/water_quality_pipeline_dag.py for tasks to queue
[2026-10-02T07:56:36.214+0000] {logging_mixin.py:190} INFO - [2026-10-02T07:56:36.214+0000] {dagbag.py:588} INFO - Filling up the DagBag from /opt/airflow/dags/water_quality_pipeline_dag.py
[2026-10-02T07:56:36.226+0000] {processor.py:925} INFO - DAG(s) 'water_quality_training_pipeline' retrieved from /opt/airflow/dags/water_quality_pipeline_dag.py
[2026-10-02T07:56:36.261+0000] {logging_mixin.py:190} INFO - [2026-10-02T07:56:36.261+0000] {dag.py:3239} INFO - Sync 1 DAGs
[2026-10-02T07:56:36.281+0000] {logging_mixin.py:190} INFO - [2026-10-02T07:56:36.280+0000] {dag.py:4180} INFO - Setting next_dagrun for water_quality_training_pipeline to None, run_after=None
[2026-10-02T07:56:36.311+0000] {processor.py:208} INFO - Processing /opt/airflow/dags/water_quality_pipeline_dag.py took 0.111 seconds
[2026-10-02T07:57:06.495+0000] {processor.py:186} INFO - Started process (PID=1711) to work on /opt/airflow/dags/water_quality_pipeline_dag.py
[2026-10-02T07:57:06.496+0000] {processor.py:914} INFO - Processing file /opt/airflow/dags/water_quality_pipeline_dag.py for tasks to queue
[2026-10-02T07:57:06.499+0000] {logging_mixin.py:190} INFO - [2026-10-02T07:57:06.499+0000] {dagbag.py:588} INFO - Filling up the DagBag from /opt/airflow/dags/water_quality_pipeline_dag.py
[2026-10-02T07:57:06.511+0000] {processor.py:925} INFO - DAG(s) 'water_quality_training_pipeline' retrieved from /opt/airflow/dags/water_quality_pipeline_dag.py
[2026-10-02T07:57:06.554+0000] {logging_mixin.py:190} INFO - [2026-10-02T07:57:06.554+0000] {dag.py:3239} INFO - Sync 1 DAGs
[2026-10-02T07:57:06.571+0000] {logging_mixin.py:190} INFO - [2026-10-02T07:57:06.571+0000] {dag.py:4180} INFO - Setting next_dagrun for water_quality_training_pipeline to None, run_after=None
[2026-10-02T07:57:06.601+0000] {processor.py:208} INFO - Processing /opt/airflow/dags/water_quality_pipeline_dag.py took 0.114 seconds
[2026-10-02T07:57:36.838+0000] {processor.py:186} INFO - Started process (PID=1740) to work on /opt/airflow/dags/water_quality_pipeline_dag.py
[2026-10-02T07:57:36.841+0000] {processor.py:914} INFO - Processing file /opt/airflow/dags/water_quality_pipeline_dag.py for tasks to queue
[2026-10-02T07:57:36.843+0000] {logging_mixin.py:190} INFO - [2026-10-02T07:57:36.843+0000] {dagbag.py:588} INFO - Filling up the DagBag from /opt/airflow/dags/water_quality_pipeline_dag.py
[2026-10-02T07:57:36.854+0000] {processor.py:925} INFO - DAG(s) 'water_quality_training_pipeline' retrieved from /opt/airflow/dags/water_quality_pipeline_dag.py
[2026-10-02T07:57:36.888+0000] {logging_mixin.py:190} INFO - [2026-10-02T07:57:36.888+0000] {dag.py:3239} INFO - Sync 1 DAGs
[2026-10-02T07:57:36.904+0000] {logging_mixin.py:190} INFO - [2026-10-02T07:57:36.904+0000] {dag.py:4180} INFO - Setting next_dagrun for water_quality_training_pipeline to None, run_after=None
[2026-10-02T07:57:36.924+0000] {processor.py:208} INFO - Processing /opt/airflow/dags/water_quality_pipeline_dag.py took 0.094 seconds
[2026-10-02T07:58:07.132+0000] {processor.py:186} INFO - Started process (PID=1761) to work on /opt/airflow/dags/water_quality_pipeline_dag.py
[2026-10-02T07:58:07.134+0000] {processor.py:914} INFO - Processing file /opt/airflow/dags/water_quality_pipeline_dag.py for tasks to queue
[2026-10-02T07:58:07.137+0000] {logging_mixin.py:190} INFO - [2026-10-02T07:58:07.137+0000] {dagbag.py:588} INFO - Filling up the DagBag from /opt/airflow/dags/water_quality_pipeline_dag.py
[2026-10-02T07:58:07.165+0000] {processor.py:925} INFO - DAG(s) 'water_quality_training_pipeline' retrieved from /opt/airflow/dags/water_quality_pipeline_dag.py
[2026-10-02T07:58:07.233+0000] {logging_mixin.py:190} INFO - [2026-10-02T07:58:07.232+0000] {dag.py:3239} INFO - Sync 1 DAGs
[2026-10-02T07:58:07.265+0000] {logging_mixin.py:190} INFO - [2026-10-02T07:58:07.265+0000] {dag.py:4180} INFO - Setting next_dagrun for water_quality_training_pipeline to None, run_after=None
[2026-10-02T07:58:07.294+0000] {processor.py:208} INFO - Processing /opt/airflow/dags/water_quality_pipeline_dag.py took 0.179 seconds
[2026-10-02T07:58:37.418+0000] {processor.py:186} INFO - Started process (PID=1782) to work on /opt/airflow/dags/water_quality_pipeline_dag.py
[2026-10-02T07:58:37.420+0000] {processor.py:914} INFO - Processing file /opt/airflow/dags/water_quality_pipeline_dag.py for tasks to queue
[2026-10-02T07:58:37.423+0000] {logging_mixin.py:190} INFO - [2026-10-02T07:58:37.423+0000] {dagbag.py:588} INFO - Filling up the DagBag from /opt/airflow/dags/water_quality_pipeline_dag.py
[2026-10-02T07:58:37.445+0000] {processor.py:925} INFO - DAG(s) 'water_quality_training_pipeline' retrieved from /opt/airflow/dags/water_quality_pipeline_dag.py
[2026-10-02T07:58:37.493+0000] {logging_mixin.py:190} INFO - [2026-10-02T07:58:37.493+0000] {dag.py:3239} INFO - Sync 1 DAGs
[2026-10-02T07:58:37.514+0000] {logging_mixin.py:190} INFO - [2026-10-02T07:58:37.514+0000] {dag.py:4180} INFO - Setting next_dagrun for water_quality_training_pipeline to None, run_after=None
[2026-10-02T07:58:37.540+0000] {processor.py:208} INFO - Processing /opt/airflow/dags/water_quality_pipeline_dag.py took 0.132 seconds
[2026-10-02T07:59:07.802+0000] {processor.py:186} INFO - Started process (PID=1811) to work on /opt/airflow/dags/water_quality_pipeline_dag.py
[2026-10-02T07:59:07.803+0000] {processor.py:914} INFO - Processing file /opt/airflow/dags/water_quality_pipeline_dag.py for tasks to queue
[2026-10-02T07:59:07.806+0000] {logging_mixin.py:190} INFO - [2026-10-02T07:59:07.805+0000] {dagbag.py:588} INFO - Filling up the DagBag from /opt/airflow/dags/water_quality_pipeline_dag.py
[2026-10-02T07:59:07.818+0000] {processor.py:925} INFO - DAG(s) 'water_quality_training_pipeline' retrieved from /opt/airflow/dags/water_quality_pipeline_dag.py
[2026-10-02T07:59:07.856+0000] {logging_mixin.py:190} INFO - [2026-10-02T07:59:07.856+0000] {dag.py:3239} INFO - Sync 1 DAGs
[2026-10-02T07:59:07.874+0000] {logging_mixin.py:190} INFO - [2026-10-02T07:59:07.874+0000] {dag.py:4180} INFO - Setting next_dagrun for water_quality_training_pipeline to None, run_after=None
[2026-10-02T07:59:07.895+0000] {processor.py:208} INFO - Processing /opt/airflow/dags/water_quality_pipeline_dag.py took 0.100 seconds
[2026-10-02T07:59:38.096+0000] {processor.py:186} INFO - Started process (PID=1832) to work on /opt/airflow/dags/water_quality_pipeline_dag.py
[2026-10-02T07:59:38.099+0000] {processor.py:914} INFO - Processing file /opt/airflow/dags/water_quality_pipeline_dag.py for tasks to queue
[2026-10-02T07:59:38.102+0000] {logging_mixin.py:190} INFO - [2026-10-02T07:59:38.102+0000] {dagbag.py:588} INFO - Filling up the DagBag from /opt/airflow/dags/water_quality_pipeline_dag.py
[2026-10-02T07:59:38.115+0000] {processor.py:925} INFO - DAG(s) 'water_quality_training_pipeline' retrieved from /opt/airflow/dags/water_quality_pipeline_dag.py
[2026-10-02T07:59:38.150+0000] {logging_mixin.py:190} INFO - [2026-10-02T07:59:38.150+0000] {dag.py:3239} INFO - Sync 1 DAGs
[2026-10-02T07:59:38.169+0000] {logging_mixin.py:190} INFO - [2026-10-02T07:59:38.169+0000] {dag.py:4180} INFO - Setting next_dagrun for water_quality_training_pipeline to None, run_after=None
[2026-10-02T07:59:38.192+0000] {processor.py:208} INFO - Processing /opt/airflow/dags/water_quality_pipeline_dag.py took 0.108 seconds
[2026-10-02T08:00:08.417+0000] {processor.py:186} INFO - Started process (PID=1853) to work on /opt/airflow/dags/water_quality_pipeline_dag.py
[2026-10-02T08:00:08.418+0000] {processor.py:914} INFO - Processing file /opt/airflow/dags/water_quality_pipeline_dag.py for tasks to queue
[2026-10-02T08:00:08.422+0000] {logging_mixin.py:190} INFO - [2026-10-02T08:00:08.422+0000] {dagbag.py:588} INFO - Filling up the DagBag from /opt/airflow/dags/water_quality_pipeline_dag.py
[2026-10-02T08:00:08.436+0000] {processor.py:925} INFO - DAG(s) 'water_quality_training_pipeline' retrieved from /opt/airflow/dags/water_quality_pipeline_dag.py
[2026-10-02T08:00:08.480+0000] {logging_mixin.py:190} INFO - [2026-10-02T08:00:08.480+0000] {dag.py:3239} INFO - Sync 1 DAGs
[2026-10-02T08:00:08.498+0000] {logging_mixin.py:190} INFO - [2026-10-02T08:00:08.498+0000] {dag.py:4180} INFO - Setting next_dagrun for water_quality_training_pipeline to None, run_after=None
[2026-10-02T08:00:08.526+0000] {processor.py:208} INFO - Processing /opt/airflow/dags/water_quality_pipeline_dag.py took 0.121 seconds
[2026-10-02T08:00:38.704+0000] {processor.py:186} INFO - Started process (PID=1882) to work on /opt/airflow/dags/water_quality_pipeline_dag.py
[2026-10-02T08:00:38.707+0000] {processor.py:914} INFO - Processing file /opt/airflow/dags/water_quality_pipeline_dag.py for tasks to queue
[2026-10-02T08:00:38.710+0000] {logging_mixin.py:190} INFO - [2026-10-02T08:00:38.710+0000] {dagbag.py:588} INFO - Filling up the DagBag from /opt/airflow/dags/water_quality_pipeline_dag.py
[2026-10-02T08:00:38.722+0000] {processor.py:925} INFO - DAG(s) 'water_quality_training_pipeline' retrieved from /opt/airflow/dags/water_quality_pipeline_dag.py
[2026-10-02T08:00:38.762+0000] {logging_mixin.py:190} INFO - [2026-10-02T08:00:38.761+0000] {dag.py:3239} INFO - Sync 1 DAGs
[2026-10-02T08:00:38.781+0000] {logging_mixin.py:190} INFO - [2026-10-02T08:00:38.780+0000] {dag.py:4180} INFO - Setting next_dagrun for water_quality_training_pipeline to None, run_after=None
[2026-10-02T08:00:38.802+0000] {processor.py:208} INFO - Processing /opt/airflow/dags/water_quality_pipeline_dag.py took 0.107 seconds
[2026-10-02T08:01:09.045+0000] {processor.py:186} INFO - Started process (PID=1902) to work on /opt/airflow/dags/water_quality_pipeline_dag.py
[2026-10-02T08:01:09.046+0000] {processor.py:914} INFO - Processing file /opt/airflow/dags/water_quality_pipeline_dag.py for tasks to queue
[2026-10-02T08:01:09.050+0000] {logging_mixin.py:190} INFO - [2026-10-02T08:01:09.049+0000] {dagbag.py:588} INFO - Filling up the DagBag from /opt/airflow/dags/water_quality_pipeline_dag.py
[2026-10-02T08:01:09.061+0000] {processor.py:925} INFO - DAG(s) 'water_quality_training_pipeline' retrieved from /opt/airflow/dags/water_quality_pipeline_dag.py
[2026-10-02T08:01:09.103+0000] {logging_mixin.py:190} INFO - [2026-10-02T08:01:09.103+0000] {dag.py:3239} INFO - Sync 1 DAGs
[2026-10-02T08:01:09.122+0000] {logging_mixin.py:190} INFO - [2026-10-02T08:01:09.122+0000] {dag.py:4180} INFO - Setting next_dagrun for water_quality_training_pipeline to None, run_after=None
[2026-10-02T08:01:09.149+0000] {processor.py:208} INFO - Processing /opt/airflow/dags/water_quality_pipeline_dag.py took 0.115 seconds
[2026-10-02T08:01:39.303+0000] {processor.py:186} INFO - Started process (PID=1931) to work on /opt/airflow/dags/water_quality_pipeline_dag.py
[2026-10-02T08:01:39.305+0000] {processor.py:914} INFO - Processing file /opt/airflow/dags/water_quality_pipeline_dag.py for tasks to queue
[2026-10-02T08:01:39.309+0000] {logging_mixin.py:190} INFO - [2026-10-02T08:01:39.309+0000] {dagbag.py:588} INFO - Filling up the DagBag from /opt/airflow/dags/water_quality_pipeline_dag.py
[2026-10-02T08:01:39.321+0000] {processor.py:925} INFO - DAG(s) 'water_quality_training_pipeline' retrieved from /opt/airflow/dags/water_quality_pipeline_dag.py
[2026-10-02T08:01:39.358+0000] {logging_mixin.py:190} INFO - [2026-10-02T08:01:39.358+0000] {dag.py:3239} INFO - Sync 1 DAGs
[2026-10-02T08:01:39.378+0000] {logging_mixin.py:190} INFO - [2026-10-02T08:01:39.378+0000] {dag.py:4180} INFO - Setting next_dagrun for water_quality_training_pipeline to None, run_after=None
[2026-10-02T08:01:39.404+0000] {processor.py:208} INFO - Processing /opt/airflow/dags/water_quality_pipeline_dag.py took 0.112 seconds
[2026-10-02T08:02:09.668+0000] {processor.py:186} INFO - Started process (PID=1952) to work on /opt/airflow/dags/water_quality_pipeline_dag.py
[2026-10-02T08:02:09.669+0000] {processor.py:914} INFO - Processing file /opt/airflow/dags/water_quality_pipeline_dag.py for tasks to queue
[2026-10-02T08:02:09.673+0000] {logging_mixin.py:190} INFO - [2026-10-02T08:02:09.672+0000] {dagbag.py:588} INFO - Filling up the DagBag from /opt/airflow/dags/water_quality_pipeline_dag.py
[2026-10-02T08:02:09.684+0000] {processor.py:925} INFO - DAG(s) 'water_quality_training_pipeline' retrieved from /opt/airflow/dags/water_quality_pipeline_dag.py
[2026-10-02T08:02:09.726+0000] {logging_mixin.py:190} INFO - [2026-10-02T08:02:09.726+0000] {dag.py:3239} INFO - Sync 1 DAGs
[2026-10-02T08:02:09.745+0000] {logging_mixin.py:190} INFO - [2026-10-02T08:02:09.745+0000] {dag.py:4180} INFO - Setting next_dagrun for water_quality_training_pipeline to None, run_after=None
[2026-10-02T08:02:09.769+0000] {processor.py:208} INFO - Processing /opt/airflow/dags/water_quality_pipeline_dag.py took 0.112 seconds
[2026-10-02T08:02:39.927+0000] {processor.py:186} INFO - Started process (PID=1973) to work on /opt/airflow/dags/water_quality_pipeline_dag.py
[2026-10-02T08:02:39.929+0000] {processor.py:914} INFO - Processing file /opt/airflow/dags/water_quality_pipeline_dag.py for tasks to queue
[2026-10-02T08:02:39.931+0000] {logging_mixin.py:190} INFO - [2026-10-02T08:02:39.931+0000] {dagbag.py:588} INFO - Filling up the DagBag from /opt/airflow/dags/water_quality_pipeline_dag.py
[2026-10-02T08:02:39.943+0000] {processor.py:925} INFO - DAG(s) 'water_quality_training_pipeline' retrieved from /opt/airflow/dags/water_quality_pipeline_dag.py
[2026-10-02T08:02:40.002+0000] {logging_mixin.py:190} INFO - [2026-10-02T08:02:40.001+0000] {dag.py:3239} INFO - Sync 1 DAGs
[2026-10-02T08:02:40.022+0000] {logging_mixin.py:190} INFO - [2026-10-02T08:02:40.022+0000] {dag.py:4180} INFO - Setting next_dagrun for water_quality_training_pipeline to None, run_after=None
[2026-10-02T08:02:40.052+0000] {processor.py:208} INFO - Processing /opt/airflow/dags/water_quality_pipeline_dag.py took 0.134 seconds
[2026-10-02T08:03:10.281+0000] {processor.py:186} INFO - Started process (PID=2003) to work on /opt/airflow/dags/water_quality_pipeline_dag.py
[2026-10-02T08:03:10.283+0000] {processor.py:914} INFO - Processing file /opt/airflow/dags/water_quality_pipeline_dag.py for tasks to queue
[2026-10-02T08:03:10.286+0000] {logging_mixin.py:190} INFO - [2026-10-02T08:03:10.285+0000] {dagbag.py:588} INFO - Filling up the DagBag from /opt/airflow/dags/water_quality_pipeline_dag.py
[2026-10-02T08:03:10.298+0000] {processor.py:925} INFO - DAG(s) 'water_quality_training_pipeline' retrieved from /opt/airflow/dags/water_quality_pipeline_dag.py
[2026-10-02T08:03:10.342+0000] {logging_mixin.py:190} INFO - [2026-10-02T08:03:10.341+0000] {dag.py:3239} INFO - Sync 1 DAGs
[2026-10-02T08:03:10.360+0000] {logging_mixin.py:190} INFO - [2026-10-02T08:03:10.360+0000] {dag.py:4180} INFO - Setting next_dagrun for water_quality_training_pipeline to None, run_after=None
[2026-10-02T08:03:10.382+0000] {processor.py:208} INFO - Processing /opt/airflow/dags/water_quality_pipeline_dag.py took 0.110 seconds
[2026-10-02T08:03:40.575+0000] {processor.py:186} INFO - Started process (PID=2024) to work on /opt/airflow/dags/water_quality_pipeline_dag.py
[2026-10-02T08:03:40.576+0000] {processor.py:914} INFO - Processing file /opt/airflow/dags/water_quality_pipeline_dag.py for tasks to queue
[2026-10-02T08:03:40.580+0000] {logging_mixin.py:190} INFO - [2026-10-02T08:03:40.579+0000] {dagbag.py:588} INFO - Filling up the DagBag from /opt/airflow/dags/water_quality_pipeline_dag.py
[2026-10-02T08:03:40.595+0000] {processor.py:925} INFO - DAG(s) 'water_quality_training_pipeline' retrieved from /opt/airflow/dags/water_quality_pipeline_dag.py
[2026-10-02T08:03:40.640+0000] {logging_mixin.py:190} INFO - [2026-10-02T08:03:40.640+0000] {dag.py:3239} INFO - Sync 1 DAGs
[2026-10-02T08:03:40.660+0000] {logging_mixin.py:190} INFO - [2026-10-02T08:03:40.660+0000] {dag.py:4180} INFO - Setting next_dagrun for water_quality_training_pipeline to None, run_after=None
[2026-10-02T08:03:40.687+0000] {processor.py:208} INFO - Processing /opt/airflow/dags/water_quality_pipeline_dag.py took 0.123 seconds
[2026-10-02T08:04:10.894+0000] {processor.py:186} INFO - Started process (PID=2052) to work on /opt/airflow/dags/water_quality_pipeline_dag.py
[2026-10-02T08:04:10.895+0000] {processor.py:914} INFO - Processing file /opt/airflow/dags/water_quality_pipeline_dag.py for tasks to queue
[2026-10-02T08:04:10.899+0000] {logging_mixin.py:190} INFO - [2026-10-02T08:04:10.899+0000] {dagbag.py:588} INFO - Filling up the DagBag from /opt/airflow/dags/water_quality_pipeline_dag.py
[2026-10-02T08:04:10.914+0000] {processor.py:925} INFO - DAG(s) 'water_quality_training_pipeline' retrieved from /opt/airflow/dags/water_quality_pipeline_dag.py
[2026-10-02T08:04:10.960+0000] {logging_mixin.py:190} INFO - [2026-10-02T08:04:10.959+0000] {dag.py:3239} INFO - Sync 1 DAGs
[2026-10-02T08:04:10.981+0000] {logging_mixin.py:190} INFO - [2026-10-02T08:04:10.980+0000] {dag.py:4180} INFO - Setting next_dagrun for water_quality_training_pipeline to None, run_after=None
[2026-10-02T08:04:11.005+0000] {processor.py:208} INFO - Processing /opt/airflow/dags/water_quality_pipeline_dag.py took 0.120 seconds
[2026-10-02T08:04:41.207+0000] {processor.py:186} INFO - Started process (PID=2074) to work on /opt/airflow/dags/water_quality_pipeline_dag.py
[2026-10-02T08:04:41.210+0000] {processor.py:914} INFO - Processing file /opt/airflow/dags/water_quality_pipeline_dag.py for tasks to queue
[2026-10-02T08:04:41.213+0000] {logging_mixin.py:190} INFO - [2026-10-02T08:04:41.212+0000] {dagbag.py:588} INFO - Filling up the DagBag from /opt/airflow/dags/water_quality_pipeline_dag.py
[2026-10-02T08:04:41.223+0000] {processor.py:925} INFO - DAG(s) 'water_quality_training_pipeline' retrieved from /opt/airflow/dags/water_quality_pipeline_dag.py
[2026-10-02T08:04:41.265+0000] {logging_mixin.py:190} INFO - [2026-10-02T08:04:41.265+0000] {dag.py:3239} INFO - Sync 1 DAGs
[2026-10-02T08:04:41.284+0000] {logging_mixin.py:190} INFO - [2026-10-02T08:04:41.284+0000] {dag.py:4180} INFO - Setting next_dagrun for water_quality_training_pipeline to None, run_after=None
[2026-10-02T08:04:41.306+0000] {processor.py:208} INFO - Processing /opt/airflow/dags/water_quality_pipeline_dag.py took 0.110 seconds
[2026-10-02T08:05:11.517+0000] {processor.py:186} INFO - Started process (PID=2095) to work on /opt/airflow/dags/water_quality_pipeline_dag.py
[2026-10-02T08:05:11.518+0000] {processor.py:914} INFO - Processing file /opt/airflow/dags/water_quality_pipeline_dag.py for tasks to queue
[2026-10-02T08:05:11.522+0000] {logging_mixin.py:190} INFO - [2026-10-02T08:05:11.522+0000] {dagbag.py:588} INFO - Filling up the DagBag from /opt/airflow/dags/water_quality_pipeline_dag.py
[2026-10-02T08:05:11.533+0000] {processor.py:925} INFO - DAG(s) 'water_quality_training_pipeline' retrieved from /opt/airflow/dags/water_quality_pipeline_dag.py
[2026-10-02T08:05:11.567+0000] {logging_mixin.py:190} INFO - [2026-10-02T08:05:11.567+0000] {dag.py:3239} INFO - Sync 1 DAGs
[2026-10-02T08:05:11.588+0000] {logging_mixin.py:190} INFO - [2026-10-02T08:05:11.588+0000] {dag.py:4180} INFO - Setting next_dagrun for water_quality_training_pipeline to None, run_after=None
[2026-10-02T08:05:11.608+0000] {processor.py:208} INFO - Processing /opt/airflow/dags/water_quality_pipeline_dag.py took 0.103 seconds
[2026-10-02T08:05:41.806+0000] {processor.py:186} INFO - Started process (PID=2122) to work on /opt/airflow/dags/water_quality_pipeline_dag.py
[2026-10-02T08:05:41.809+0000] {processor.py:914} INFO - Processing file /opt/airflow/dags/water_quality_pipeline_dag.py for tasks to queue
[2026-10-02T08:05:41.813+0000] {logging_mixin.py:190} INFO - [2026-10-02T08:05:41.812+0000] {dagbag.py:588} INFO - Filling up the DagBag from /opt/airflow/dags/water_quality_pipeline_dag.py
[2026-10-02T08:05:41.826+0000] {processor.py:925} INFO - DAG(s) 'water_quality_training_pipeline' retrieved from /opt/airflow/dags/water_quality_pipeline_dag.py
[2026-10-02T08:05:41.867+0000] {logging_mixin.py:190} INFO - [2026-10-02T08:05:41.867+0000] {dag.py:3239} INFO - Sync 1 DAGs
[2026-10-02T08:05:41.888+0000] {logging_mixin.py:190} INFO - [2026-10-02T08:05:41.887+0000] {dag.py:4180} INFO - Setting next_dagrun for water_quality_training_pipeline to None, run_after=None
[2026-10-02T08:05:41.914+0000] {processor.py:208} INFO - Processing /opt/airflow/dags/water_quality_pipeline_dag.py took 0.117 seconds
[2026-10-02T08:06:12.119+0000] {processor.py:186} INFO - Started process (PID=2144) to work on /opt/airflow/dags/water_quality_pipeline_dag.py
[2026-10-02T08:06:12.120+0000] {processor.py:914} INFO - Processing file /opt/airflow/dags/water_quality_pipeline_dag.py for tasks to queue
[2026-10-02T08:06:12.123+0000] {logging_mixin.py:190} INFO - [2026-10-02T08:06:12.123+0000] {dagbag.py:588} INFO - Filling up the DagBag from /opt/airflow/dags/water_quality_pipeline_dag.py
[2026-10-02T08:06:12.136+0000] {processor.py:925} INFO - DAG(s) 'water_quality_training_pipeline' retrieved from /opt/airflow/dags/water_quality_pipeline_dag.py
[2026-10-02T08:06:12.173+0000] {logging_mixin.py:190} INFO - [2026-10-02T08:06:12.173+0000] {dag.py:3239} INFO - Sync 1 DAGs
[2026-10-02T08:06:12.192+0000] {logging_mixin.py:190} INFO - [2026-10-02T08:06:12.191+0000] {dag.py:4180} INFO - Setting next_dagrun for water_quality_training_pipeline to None, run_after=None
[2026-10-02T08:06:12.214+0000] {processor.py:208} INFO - Processing /opt/airflow/dags/water_quality_pipeline_dag.py took 0.106 seconds
[2026-10-02T08:06:42.433+0000] {processor.py:186} INFO - Started process (PID=2165) to work on /opt/airflow/dags/water_quality_pipeline_dag.py
[2026-10-02T08:06:42.435+0000] {processor.py:914} INFO - Processing file /opt/airflow/dags/water_quality_pipeline_dag.py for tasks to queue
[2026-10-02T08:06:42.437+0000] {logging_mixin.py:190} INFO - [2026-10-02T08:06:42.437+0000] {dagbag.py:588} INFO - Filling up the DagBag from /opt/airflow/dags/water_quality_pipeline_dag.py
[2026-10-02T08:06:42.450+0000] {processor.py:925} INFO - DAG(s) 'water_quality_training_pipeline' retrieved from /opt/airflow/dags/water_quality_pipeline_dag.py
[2026-10-02T08:06:42.494+0000] {logging_mixin.py:190} INFO - [2026-10-02T08:06:42.493+0000] {dag.py:3239} INFO - Sync 1 DAGs
[2026-10-02T08:06:42.514+0000] {logging_mixin.py:190} INFO - [2026-10-02T08:06:42.514+0000] {dag.py:4180} INFO - Setting next_dagrun for water_quality_training_pipeline to None, run_after=None
[2026-10-02T08:06:42.535+0000] {processor.py:208} INFO - Processing /opt/airflow/dags/water_quality_pipeline_dag.py took 0.117 seconds
[2026-10-02T08:07:12.727+0000] {processor.py:186} INFO - Started process (PID=2194) to work on /opt/airflow/dags/water_quality_pipeline_dag.py
[2026-10-02T08:07:12.728+0000] {processor.py:914} INFO - Processing file /opt/airflow/dags/water_quality_pipeline_dag.py for tasks to queue
[2026-10-02T08:07:12.730+0000] {logging_mixin.py:190} INFO - [2026-10-02T08:07:12.730+0000] {dagbag.py:588} INFO - Filling up the DagBag from /opt/airflow/dags/water_quality_pipeline_dag.py
[2026-10-02T08:07:12.741+0000] {processor.py:925} INFO - DAG(s) 'water_quality_training_pipeline' retrieved from /opt/airflow/dags/water_quality_pipeline_dag.py
[2026-10-02T08:07:12.780+0000] {logging_mixin.py:190} INFO - [2026-10-02T08:07:12.779+0000] {dag.py:3239} INFO - Sync 1 DAGs
[2026-10-02T08:07:12.794+0000] {logging_mixin.py:190} INFO - [2026-10-02T08:07:12.794+0000] {dag.py:4180} INFO - Setting next_dagrun for water_quality_training_pipeline to None, run_after=None
[2026-10-02T08:07:12.812+0000] {processor.py:208} INFO - Processing /opt/airflow/dags/water_quality_pipeline_dag.py took 0.091 seconds
[2026-10-02T08:07:43.041+0000] {processor.py:186} INFO - Started process (PID=2214) to work on /opt/airflow/dags/water_quality_pipeline_dag.py
[2026-10-02T08:07:43.044+0000] {processor.py:914} INFO - Processing file /opt/airflow/dags/water_quality_pipeline_dag.py for tasks to queue
[2026-10-02T08:07:43.046+0000] {logging_mixin.py:190} INFO - [2026-10-02T08:07:43.046+0000] {dagbag.py:588} INFO - Filling up the DagBag from /opt/airflow/dags/water_quality_pipeline_dag.py
[2026-10-02T08:07:43.058+0000] {processor.py:925} INFO - DAG(s) 'water_quality_training_pipeline' retrieved from /opt/airflow/dags/water_quality_pipeline_dag.py
[2026-10-02T08:07:43.098+0000] {logging_mixin.py:190} INFO - [2026-10-02T08:07:43.098+0000] {dag.py:3239} INFO - Sync 1 DAGs
[2026-10-02T08:07:43.117+0000] {logging_mixin.py:190} INFO - [2026-10-02T08:07:43.117+0000] {dag.py:4180} INFO - Setting next_dagrun for water_quality_training_pipeline to None, run_after=None
[2026-10-02T08:07:43.141+0000] {processor.py:208} INFO - Processing /opt/airflow/dags/water_quality_pipeline_dag.py took 0.112 seconds
[2026-10-02T08:08:13.314+0000] {processor.py:186} INFO - Started process (PID=2242) to work on /opt/airflow/dags/water_quality_pipeline_dag.py
[2026-10-02T08:08:13.315+0000] {processor.py:914} INFO - Processing file /opt/airflow/dags/water_quality_pipeline_dag.py for tasks to queue
[2026-10-02T08:08:13.320+0000] {logging_mixin.py:190} INFO - [2026-10-02T08:08:13.319+0000] {dagbag.py:588} INFO - Filling up the DagBag from /opt/airflow/dags/water_quality_pipeline_dag.py
[2026-10-02T08:08:13.336+0000] {processor.py:925} INFO - DAG(s) 'water_quality_training_pipeline' retrieved from /opt/airflow/dags/water_quality_pipeline_dag.py
[2026-10-02T08:08:13.397+0000] {logging_mixin.py:190} INFO - [2026-10-02T08:08:13.397+0000] {dag.py:3239} INFO - Sync 1 DAGs
[2026-10-02T08:08:13.433+0000] {logging_mixin.py:190} INFO - [2026-10-02T08:08:13.432+0000] {dag.py:4180} INFO - Setting next_dagrun for water_quality_training_pipeline to None, run_after=None
[2026-10-02T08:08:13.465+0000] {processor.py:208} INFO - Processing /opt/airflow/dags/water_quality_pipeline_dag.py took 0.165 seconds
[2026-10-02T08:08:43.641+0000] {processor.py:186} INFO - Started process (PID=2264) to work on /opt/airflow/dags/water_quality_pipeline_dag.py
[2026-10-02T08:08:43.644+0000] {processor.py:914} INFO - Processing file /opt/airflow/dags/water_quality_pipeline_dag.py for tasks to queue
[2026-10-02T08:08:43.648+0000] {logging_mixin.py:190} INFO - [2026-10-02T08:08:43.646+0000] {dagbag.py:588} INFO - Filling up the DagBag from /opt/airflow/dags/water_quality_pipeline_dag.py
[2026-10-02T08:08:43.660+0000] {processor.py:925} INFO - DAG(s) 'water_quality_training_pipeline' retrieved from /opt/airflow/dags/water_quality_pipeline_dag.py
[2026-10-02T08:08:43.694+0000] {logging_mixin.py:190} INFO - [2026-10-02T08:08:43.694+0000] {dag.py:3239} INFO - Sync 1 DAGs
[2026-10-02T08:08:43.714+0000] {logging_mixin.py:190} INFO - [2026-10-02T08:08:43.713+0000] {dag.py:4180} INFO - Setting next_dagrun for water_quality_training_pipeline to None, run_after=None
[2026-10-02T08:08:43.733+0000] {processor.py:208} INFO - Processing /opt/airflow/dags/water_quality_pipeline_dag.py took 0.102 seconds
[2026-10-02T08:09:13.985+0000] {processor.py:186} INFO - Started process (PID=2285) to work on /opt/airflow/dags/water_quality_pipeline_dag.py
[2026-10-02T08:09:13.986+0000] {processor.py:914} INFO - Processing file /opt/airflow/dags/water_quality_pipeline_dag.py for tasks to queue
[2026-10-02T08:09:13.990+0000] {logging_mixin.py:190} INFO - [2026-10-02T08:09:13.989+0000] {dagbag.py:588} INFO - Filling up the DagBag from /opt/airflow/dags/water_quality_pipeline_dag.py
[2026-10-02T08:09:14.004+0000] {processor.py:925} INFO - DAG(s) 'water_quality_training_pipeline' retrieved from /opt/airflow/dags/water_quality_pipeline_dag.py
[2026-10-02T08:09:14.044+0000] {logging_mixin.py:190} INFO - [2026-10-02T08:09:14.043+0000] {dag.py:3239} INFO - Sync 1 DAGs
[2026-10-02T08:09:14.064+0000] {logging_mixin.py:190} INFO - [2026-10-02T08:09:14.063+0000] {dag.py:4180} INFO - Setting next_dagrun for water_quality_training_pipeline to None, run_after=None
[2026-10-02T08:09:14.088+0000] {processor.py:208} INFO - Processing /opt/airflow/dags/water_quality_pipeline_dag.py took 0.113 seconds
[2026-10-02T08:09:44.268+0000] {processor.py:186} INFO - Started process (PID=2314) to work on /opt/airflow/dags/water_quality_pipeline_dag.py
[2026-10-02T08:09:44.271+0000] {processor.py:914} INFO - Processing file /opt/airflow/dags/water_quality_pipeline_dag.py for tasks to queue
[2026-10-02T08:09:44.275+0000] {logging_mixin.py:190} INFO - [2026-10-02T08:09:44.274+0000] {dagbag.py:588} INFO - Filling up the DagBag from /opt/airflow/dags/water_quality_pipeline_dag.py
[2026-10-02T08:09:44.286+0000] {processor.py:925} INFO - DAG(s) 'water_quality_training_pipeline' retrieved from /opt/airflow/dags/water_quality_pipeline_dag.py
[2026-10-02T08:09:44.414+0000] {logging_mixin.py:190} INFO - [2026-10-02T08:09:44.414+0000] {dag.py:3239} INFO - Sync 1 DAGs
[2026-10-02T08:09:44.434+0000] {logging_mixin.py:190} INFO - [2026-10-02T08:09:44.434+0000] {dag.py:4180} INFO - Setting next_dagrun for water_quality_training_pipeline to None, run_after=None
[2026-10-02T08:09:44.458+0000] {processor.py:208} INFO - Processing /opt/airflow/dags/water_quality_pipeline_dag.py took 0.202 seconds
[2026-10-02T08:10:14.609+0000] {processor.py:186} INFO - Started process (PID=2335) to work on /opt/airflow/dags/water_quality_pipeline_dag.py
[2026-10-02T08:10:14.610+0000] {processor.py:914} INFO - Processing file /opt/airflow/dags/water_quality_pipeline_dag.py for tasks to queue
[2026-10-02T08:10:14.613+0000] {logging_mixin.py:190} INFO - [2026-10-02T08:10:14.612+0000] {dagbag.py:588} INFO - Filling up the DagBag from /opt/airflow/dags/water_quality_pipeline_dag.py
[2026-10-02T08:10:14.628+0000] {processor.py:925} INFO - DAG(s) 'water_quality_training_pipeline' retrieved from /opt/airflow/dags/water_quality_pipeline_dag.py
[2026-10-02T08:10:14.678+0000] {logging_mixin.py:190} INFO - [2026-10-02T08:10:14.677+0000] {dag.py:3239} INFO - Sync 1 DAGs
[2026-10-02T08:10:14.697+0000] {logging_mixin.py:190} INFO - [2026-10-02T08:10:14.697+0000] {dag.py:4180} INFO - Setting next_dagrun for water_quality_training_pipeline to None, run_after=None
[2026-10-02T08:10:14.722+0000] {processor.py:208} INFO - Processing /opt/airflow/dags/water_quality_pipeline_dag.py took 0.123 seconds
[2026-10-02T08:10:44.967+0000] {processor.py:186} INFO - Started process (PID=2361) to work on /opt/airflow/dags/water_quality_pipeline_dag.py
[2026-10-02T08:10:44.968+0000] {processor.py:914} INFO - Processing file /opt/airflow/dags/water_quality_pipeline_dag.py for tasks to queue
[2026-10-02T08:10:44.971+0000] {logging_mixin.py:190} INFO - [2026-10-02T08:10:44.971+0000] {dagbag.py:588} INFO - Filling up the DagBag from /opt/airflow/dags/water_quality_pipeline_dag.py
[2026-10-02T08:10:44.986+0000] {processor.py:925} INFO - DAG(s) 'water_quality_training_pipeline' retrieved from /opt/airflow/dags/water_quality_pipeline_dag.py
[2026-10-02T08:10:45.044+0000] {logging_mixin.py:190} INFO - [2026-10-02T08:10:45.043+0000] {dag.py:3239} INFO - Sync 1 DAGs
[2026-10-02T08:10:45.065+0000] {logging_mixin.py:190} INFO - [2026-10-02T08:10:45.065+0000] {dag.py:4180} INFO - Setting next_dagrun for water_quality_training_pipeline to None, run_after=None
[2026-10-02T08:10:45.088+0000] {processor.py:208} INFO - Processing /opt/airflow/dags/water_quality_pipeline_dag.py took 0.130 seconds
[2026-10-02T08:11:15.215+0000] {processor.py:186} INFO - Started process (PID=2385) to work on /opt/airflow/dags/water_quality_pipeline_dag.py
[2026-10-02T08:11:15.216+0000] {processor.py:914} INFO - Processing file /opt/airflow/dags/water_quality_pipeline_dag.py for tasks to queue
[2026-10-02T08:11:15.219+0000] {logging_mixin.py:190} INFO - [2026-10-02T08:11:15.218+0000] {dagbag.py:588} INFO - Filling up the DagBag from /opt/airflow/dags/water_quality_pipeline_dag.py
[2026-10-02T08:11:15.231+0000] {processor.py:925} INFO - DAG(s) 'water_quality_training_pipeline' retrieved from /opt/airflow/dags/water_quality_pipeline_dag.py
[2026-10-02T08:11:15.282+0000] {logging_mixin.py:190} INFO - [2026-10-02T08:11:15.282+0000] {dag.py:3239} INFO - Sync 1 DAGs
[2026-10-02T08:11:15.297+0000] {logging_mixin.py:190} INFO - [2026-10-02T08:11:15.297+0000] {dag.py:4180} INFO - Setting next_dagrun for water_quality_training_pipeline to None, run_after=None
[2026-10-02T08:11:15.316+0000] {processor.py:208} INFO - Processing /opt/airflow/dags/water_quality_pipeline_dag.py took 0.113 seconds
[2026-10-02T08:11:45.604+0000] {processor.py:186} INFO - Started process (PID=2407) to work on /opt/airflow/dags/water_quality_pipeline_dag.py
[2026-10-02T08:11:45.605+0000] {processor.py:914} INFO - Processing file /opt/airflow/dags/water_quality_pipeline_dag.py for tasks to queue
[2026-10-02T08:11:45.608+0000] {logging_mixin.py:190} INFO - [2026-10-02T08:11:45.608+0000] {dagbag.py:588} INFO - Filling up the DagBag from /opt/airflow/dags/water_quality_pipeline_dag.py
[2026-10-02T08:11:45.619+0000] {processor.py:925} INFO - DAG(s) 'water_quality_training_pipeline' retrieved from /opt/airflow/dags/water_quality_pipeline_dag.py
[2026-10-02T08:11:45.665+0000] {logging_mixin.py:190} INFO - [2026-10-02T08:11:45.665+0000] {dag.py:3239} INFO - Sync 1 DAGs
[2026-10-02T08:11:45.684+0000] {logging_mixin.py:190} INFO - [2026-10-02T08:11:45.683+0000] {dag.py:4180} INFO - Setting next_dagrun for water_quality_training_pipeline to None, run_after=None
[2026-10-02T08:11:45.704+0000] {processor.py:208} INFO - Processing /opt/airflow/dags/water_quality_pipeline_dag.py took 0.112 seconds
[2026-10-02T08:12:15.849+0000] {processor.py:186} INFO - Started process (PID=2436) to work on /opt/airflow/dags/water_quality_pipeline_dag.py
[2026-10-02T08:12:15.850+0000] {processor.py:914} INFO - Processing file /opt/airflow/dags/water_quality_pipeline_dag.py for tasks to queue
[2026-10-02T08:12:15.853+0000] {logging_mixin.py:190} INFO - [2026-10-02T08:12:15.852+0000] {dagbag.py:588} INFO - Filling up the DagBag from /opt/airflow/dags/water_quality_pipeline_dag.py
[2026-10-02T08:12:15.866+0000] {processor.py:925} INFO - DAG(s) 'water_quality_training_pipeline' retrieved from /opt/airflow/dags/water_quality_pipeline_dag.py
[2026-10-02T08:12:15.918+0000] {logging_mixin.py:190} INFO - [2026-10-02T08:12:15.917+0000] {dag.py:3239} INFO - Sync 1 DAGs
[2026-10-02T08:12:15.934+0000] {logging_mixin.py:190} INFO - [2026-10-02T08:12:15.934+0000] {dag.py:4180} INFO - Setting next_dagrun for water_quality_training_pipeline to None, run_after=None
[2026-10-02T08:12:15.961+0000] {processor.py:208} INFO - Processing /opt/airflow/dags/water_quality_pipeline_dag.py took 0.123 seconds
[2026-10-02T08:12:46.206+0000] {processor.py:186} INFO - Started process (PID=2458) to work on /opt/airflow/dags/water_quality_pipeline_dag.py
[2026-10-02T08:12:46.209+0000] {processor.py:914} INFO - Processing file /opt/airflow/dags/water_quality_pipeline_dag.py for tasks to queue
[2026-10-02T08:12:46.213+0000] {logging_mixin.py:190} INFO - [2026-10-02T08:12:46.212+0000] {dagbag.py:588} INFO - Filling up the DagBag from /opt/airflow/dags/water_quality_pipeline_dag.py
[2026-10-02T08:12:46.228+0000] {processor.py:925} INFO - DAG(s) 'water_quality_training_pipeline' retrieved from /opt/airflow/dags/water_quality_pipeline_dag.py
[2026-10-02T08:12:46.281+0000] {logging_mixin.py:190} INFO - [2026-10-02T08:12:46.281+0000] {dag.py:3239} INFO - Sync 1 DAGs
[2026-10-02T08:12:46.298+0000] {logging_mixin.py:190} INFO - [2026-10-02T08:12:46.297+0000] {dag.py:4180} INFO - Setting next_dagrun for water_quality_training_pipeline to None, run_after=None
[2026-10-02T08:12:46.316+0000] {processor.py:208} INFO - Processing /opt/airflow/dags/water_quality_pipeline_dag.py took 0.118 seconds
[2026-10-02T08:13:16.450+0000] {processor.py:186} INFO - Started process (PID=2479) to work on /opt/airflow/dags/water_quality_pipeline_dag.py
[2026-10-02T08:13:16.451+0000] {processor.py:914} INFO - Processing file /opt/airflow/dags/water_quality_pipeline_dag.py for tasks to queue
[2026-10-02T08:13:16.455+0000] {logging_mixin.py:190} INFO - [2026-10-02T08:13:16.454+0000] {dagbag.py:588} INFO - Filling up the DagBag from /opt/airflow/dags/water_quality_pipeline_dag.py
[2026-10-02T08:13:16.468+0000] {processor.py:925} INFO - DAG(s) 'water_quality_training_pipeline' retrieved from /opt/airflow/dags/water_quality_pipeline_dag.py
[2026-10-02T08:13:16.521+0000] {logging_mixin.py:190} INFO - [2026-10-02T08:13:16.520+0000] {dag.py:3239} INFO - Sync 1 DAGs
[2026-10-02T08:13:16.543+0000] {logging_mixin.py:190} INFO - [2026-10-02T08:13:16.543+0000] {dag.py:4180} INFO - Setting next_dagrun for water_quality_training_pipeline to None, run_after=None
[2026-10-02T08:13:16.566+0000] {processor.py:208} INFO - Processing /opt/airflow/dags/water_quality_pipeline_dag.py took 0.127 seconds
[2026-10-02T08:13:46.839+0000] {processor.py:186} INFO - Started process (PID=2508) to work on /opt/airflow/dags/water_quality_pipeline_dag.py
[2026-10-02T08:13:46.843+0000] {processor.py:914} INFO - Processing file /opt/airflow/dags/water_quality_pipeline_dag.py for tasks to queue
[2026-10-02T08:13:46.848+0000] {logging_mixin.py:190} INFO - [2026-10-02T08:13:46.848+0000] {dagbag.py:588} INFO - Filling up the DagBag from /opt/airflow/dags/water_quality_pipeline_dag.py
[2026-10-02T08:13:46.862+0000] {processor.py:925} INFO - DAG(s) 'water_quality_training_pipeline' retrieved from /opt/airflow/dags/water_quality_pipeline_dag.py
[2026-10-02T08:13:46.912+0000] {logging_mixin.py:190} INFO - [2026-10-02T08:13:46.911+0000] {dag.py:3239} INFO - Sync 1 DAGs
[2026-10-02T08:13:46.930+0000] {logging_mixin.py:190} INFO - [2026-10-02T08:13:46.929+0000] {dag.py:4180} INFO - Setting next_dagrun for water_quality_training_pipeline to None, run_after=None
[2026-10-02T08:13:46.952+0000] {processor.py:208} INFO - Processing /opt/airflow/dags/water_quality_pipeline_dag.py took 0.127 seconds
[2026-10-02T08:14:17.092+0000] {processor.py:186} INFO - Started process (PID=2529) to work on /opt/airflow/dags/water_quality_pipeline_dag.py
[2026-10-02T08:14:17.093+0000] {processor.py:914} INFO - Processing file /opt/airflow/dags/water_quality_pipeline_dag.py for tasks to queue
[2026-10-02T08:14:17.097+0000] {logging_mixin.py:190} INFO - [2026-10-02T08:14:17.097+0000] {dagbag.py:588} INFO - Filling up the DagBag from /opt/airflow/dags/water_quality_pipeline_dag.py
[2026-10-02T08:14:17.113+0000] {processor.py:925} INFO - DAG(s) 'water_quality_training_pipeline' retrieved from /opt/airflow/dags/water_quality_pipeline_dag.py
[2026-10-02T08:14:17.162+0000] {logging_mixin.py:190} INFO - [2026-10-02T08:14:17.161+0000] {dag.py:3239} INFO - Sync 1 DAGs
[2026-10-02T08:14:17.182+0000] {logging_mixin.py:190} INFO - [2026-10-02T08:14:17.182+0000] {dag.py:4180} INFO - Setting next_dagrun for water_quality_training_pipeline to None, run_after=None
[2026-10-02T08:14:17.209+0000] {processor.py:208} INFO - Processing /opt/airflow/dags/water_quality_pipeline_dag.py took 0.127 seconds
[2026-10-02T08:14:47.481+0000] {processor.py:186} INFO - Started process (PID=2557) to work on /opt/airflow/dags/water_quality_pipeline_dag.py
[2026-10-02T08:14:47.484+0000] {processor.py:914} INFO - Processing file /opt/airflow/dags/water_quality_pipeline_dag.py for tasks to queue
[2026-10-02T08:14:47.487+0000] {logging_mixin.py:190} INFO - [2026-10-02T08:14:47.486+0000] {dagbag.py:588} INFO - Filling up the DagBag from /opt/airflow/dags/water_quality_pipeline_dag.py
[2026-10-02T08:14:47.501+0000] {processor.py:925} INFO - DAG(s) 'water_quality_training_pipeline' retrieved from /opt/airflow/dags/water_quality_pipeline_dag.py
[2026-10-02T08:14:47.559+0000] {logging_mixin.py:190} INFO - [2026-10-02T08:14:47.558+0000] {dag.py:3239} INFO - Sync 1 DAGs
[2026-10-02T08:14:47.577+0000] {logging_mixin.py:190} INFO - [2026-10-02T08:14:47.576+0000] {dag.py:4180} INFO - Setting next_dagrun for water_quality_training_pipeline to None, run_after=None
[2026-10-02T08:14:47.598+0000] {processor.py:208} INFO - Processing /opt/airflow/dags/water_quality_pipeline_dag.py took 0.129 seconds
[2026-10-02T08:15:17.717+0000] {processor.py:186} INFO - Started process (PID=2579) to work on /opt/airflow/dags/water_quality_pipeline_dag.py
[2026-10-02T08:15:17.718+0000] {processor.py:914} INFO - Processing file /opt/airflow/dags/water_quality_pipeline_dag.py for tasks to queue
[2026-10-02T08:15:17.721+0000] {logging_mixin.py:190} INFO - [2026-10-02T08:15:17.721+0000] {dagbag.py:588} INFO - Filling up the DagBag from /opt/airflow/dags/water_quality_pipeline_dag.py
[2026-10-02T08:15:17.736+0000] {processor.py:925} INFO - DAG(s) 'water_quality_training_pipeline' retrieved from /opt/airflow/dags/water_quality_pipeline_dag.py
[2026-10-02T08:15:17.797+0000] {logging_mixin.py:190} INFO - [2026-10-02T08:15:17.796+0000] {dag.py:3239} INFO - Sync 1 DAGs
[2026-10-02T08:15:17.817+0000] {logging_mixin.py:190} INFO - [2026-10-02T08:15:17.817+0000] {dag.py:4180} INFO - Setting next_dagrun for water_quality_training_pipeline to None, run_after=None
[2026-10-02T08:15:17.844+0000] {processor.py:208} INFO - Processing /opt/airflow/dags/water_quality_pipeline_dag.py took 0.139 seconds
[2026-10-02T08:15:48.117+0000] {processor.py:186} INFO - Started process (PID=2601) to work on /opt/airflow/dags/water_quality_pipeline_dag.py
[2026-10-02T08:15:48.120+0000] {processor.py:914} INFO - Processing file /opt/airflow/dags/water_quality_pipeline_dag.py for tasks to queue
[2026-10-02T08:15:48.123+0000] {logging_mixin.py:190} INFO - [2026-10-02T08:15:48.123+0000] {dagbag.py:588} INFO - Filling up the DagBag from /opt/airflow/dags/water_quality_pipeline_dag.py
[2026-10-02T08:15:48.137+0000] {processor.py:925} INFO - DAG(s) 'water_quality_training_pipeline' retrieved from /opt/airflow/dags/water_quality_pipeline_dag.py
[2026-10-02T08:15:48.189+0000] {logging_mixin.py:190} INFO - [2026-10-02T08:15:48.188+0000] {dag.py:3239} INFO - Sync 1 DAGs
[2026-10-02T08:15:48.208+0000] {logging_mixin.py:190} INFO - [2026-10-02T08:15:48.208+0000] {dag.py:4180} INFO - Setting next_dagrun for water_quality_training_pipeline to None, run_after=None
[2026-10-02T08:15:48.235+0000] {processor.py:208} INFO - Processing /opt/airflow/dags/water_quality_pipeline_dag.py took 0.127 seconds
[2026-10-02T08:16:18.367+0000] {processor.py:186} INFO - Started process (PID=2630) to work on /opt/airflow/dags/water_quality_pipeline_dag.py
[2026-10-02T08:16:18.368+0000] {processor.py:914} INFO - Processing file /opt/airflow/dags/water_quality_pipeline_dag.py for tasks to queue
[2026-10-02T08:16:18.370+0000] {logging_mixin.py:190} INFO - [2026-10-02T08:16:18.370+0000] {dagbag.py:588} INFO - Filling up the DagBag from /opt/airflow/dags/water_quality_pipeline_dag.py
[2026-10-02T08:16:18.383+0000] {processor.py:925} INFO - DAG(s) 'water_quality_training_pipeline' retrieved from /opt/airflow/dags/water_quality_pipeline_dag.py
[2026-10-02T08:16:18.429+0000] {logging_mixin.py:190} INFO - [2026-10-02T08:16:18.429+0000] {dag.py:3239} INFO - Sync 1 DAGs
[2026-10-02T08:16:18.450+0000] {logging_mixin.py:190} INFO - [2026-10-02T08:16:18.449+0000] {dag.py:4180} INFO - Setting next_dagrun for water_quality_training_pipeline to None, run_after=None
[2026-10-02T08:16:18.488+0000] {processor.py:208} INFO - Processing /opt/airflow/dags/water_quality_pipeline_dag.py took 0.130 seconds
[2026-10-02T08:16:48.746+0000] {processor.py:186} INFO - Started process (PID=2650) to work on /opt/airflow/dags/water_quality_pipeline_dag.py
[2026-10-02T08:16:48.748+0000] {processor.py:914} INFO - Processing file /opt/airflow/dags/water_quality_pipeline_dag.py for tasks to queue
[2026-10-02T08:16:48.752+0000] {logging_mixin.py:190} INFO - [2026-10-02T08:16:48.751+0000] {dagbag.py:588} INFO - Filling up the DagBag from /opt/airflow/dags/water_quality_pipeline_dag.py
[2026-10-02T08:16:48.764+0000] {processor.py:925} INFO - DAG(s) 'water_quality_training_pipeline' retrieved from /opt/airflow/dags/water_quality_pipeline_dag.py
[2026-10-02T08:16:48.813+0000] {logging_mixin.py:190} INFO - [2026-10-02T08:16:48.813+0000] {dag.py:3239} INFO - Sync 1 DAGs
[2026-10-02T08:16:48.828+0000] {logging_mixin.py:190} INFO - [2026-10-02T08:16:48.828+0000] {dag.py:4180} INFO - Setting next_dagrun for water_quality_training_pipeline to None, run_after=None
[2026-10-02T08:16:48.846+0000] {processor.py:208} INFO - Processing /opt/airflow/dags/water_quality_pipeline_dag.py took 0.109 seconds
[2026-10-02T08:17:19.001+0000] {processor.py:186} INFO - Started process (PID=2671) to work on /opt/airflow/dags/water_quality_pipeline_dag.py
[2026-10-02T08:17:19.002+0000] {processor.py:914} INFO - Processing file /opt/airflow/dags/water_quality_pipeline_dag.py for tasks to queue
[2026-10-02T08:17:19.007+0000] {logging_mixin.py:190} INFO - [2026-10-02T08:17:19.006+0000] {dagbag.py:588} INFO - Filling up the DagBag from /opt/airflow/dags/water_quality_pipeline_dag.py
[2026-10-02T08:17:19.019+0000] {processor.py:925} INFO - DAG(s) 'water_quality_training_pipeline' retrieved from /opt/airflow/dags/water_quality_pipeline_dag.py
[2026-10-02T08:17:19.067+0000] {logging_mixin.py:190} INFO - [2026-10-02T08:17:19.067+0000] {dag.py:3239} INFO - Sync 1 DAGs
[2026-10-02T08:17:19.087+0000] {logging_mixin.py:190} INFO - [2026-10-02T08:17:19.086+0000] {dag.py:4180} INFO - Setting next_dagrun for water_quality_training_pipeline to None, run_after=None
[2026-10-02T08:17:19.111+0000] {processor.py:208} INFO - Processing /opt/airflow/dags/water_quality_pipeline_dag.py took 0.122 seconds
[2026-10-02T08:17:49.359+0000] {processor.py:186} INFO - Started process (PID=2700) to work on /opt/airflow/dags/water_quality_pipeline_dag.py
[2026-10-02T08:17:49.362+0000] {processor.py:914} INFO - Processing file /opt/airflow/dags/water_quality_pipeline_dag.py for tasks to queue
[2026-10-02T08:17:49.366+0000] {logging_mixin.py:190} INFO - [2026-10-02T08:17:49.365+0000] {dagbag.py:588} INFO - Filling up the DagBag from /opt/airflow/dags/water_quality_pipeline_dag.py
[2026-10-02T08:17:49.378+0000] {processor.py:925} INFO - DAG(s) 'water_quality_training_pipeline' retrieved from /opt/airflow/dags/water_quality_pipeline_dag.py
[2026-10-02T08:17:49.416+0000] {logging_mixin.py:190} INFO - [2026-10-02T08:17:49.416+0000] {dag.py:3239} INFO - Sync 1 DAGs
[2026-10-02T08:17:49.428+0000] {logging_mixin.py:190} INFO - [2026-10-02T08:17:49.428+0000] {dag.py:4180} INFO - Setting next_dagrun for water_quality_training_pipeline to None, run_after=None
[2026-10-02T08:17:49.444+0000] {processor.py:208} INFO - Processing /opt/airflow/dags/water_quality_pipeline_dag.py took 0.094 seconds
[2026-10-02T08:18:19.618+0000] {processor.py:186} INFO - Started process (PID=2721) to work on /opt/airflow/dags/water_quality_pipeline_dag.py
[2026-10-02T08:18:19.620+0000] {processor.py:914} INFO - Processing file /opt/airflow/dags/water_quality_pipeline_dag.py for tasks to queue
[2026-10-02T08:18:19.627+0000] {logging_mixin.py:190} INFO - [2026-10-02T08:18:19.626+0000] {dagbag.py:588} INFO - Filling up the DagBag from /opt/airflow/dags/water_quality_pipeline_dag.py
[2026-10-02T08:18:19.650+0000] {processor.py:925} INFO - DAG(s) 'water_quality_training_pipeline' retrieved from /opt/airflow/dags/water_quality_pipeline_dag.py
[2026-10-02T08:18:19.715+0000] {logging_mixin.py:190} INFO - [2026-10-02T08:18:19.714+0000] {dag.py:3239} INFO - Sync 1 DAGs
[2026-10-02T08:18:19.743+0000] {logging_mixin.py:190} INFO - [2026-10-02T08:18:19.743+0000] {dag.py:4180} INFO - Setting next_dagrun for water_quality_training_pipeline to None, run_after=None
[2026-10-02T08:18:19.767+0000] {processor.py:208} INFO - Processing /opt/airflow/dags/water_quality_pipeline_dag.py took 0.164 seconds
[2026-10-02T08:18:49.964+0000] {processor.py:186} INFO - Started process (PID=2750) to work on /opt/airflow/dags/water_quality_pipeline_dag.py
[2026-10-02T08:18:49.967+0000] {processor.py:914} INFO - Processing file /opt/airflow/dags/water_quality_pipeline_dag.py for tasks to queue
[2026-10-02T08:18:49.969+0000] {logging_mixin.py:190} INFO - [2026-10-02T08:18:49.969+0000] {dagbag.py:588} INFO - Filling up the DagBag from /opt/airflow/dags/water_quality_pipeline_dag.py
[2026-10-02T08:18:49.982+0000] {processor.py:925} INFO - DAG(s) 'water_quality_training_pipeline' retrieved from /opt/airflow/dags/water_quality_pipeline_dag.py
[2026-10-02T08:18:50.034+0000] {logging_mixin.py:190} INFO - [2026-10-02T08:18:50.034+0000] {dag.py:3239} INFO - Sync 1 DAGs
[2026-10-02T08:18:50.055+0000] {logging_mixin.py:190} INFO - [2026-10-02T08:18:50.054+0000] {dag.py:4180} INFO - Setting next_dagrun for water_quality_training_pipeline to None, run_after=None
[2026-10-02T08:18:50.078+0000] {processor.py:208} INFO - Processing /opt/airflow/dags/water_quality_pipeline_dag.py took 0.129 seconds
[2026-10-02T08:19:20.287+0000] {processor.py:186} INFO - Started process (PID=2771) to work on /opt/airflow/dags/water_quality_pipeline_dag.py
[2026-10-02T08:19:20.288+0000] {processor.py:914} INFO - Processing file /opt/airflow/dags/water_quality_pipeline_dag.py for tasks to queue
[2026-10-02T08:19:20.291+0000] {logging_mixin.py:190} INFO - [2026-10-02T08:19:20.291+0000] {dagbag.py:588} INFO - Filling up the DagBag from /opt/airflow/dags/water_quality_pipeline_dag.py
[2026-10-02T08:19:20.306+0000] {processor.py:925} INFO - DAG(s) 'water_quality_training_pipeline' retrieved from /opt/airflow/dags/water_quality_pipeline_dag.py
[2026-10-02T08:19:20.357+0000] {logging_mixin.py:190} INFO - [2026-10-02T08:19:20.357+0000] {dag.py:3239} INFO - Sync 1 DAGs
[2026-10-02T08:19:20.376+0000] {logging_mixin.py:190} INFO - [2026-10-02T08:19:20.376+0000] {dag.py:4180} INFO - Setting next_dagrun for water_quality_training_pipeline to None, run_after=None
[2026-10-02T08:19:20.401+0000] {processor.py:208} INFO - Processing /opt/airflow/dags/water_quality_pipeline_dag.py took 0.124 seconds
[2026-10-02T08:19:50.610+0000] {processor.py:186} INFO - Started process (PID=2792) to work on /opt/airflow/dags/water_quality_pipeline_dag.py
[2026-10-02T08:19:50.613+0000] {processor.py:914} INFO - Processing file /opt/airflow/dags/water_quality_pipeline_dag.py for tasks to queue
[2026-10-02T08:19:50.616+0000] {logging_mixin.py:190} INFO - [2026-10-02T08:19:50.615+0000] {dagbag.py:588} INFO - Filling up the DagBag from /opt/airflow/dags/water_quality_pipeline_dag.py
[2026-10-02T08:19:50.631+0000] {processor.py:925} INFO - DAG(s) 'water_quality_training_pipeline' retrieved from /opt/airflow/dags/water_quality_pipeline_dag.py
[2026-10-02T08:19:50.687+0000] {logging_mixin.py:190} INFO - [2026-10-02T08:19:50.686+0000] {dag.py:3239} INFO - Sync 1 DAGs
[2026-10-02T08:19:50.709+0000] {logging_mixin.py:190} INFO - [2026-10-02T08:19:50.709+0000] {dag.py:4180} INFO - Setting next_dagrun for water_quality_training_pipeline to None, run_after=None
[2026-10-02T08:19:50.741+0000] {processor.py:208} INFO - Processing /opt/airflow/dags/water_quality_pipeline_dag.py took 0.145 seconds
[2026-10-02T08:20:20.915+0000] {processor.py:186} INFO - Started process (PID=2821) to work on /opt/airflow/dags/water_quality_pipeline_dag.py
[2026-10-02T08:20:20.916+0000] {processor.py:914} INFO - Processing file /opt/airflow/dags/water_quality_pipeline_dag.py for tasks to queue
[2026-10-02T08:20:20.918+0000] {logging_mixin.py:190} INFO - [2026-10-02T08:20:20.918+0000] {dagbag.py:588} INFO - Filling up the DagBag from /opt/airflow/dags/water_quality_pipeline_dag.py
[2026-10-02T08:20:20.929+0000] {processor.py:925} INFO - DAG(s) 'water_quality_training_pipeline' retrieved from /opt/airflow/dags/water_quality_pipeline_dag.py
[2026-10-02T08:20:20.985+0000] {logging_mixin.py:190} INFO - [2026-10-02T08:20:20.985+0000] {dag.py:3239} INFO - Sync 1 DAGs
[2026-10-02T08:20:21.005+0000] {logging_mixin.py:190} INFO - [2026-10-02T08:20:21.004+0000] {dag.py:4180} INFO - Setting next_dagrun for water_quality_training_pipeline to None, run_after=None
[2026-10-02T08:20:21.033+0000] {processor.py:208} INFO - Processing /opt/airflow/dags/water_quality_pipeline_dag.py took 0.127 seconds
[2026-10-02T08:20:51.266+0000] {processor.py:186} INFO - Started process (PID=2842) to work on /opt/airflow/dags/water_quality_pipeline_dag.py
[2026-10-02T08:20:51.269+0000] {processor.py:914} INFO - Processing file /opt/airflow/dags/water_quality_pipeline_dag.py for tasks to queue
[2026-10-02T08:20:51.273+0000] {logging_mixin.py:190} INFO - [2026-10-02T08:20:51.272+0000] {dagbag.py:588} INFO - Filling up the DagBag from /opt/airflow/dags/water_quality_pipeline_dag.py
[2026-10-02T08:20:51.286+0000] {processor.py:925} INFO - DAG(s) 'water_quality_training_pipeline' retrieved from /opt/airflow/dags/water_quality_pipeline_dag.py
[2026-10-02T08:20:51.341+0000] {logging_mixin.py:190} INFO - [2026-10-02T08:20:51.340+0000] {dag.py:3239} INFO - Sync 1 DAGs
[2026-10-02T08:20:51.359+0000] {logging_mixin.py:190} INFO - [2026-10-02T08:20:51.359+0000] {dag.py:4180} INFO - Setting next_dagrun for water_quality_training_pipeline to None, run_after=None
[2026-10-02T08:20:51.382+0000] {processor.py:208} INFO - Processing /opt/airflow/dags/water_quality_pipeline_dag.py took 0.128 seconds
[2026-10-02T08:21:21.535+0000] {processor.py:186} INFO - Started process (PID=2863) to work on /opt/airflow/dags/water_quality_pipeline_dag.py
[2026-10-02T08:21:21.537+0000] {processor.py:914} INFO - Processing file /opt/airflow/dags/water_quality_pipeline_dag.py for tasks to queue
[2026-10-02T08:21:21.540+0000] {logging_mixin.py:190} INFO - [2026-10-02T08:21:21.540+0000] {dagbag.py:588} INFO - Filling up the DagBag from /opt/airflow/dags/water_quality_pipeline_dag.py
[2026-10-02T08:21:21.563+0000] {processor.py:925} INFO - DAG(s) 'water_quality_training_pipeline' retrieved from /opt/airflow/dags/water_quality_pipeline_dag.py
[2026-10-02T08:21:21.598+0000] {logging_mixin.py:190} INFO - [2026-10-02T08:21:21.598+0000] {dag.py:3239} INFO - Sync 1 DAGs
[2026-10-02T08:21:21.614+0000] {logging_mixin.py:190} INFO - [2026-10-02T08:21:21.614+0000] {dag.py:4180} INFO - Setting next_dagrun for water_quality_training_pipeline to None, run_after=None
[2026-10-02T08:21:21.632+0000] {processor.py:208} INFO - Processing /opt/airflow/dags/water_quality_pipeline_dag.py took 0.106 seconds
[2026-10-02T08:21:51.902+0000] {processor.py:186} INFO - Started process (PID=2893) to work on /opt/airflow/dags/water_quality_pipeline_dag.py
[2026-10-02T08:21:51.906+0000] {processor.py:914} INFO - Processing file /opt/airflow/dags/water_quality_pipeline_dag.py for tasks to queue
[2026-10-02T08:21:51.909+0000] {logging_mixin.py:190} INFO - [2026-10-02T08:21:51.909+0000] {dagbag.py:588} INFO - Filling up the DagBag from /opt/airflow/dags/water_quality_pipeline_dag.py
[2026-10-02T08:21:51.938+0000] {processor.py:925} INFO - DAG(s) 'water_quality_training_pipeline' retrieved from /opt/airflow/dags/water_quality_pipeline_dag.py
[2026-10-02T08:21:51.975+0000] {logging_mixin.py:190} INFO - [2026-10-02T08:21:51.975+0000] {dag.py:3239} INFO - Sync 1 DAGs
[2026-10-02T08:21:51.993+0000] {logging_mixin.py:190} INFO - [2026-10-02T08:21:51.993+0000] {dag.py:4180} INFO - Setting next_dagrun for water_quality_training_pipeline to None, run_after=None
[2026-10-02T08:21:52.015+0000] {processor.py:208} INFO - Processing /opt/airflow/dags/water_quality_pipeline_dag.py took 0.124 seconds
[2026-10-02T08:22:22.148+0000] {processor.py:186} INFO - Started process (PID=2914) to work on /opt/airflow/dags/water_quality_pipeline_dag.py
[2026-10-02T08:22:22.149+0000] {processor.py:914} INFO - Processing file /opt/airflow/dags/water_quality_pipeline_dag.py for tasks to queue
[2026-10-02T08:22:22.153+0000] {logging_mixin.py:190} INFO - [2026-10-02T08:22:22.152+0000] {dagbag.py:588} INFO - Filling up the DagBag from /opt/airflow/dags/water_quality_pipeline_dag.py
[2026-10-02T08:22:22.180+0000] {processor.py:925} INFO - DAG(s) 'water_quality_training_pipeline' retrieved from /opt/airflow/dags/water_quality_pipeline_dag.py
[2026-10-02T08:22:22.231+0000] {logging_mixin.py:190} INFO - [2026-10-02T08:22:22.231+0000] {dag.py:3239} INFO - Sync 1 DAGs
[2026-10-02T08:22:22.250+0000] {logging_mixin.py:190} INFO - [2026-10-02T08:22:22.250+0000] {dag.py:4180} INFO - Setting next_dagrun for water_quality_training_pipeline to None, run_after=None
[2026-10-02T08:22:22.278+0000] {processor.py:208} INFO - Processing /opt/airflow/dags/water_quality_pipeline_dag.py took 0.140 seconds
[2026-10-02T08:22:52.525+0000] {processor.py:186} INFO - Started process (PID=2942) to work on /opt/airflow/dags/water_quality_pipeline_dag.py
[2026-10-02T08:22:52.526+0000] {processor.py:914} INFO - Processing file /opt/airflow/dags/water_quality_pipeline_dag.py for tasks to queue
[2026-10-02T08:22:52.528+0000] {logging_mixin.py:190} INFO - [2026-10-02T08:22:52.528+0000] {dagbag.py:588} INFO - Filling up the DagBag from /opt/airflow/dags/water_quality_pipeline_dag.py
[2026-10-02T08:22:52.557+0000] {processor.py:925} INFO - DAG(s) 'water_quality_training_pipeline' retrieved from /opt/airflow/dags/water_quality_pipeline_dag.py
[2026-10-02T08:22:52.605+0000] {logging_mixin.py:190} INFO - [2026-10-02T08:22:52.605+0000] {dag.py:3239} INFO - Sync 1 DAGs
[2026-10-02T08:22:52.626+0000] {logging_mixin.py:190} INFO - [2026-10-02T08:22:52.626+0000] {dag.py:4180} INFO - Setting next_dagrun for water_quality_training_pipeline to None, run_after=None
[2026-10-02T08:22:52.651+0000] {processor.py:208} INFO - Processing /opt/airflow/dags/water_quality_pipeline_dag.py took 0.136 seconds
[2026-10-02T08:23:22.772+0000] {processor.py:186} INFO - Started process (PID=2964) to work on /opt/airflow/dags/water_quality_pipeline_dag.py
[2026-10-02T08:23:22.773+0000] {processor.py:914} INFO - Processing file /opt/airflow/dags/water_quality_pipeline_dag.py for tasks to queue
[2026-10-02T08:23:22.775+0000] {logging_mixin.py:190} INFO - [2026-10-02T08:23:22.775+0000] {dagbag.py:588} INFO - Filling up the DagBag from /opt/airflow/dags/water_quality_pipeline_dag.py
[2026-10-02T08:23:22.800+0000] {processor.py:925} INFO - DAG(s) 'water_quality_training_pipeline' retrieved from /opt/airflow/dags/water_quality_pipeline_dag.py
[2026-10-02T08:23:22.844+0000] {logging_mixin.py:190} INFO - [2026-10-02T08:23:22.843+0000] {dag.py:3239} INFO - Sync 1 DAGs
[2026-10-02T08:23:22.863+0000] {logging_mixin.py:190} INFO - [2026-10-02T08:23:22.863+0000] {dag.py:4180} INFO - Setting next_dagrun for water_quality_training_pipeline to None, run_after=None
[2026-10-02T08:23:22.888+0000] {processor.py:208} INFO - Processing /opt/airflow/dags/water_quality_pipeline_dag.py took 0.125 seconds
[2026-10-02T08:23:53.092+0000] {processor.py:186} INFO - Started process (PID=2985) to work on /opt/airflow/dags/water_quality_pipeline_dag.py
[2026-10-02T08:23:53.095+0000] {processor.py:914} INFO - Processing file /opt/airflow/dags/water_quality_pipeline_dag.py for tasks to queue
[2026-10-02T08:23:53.098+0000] {logging_mixin.py:190} INFO - [2026-10-02T08:23:53.098+0000] {dagbag.py:588} INFO - Filling up the DagBag from /opt/airflow/dags/water_quality_pipeline_dag.py
[2026-10-02T08:23:53.128+0000] {processor.py:925} INFO - DAG(s) 'water_quality_training_pipeline' retrieved from /opt/airflow/dags/water_quality_pipeline_dag.py
[2026-10-02T08:23:53.173+0000] {logging_mixin.py:190} INFO - [2026-10-02T08:23:53.173+0000] {dag.py:3239} INFO - Sync 1 DAGs
[2026-10-02T08:23:53.195+0000] {logging_mixin.py:190} INFO - [2026-10-02T08:23:53.194+0000] {dag.py:4180} INFO - Setting next_dagrun for water_quality_training_pipeline to None, run_after=None
[2026-10-02T08:23:53.229+0000] {processor.py:208} INFO - Processing /opt/airflow/dags/water_quality_pipeline_dag.py took 0.146 seconds
[2026-10-02T08:24:23.368+0000] {processor.py:186} INFO - Started process (PID=3006) to work on /opt/airflow/dags/water_quality_pipeline_dag.py
[2026-10-02T08:24:23.369+0000] {processor.py:914} INFO - Processing file /opt/airflow/dags/water_quality_pipeline_dag.py for tasks to queue
[2026-10-02T08:24:23.372+0000] {logging_mixin.py:190} INFO - [2026-10-02T08:24:23.371+0000] {dagbag.py:588} INFO - Filling up the DagBag from /opt/airflow/dags/water_quality_pipeline_dag.py
[2026-10-02T08:24:23.402+0000] {processor.py:925} INFO - DAG(s) 'water_quality_training_pipeline' retrieved from /opt/airflow/dags/water_quality_pipeline_dag.py
[2026-10-02T08:24:23.451+0000] {logging_mixin.py:190} INFO - [2026-10-02T08:24:23.450+0000] {dag.py:3239} INFO - Sync 1 DAGs
[2026-10-02T08:24:23.473+0000] {logging_mixin.py:190} INFO - [2026-10-02T08:24:23.472+0000] {dag.py:4180} INFO - Setting next_dagrun for water_quality_training_pipeline to None, run_after=None
[2026-10-02T08:24:23.505+0000] {processor.py:208} INFO - Processing /opt/airflow/dags/water_quality_pipeline_dag.py took 0.148 seconds
[2026-10-02T08:24:53.802+0000] {processor.py:186} INFO - Started process (PID=3026) to work on /opt/airflow/dags/water_quality_pipeline_dag.py
[2026-10-02T08:24:53.805+0000] {processor.py:914} INFO - Processing file /opt/airflow/dags/water_quality_pipeline_dag.py for tasks to queue
[2026-10-02T08:24:53.809+0000] {logging_mixin.py:190} INFO - [2026-10-02T08:24:53.808+0000] {dagbag.py:588} INFO - Filling up the DagBag from /opt/airflow/dags/water_quality_pipeline_dag.py
[2026-10-02T08:24:53.836+0000] {processor.py:925} INFO - DAG(s) 'water_quality_training_pipeline' retrieved from /opt/airflow/dags/water_quality_pipeline_dag.py
[2026-10-02T08:24:53.876+0000] {logging_mixin.py:190} INFO - [2026-10-02T08:24:53.876+0000] {dag.py:3239} INFO - Sync 1 DAGs
[2026-10-02T08:24:53.896+0000] {logging_mixin.py:190} INFO - [2026-10-02T08:24:53.896+0000] {dag.py:4180} INFO - Setting next_dagrun for water_quality_training_pipeline to None, run_after=None
[2026-10-02T08:24:53.925+0000] {processor.py:208} INFO - Processing /opt/airflow/dags/water_quality_pipeline_dag.py took 0.133 seconds
[2026-10-02T08:25:24.070+0000] {processor.py:186} INFO - Started process (PID=3047) to work on /opt/airflow/dags/water_quality_pipeline_dag.py
[2026-10-02T08:25:24.072+0000] {processor.py:914} INFO - Processing file /opt/airflow/dags/water_quality_pipeline_dag.py for tasks to queue
[2026-10-02T08:25:24.078+0000] {logging_mixin.py:190} INFO - [2026-10-02T08:25:24.077+0000] {dagbag.py:588} INFO - Filling up the DagBag from /opt/airflow/dags/water_quality_pipeline_dag.py
[2026-10-02T08:25:24.106+0000] {processor.py:925} INFO - DAG(s) 'water_quality_training_pipeline' retrieved from /opt/airflow/dags/water_quality_pipeline_dag.py
[2026-10-02T08:25:24.148+0000] {logging_mixin.py:190} INFO - [2026-10-02T08:25:24.147+0000] {dag.py:3239} INFO - Sync 1 DAGs
[2026-10-02T08:25:24.168+0000] {logging_mixin.py:190} INFO - [2026-10-02T08:25:24.167+0000] {dag.py:4180} INFO - Setting next_dagrun for water_quality_training_pipeline to None, run_after=None
[2026-10-02T08:25:24.193+0000] {processor.py:208} INFO - Processing /opt/airflow/dags/water_quality_pipeline_dag.py took 0.137 seconds
[2026-10-02T08:25:54.484+0000] {processor.py:186} INFO - Started process (PID=3068) to work on /opt/airflow/dags/water_quality_pipeline_dag.py
[2026-10-02T08:25:54.486+0000] {processor.py:914} INFO - Processing file /opt/airflow/dags/water_quality_pipeline_dag.py for tasks to queue
[2026-10-02T08:25:54.490+0000] {logging_mixin.py:190} INFO - [2026-10-02T08:25:54.490+0000] {dagbag.py:588} INFO - Filling up the DagBag from /opt/airflow/dags/water_quality_pipeline_dag.py
[2026-10-02T08:25:54.519+0000] {processor.py:925} INFO - DAG(s) 'water_quality_training_pipeline' retrieved from /opt/airflow/dags/water_quality_pipeline_dag.py
[2026-10-02T08:25:54.563+0000] {logging_mixin.py:190} INFO - [2026-10-02T08:25:54.563+0000] {dag.py:3239} INFO - Sync 1 DAGs
[2026-10-02T08:25:54.582+0000] {logging_mixin.py:190} INFO - [2026-10-02T08:25:54.582+0000] {dag.py:4180} INFO - Setting next_dagrun for water_quality_training_pipeline to None, run_after=None
[2026-10-02T08:25:54.608+0000] {processor.py:208} INFO - Processing /opt/airflow/dags/water_quality_pipeline_dag.py took 0.133 seconds
[2026-10-02T08:26:24.743+0000] {processor.py:186} INFO - Started process (PID=3096) to work on /opt/airflow/dags/water_quality_pipeline_dag.py
[2026-10-02T08:26:24.744+0000] {processor.py:914} INFO - Processing file /opt/airflow/dags/water_quality_pipeline_dag.py for tasks to queue
[2026-10-02T08:26:24.748+0000] {logging_mixin.py:190} INFO - [2026-10-02T08:26:24.748+0000] {dagbag.py:588} INFO - Filling up the DagBag from /opt/airflow/dags/water_quality_pipeline_dag.py
[2026-10-02T08:26:24.775+0000] {processor.py:925} INFO - DAG(s) 'water_quality_training_pipeline' retrieved from /opt/airflow/dags/water_quality_pipeline_dag.py
[2026-10-02T08:26:24.828+0000] {logging_mixin.py:190} INFO - [2026-10-02T08:26:24.828+0000] {dag.py:3239} INFO - Sync 1 DAGs
[2026-10-02T08:26:24.849+0000] {logging_mixin.py:190} INFO - [2026-10-02T08:26:24.849+0000] {dag.py:4180} INFO - Setting next_dagrun for water_quality_training_pipeline to None, run_after=None
[2026-10-02T08:26:24.884+0000] {processor.py:208} INFO - Processing /opt/airflow/dags/water_quality_pipeline_dag.py took 0.150 seconds
[2026-10-02T08:26:55.149+0000] {processor.py:186} INFO - Started process (PID=3118) to work on /opt/airflow/dags/water_quality_pipeline_dag.py
[2026-10-02T08:26:55.152+0000] {processor.py:914} INFO - Processing file /opt/airflow/dags/water_quality_pipeline_dag.py for tasks to queue
[2026-10-02T08:26:55.157+0000] {logging_mixin.py:190} INFO - [2026-10-02T08:26:55.156+0000] {dagbag.py:588} INFO - Filling up the DagBag from /opt/airflow/dags/water_quality_pipeline_dag.py
[2026-10-02T08:26:55.183+0000] {processor.py:925} INFO - DAG(s) 'water_quality_training_pipeline' retrieved from /opt/airflow/dags/water_quality_pipeline_dag.py
[2026-10-02T08:26:55.220+0000] {logging_mixin.py:190} INFO - [2026-10-02T08:26:55.220+0000] {dag.py:3239} INFO - Sync 1 DAGs
[2026-10-02T08:26:55.240+0000] {logging_mixin.py:190} INFO - [2026-10-02T08:26:55.239+0000] {dag.py:4180} INFO - Setting next_dagrun for water_quality_training_pipeline to None, run_after=None
[2026-10-02T08:26:55.264+0000] {processor.py:208} INFO - Processing /opt/airflow/dags/water_quality_pipeline_dag.py took 0.129 seconds
[2026-10-02T08:27:25.421+0000] {processor.py:186} INFO - Started process (PID=3139) to work on /opt/airflow/dags/water_quality_pipeline_dag.py
[2026-10-02T08:27:25.422+0000] {processor.py:914} INFO - Processing file /opt/airflow/dags/water_quality_pipeline_dag.py for tasks to queue
[2026-10-02T08:27:25.425+0000] {logging_mixin.py:190} INFO - [2026-10-02T08:27:25.425+0000] {dagbag.py:588} INFO - Filling up the DagBag from /opt/airflow/dags/water_quality_pipeline_dag.py
[2026-10-02T08:27:25.453+0000] {processor.py:925} INFO - DAG(s) 'water_quality_training_pipeline' retrieved from /opt/airflow/dags/water_quality_pipeline_dag.py
[2026-10-02T08:27:25.496+0000] {logging_mixin.py:190} INFO - [2026-10-02T08:27:25.496+0000] {dag.py:3239} INFO - Sync 1 DAGs
[2026-10-02T08:27:25.516+0000] {logging_mixin.py:190} INFO - [2026-10-02T08:27:25.515+0000] {dag.py:4180} INFO - Setting next_dagrun for water_quality_training_pipeline to None, run_after=None
[2026-10-02T08:27:25.541+0000] {processor.py:208} INFO - Processing /opt/airflow/dags/water_quality_pipeline_dag.py took 0.133 seconds
[2026-10-02T08:27:55.810+0000] {processor.py:186} INFO - Started process (PID=3160) to work on /opt/airflow/dags/water_quality_pipeline_dag.py
[2026-10-02T08:27:55.813+0000] {processor.py:914} INFO - Processing file /opt/airflow/dags/water_quality_pipeline_dag.py for tasks to queue
[2026-10-02T08:27:55.816+0000] {logging_mixin.py:190} INFO - [2026-10-02T08:27:55.816+0000] {dagbag.py:588} INFO - Filling up the DagBag from /opt/airflow/dags/water_quality_pipeline_dag.py
[2026-10-02T08:27:55.845+0000] {processor.py:925} INFO - DAG(s) 'water_quality_training_pipeline' retrieved from /opt/airflow/dags/water_quality_pipeline_dag.py
[2026-10-02T08:27:55.883+0000] {logging_mixin.py:190} INFO - [2026-10-02T08:27:55.883+0000] {dag.py:3239} INFO - Sync 1 DAGs
[2026-10-02T08:27:55.903+0000] {logging_mixin.py:190} INFO - [2026-10-02T08:27:55.903+0000] {dag.py:4180} INFO - Setting next_dagrun for water_quality_training_pipeline to None, run_after=None
[2026-10-02T08:27:55.930+0000] {processor.py:208} INFO - Processing /opt/airflow/dags/water_quality_pipeline_dag.py took 0.129 seconds
[2026-10-02T08:28:26.098+0000] {processor.py:186} INFO - Started process (PID=3181) to work on /opt/airflow/dags/water_quality_pipeline_dag.py
[2026-10-02T08:28:26.099+0000] {processor.py:914} INFO - Processing file /opt/airflow/dags/water_quality_pipeline_dag.py for tasks to queue
[2026-10-02T08:28:26.102+0000] {logging_mixin.py:190} INFO - [2026-10-02T08:28:26.102+0000] {dagbag.py:588} INFO - Filling up the DagBag from /opt/airflow/dags/water_quality_pipeline_dag.py
[2026-10-02T08:28:26.129+0000] {processor.py:925} INFO - DAG(s) 'water_quality_training_pipeline' retrieved from /opt/airflow/dags/water_quality_pipeline_dag.py
[2026-10-02T08:28:26.174+0000] {logging_mixin.py:190} INFO - [2026-10-02T08:28:26.173+0000] {dag.py:3239} INFO - Sync 1 DAGs
[2026-10-02T08:28:26.194+0000] {logging_mixin.py:190} INFO - [2026-10-02T08:28:26.194+0000] {dag.py:4180} INFO - Setting next_dagrun for water_quality_training_pipeline to None, run_after=None
[2026-10-02T08:28:26.224+0000] {processor.py:208} INFO - Processing /opt/airflow/dags/water_quality_pipeline_dag.py took 0.137 seconds
[2026-10-02T08:28:56.489+0000] {processor.py:186} INFO - Started process (PID=3202) to work on /opt/airflow/dags/water_quality_pipeline_dag.py
[2026-10-02T08:28:56.491+0000] {processor.py:914} INFO - Processing file /opt/airflow/dags/water_quality_pipeline_dag.py for tasks to queue
[2026-10-02T08:28:56.495+0000] {logging_mixin.py:190} INFO - [2026-10-02T08:28:56.494+0000] {dagbag.py:588} INFO - Filling up the DagBag from /opt/airflow/dags/water_quality_pipeline_dag.py
[2026-10-02T08:28:56.523+0000] {processor.py:925} INFO - DAG(s) 'water_quality_training_pipeline' retrieved from /opt/airflow/dags/water_quality_pipeline_dag.py
[2026-10-02T08:28:56.567+0000] {logging_mixin.py:190} INFO - [2026-10-02T08:28:56.566+0000] {dag.py:3239} INFO - Sync 1 DAGs
[2026-10-02T08:28:56.586+0000] {logging_mixin.py:190} INFO - [2026-10-02T08:28:56.585+0000] {dag.py:4180} INFO - Setting next_dagrun for water_quality_training_pipeline to None, run_after=None
[2026-10-02T08:28:56.615+0000] {processor.py:208} INFO - Processing /opt/airflow/dags/water_quality_pipeline_dag.py took 0.136 seconds
[2026-10-02T08:29:26.761+0000] {processor.py:186} INFO - Started process (PID=3223) to work on /opt/airflow/dags/water_quality_pipeline_dag.py
[2026-10-02T08:29:26.762+0000] {processor.py:914} INFO - Processing file /opt/airflow/dags/water_quality_pipeline_dag.py for tasks to queue
[2026-10-02T08:29:26.765+0000] {logging_mixin.py:190} INFO - [2026-10-02T08:29:26.765+0000] {dagbag.py:588} INFO - Filling up the DagBag from /opt/airflow/dags/water_quality_pipeline_dag.py
[2026-10-02T08:29:26.797+0000] {processor.py:925} INFO - DAG(s) 'water_quality_training_pipeline' retrieved from /opt/airflow/dags/water_quality_pipeline_dag.py
[2026-10-02T08:29:26.844+0000] {logging_mixin.py:190} INFO - [2026-10-02T08:29:26.844+0000] {dag.py:3239} INFO - Sync 1 DAGs
[2026-10-02T08:29:26.865+0000] {logging_mixin.py:190} INFO - [2026-10-02T08:29:26.865+0000] {dag.py:4180} INFO - Setting next_dagrun for water_quality_training_pipeline to None, run_after=None
[2026-10-02T08:29:26.891+0000] {processor.py:208} INFO - Processing /opt/airflow/dags/water_quality_pipeline_dag.py took 0.143 seconds
[2026-10-02T08:29:57.245+0000] {processor.py:186} INFO - Started process (PID=3244) to work on /opt/airflow/dags/water_quality_pipeline_dag.py
[2026-10-02T08:29:57.246+0000] {processor.py:914} INFO - Processing file /opt/airflow/dags/water_quality_pipeline_dag.py for tasks to queue
[2026-10-02T08:29:57.254+0000] {logging_mixin.py:190} INFO - [2026-10-02T08:29:57.253+0000] {dagbag.py:588} INFO - Filling up the DagBag from /opt/airflow/dags/water_quality_pipeline_dag.py
[2026-10-02T08:29:57.335+0000] {processor.py:925} INFO - DAG(s) 'water_quality_training_pipeline' retrieved from /opt/airflow/dags/water_quality_pipeline_dag.py
[2026-10-02T08:29:57.402+0000] {logging_mixin.py:190} INFO - [2026-10-02T08:29:57.401+0000] {dag.py:3239} INFO - Sync 1 DAGs
[2026-10-02T08:29:57.436+0000] {logging_mixin.py:190} INFO - [2026-10-02T08:29:57.436+0000] {dag.py:4180} INFO - Setting next_dagrun for water_quality_training_pipeline to None, run_after=None
[2026-10-02T08:29:57.466+0000] {processor.py:208} INFO - Processing /opt/airflow/dags/water_quality_pipeline_dag.py took 0.244 seconds
[2026-10-02T08:30:27.780+0000] {processor.py:186} INFO - Started process (PID=3265) to work on /opt/airflow/dags/water_quality_pipeline_dag.py
[2026-10-02T08:30:27.782+0000] {processor.py:914} INFO - Processing file /opt/airflow/dags/water_quality_pipeline_dag.py for tasks to queue
[2026-10-02T08:30:27.786+0000] {logging_mixin.py:190} INFO - [2026-10-02T08:30:27.786+0000] {dagbag.py:588} INFO - Filling up the DagBag from /opt/airflow/dags/water_quality_pipeline_dag.py
[2026-10-02T08:30:27.800+0000] {processor.py:925} INFO - DAG(s) 'water_quality_training_pipeline' retrieved from /opt/airflow/dags/water_quality_pipeline_dag.py
[2026-10-02T08:30:27.844+0000] {logging_mixin.py:190} INFO - [2026-10-02T08:30:27.843+0000] {dag.py:3239} INFO - Sync 1 DAGs
[2026-10-02T08:30:27.868+0000] {logging_mixin.py:190} INFO - [2026-10-02T08:30:27.867+0000] {dag.py:4180} INFO - Setting next_dagrun for water_quality_training_pipeline to None, run_after=None
[2026-10-02T08:30:27.894+0000] {processor.py:208} INFO - Processing /opt/airflow/dags/water_quality_pipeline_dag.py took 0.124 seconds
[2026-10-02T08:30:58.026+0000] {processor.py:186} INFO - Started process (PID=3292) to work on /opt/airflow/dags/water_quality_pipeline_dag.py
[2026-10-02T08:30:58.029+0000] {processor.py:914} INFO - Processing file /opt/airflow/dags/water_quality_pipeline_dag.py for tasks to queue
[2026-10-02T08:30:58.033+0000] {logging_mixin.py:190} INFO - [2026-10-02T08:30:58.032+0000] {dagbag.py:588} INFO - Filling up the DagBag from /opt/airflow/dags/water_quality_pipeline_dag.py
[2026-10-02T08:30:58.048+0000] {processor.py:925} INFO - DAG(s) 'water_quality_training_pipeline' retrieved from /opt/airflow/dags/water_quality_pipeline_dag.py
[2026-10-02T08:30:58.098+0000] {logging_mixin.py:190} INFO - [2026-10-02T08:30:58.097+0000] {dag.py:3239} INFO - Sync 1 DAGs
[2026-10-02T08:30:58.125+0000] {logging_mixin.py:190} INFO - [2026-10-02T08:30:58.124+0000] {dag.py:4180} INFO - Setting next_dagrun for water_quality_training_pipeline to None, run_after=None
[2026-10-02T08:30:58.157+0000] {processor.py:208} INFO - Processing /opt/airflow/dags/water_quality_pipeline_dag.py took 0.141 seconds
[2026-10-02T08:31:28.439+0000] {processor.py:186} INFO - Started process (PID=3314) to work on /opt/airflow/dags/water_quality_pipeline_dag.py
[2026-10-02T08:31:28.440+0000] {processor.py:914} INFO - Processing file /opt/airflow/dags/water_quality_pipeline_dag.py for tasks to queue
[2026-10-02T08:31:28.443+0000] {logging_mixin.py:190} INFO - [2026-10-02T08:31:28.442+0000] {dagbag.py:588} INFO - Filling up the DagBag from /opt/airflow/dags/water_quality_pipeline_dag.py
[2026-10-02T08:31:28.457+0000] {processor.py:925} INFO - DAG(s) 'water_quality_training_pipeline' retrieved from /opt/airflow/dags/water_quality_pipeline_dag.py
[2026-10-02T08:31:28.501+0000] {logging_mixin.py:190} INFO - [2026-10-02T08:31:28.500+0000] {dag.py:3239} INFO - Sync 1 DAGs
[2026-10-02T08:31:28.522+0000] {logging_mixin.py:190} INFO - [2026-10-02T08:31:28.521+0000] {dag.py:4180} INFO - Setting next_dagrun for water_quality_training_pipeline to None, run_after=None
[2026-10-02T08:31:28.547+0000] {processor.py:208} INFO - Processing /opt/airflow/dags/water_quality_pipeline_dag.py took 0.118 seconds
[2026-10-02T08:31:58.716+0000] {processor.py:186} INFO - Started process (PID=3335) to work on /opt/airflow/dags/water_quality_pipeline_dag.py
[2026-10-02T08:31:58.719+0000] {processor.py:914} INFO - Processing file /opt/airflow/dags/water_quality_pipeline_dag.py for tasks to queue
[2026-10-02T08:31:58.722+0000] {logging_mixin.py:190} INFO - [2026-10-02T08:31:58.722+0000] {dagbag.py:588} INFO - Filling up the DagBag from /opt/airflow/dags/water_quality_pipeline_dag.py
[2026-10-02T08:31:58.736+0000] {processor.py:925} INFO - DAG(s) 'water_quality_training_pipeline' retrieved from /opt/airflow/dags/water_quality_pipeline_dag.py
[2026-10-02T08:31:58.776+0000] {logging_mixin.py:190} INFO - [2026-10-02T08:31:58.776+0000] {dag.py:3239} INFO - Sync 1 DAGs
[2026-10-02T08:31:58.801+0000] {logging_mixin.py:190} INFO - [2026-10-02T08:31:58.801+0000] {dag.py:4180} INFO - Setting next_dagrun for water_quality_training_pipeline to None, run_after=None
[2026-10-02T08:31:58.829+0000] {processor.py:208} INFO - Processing /opt/airflow/dags/water_quality_pipeline_dag.py took 0.122 seconds
[2026-10-02T08:32:29.066+0000] {processor.py:186} INFO - Started process (PID=3357) to work on /opt/airflow/dags/water_quality_pipeline_dag.py
[2026-10-02T08:32:29.067+0000] {processor.py:914} INFO - Processing file /opt/airflow/dags/water_quality_pipeline_dag.py for tasks to queue
[2026-10-02T08:32:29.070+0000] {logging_mixin.py:190} INFO - [2026-10-02T08:32:29.070+0000] {dagbag.py:588} INFO - Filling up the DagBag from /opt/airflow/dags/water_quality_pipeline_dag.py
[2026-10-02T08:32:29.084+0000] {processor.py:925} INFO - DAG(s) 'water_quality_training_pipeline' retrieved from /opt/airflow/dags/water_quality_pipeline_dag.py
[2026-10-02T08:32:29.126+0000] {logging_mixin.py:190} INFO - [2026-10-02T08:32:29.126+0000] {dag.py:3239} INFO - Sync 1 DAGs
[2026-10-02T08:32:29.146+0000] {logging_mixin.py:190} INFO - [2026-10-02T08:32:29.146+0000] {dag.py:4180} INFO - Setting next_dagrun for water_quality_training_pipeline to None, run_after=None
[2026-10-02T08:32:29.171+0000] {processor.py:208} INFO - Processing /opt/airflow/dags/water_quality_pipeline_dag.py took 0.116 seconds
[2026-10-02T08:32:59.336+0000] {processor.py:186} INFO - Started process (PID=3378) to work on /opt/airflow/dags/water_quality_pipeline_dag.py
[2026-10-02T08:32:59.338+0000] {processor.py:914} INFO - Processing file /opt/airflow/dags/water_quality_pipeline_dag.py for tasks to queue
[2026-10-02T08:32:59.341+0000] {logging_mixin.py:190} INFO - [2026-10-02T08:32:59.341+0000] {dagbag.py:588} INFO - Filling up the DagBag from /opt/airflow/dags/water_quality_pipeline_dag.py
[2026-10-02T08:32:59.355+0000] {processor.py:925} INFO - DAG(s) 'water_quality_training_pipeline' retrieved from /opt/airflow/dags/water_quality_pipeline_dag.py
[2026-10-02T08:32:59.396+0000] {logging_mixin.py:190} INFO - [2026-10-02T08:32:59.396+0000] {dag.py:3239} INFO - Sync 1 DAGs
[2026-10-02T08:32:59.416+0000] {logging_mixin.py:190} INFO - [2026-10-02T08:32:59.416+0000] {dag.py:4180} INFO - Setting next_dagrun for water_quality_training_pipeline to None, run_after=None
[2026-10-02T08:32:59.444+0000] {processor.py:208} INFO - Processing /opt/airflow/dags/water_quality_pipeline_dag.py took 0.118 seconds
[2026-10-02T08:33:29.699+0000] {processor.py:186} INFO - Started process (PID=3400) to work on /opt/airflow/dags/water_quality_pipeline_dag.py
[2026-10-02T08:33:29.700+0000] {processor.py:914} INFO - Processing file /opt/airflow/dags/water_quality_pipeline_dag.py for tasks to queue
[2026-10-02T08:33:29.703+0000] {logging_mixin.py:190} INFO - [2026-10-02T08:33:29.702+0000] {dagbag.py:588} INFO - Filling up the DagBag from /opt/airflow/dags/water_quality_pipeline_dag.py
[2026-10-02T08:33:29.717+0000] {processor.py:925} INFO - DAG(s) 'water_quality_training_pipeline' retrieved from /opt/airflow/dags/water_quality_pipeline_dag.py
[2026-10-02T08:33:29.769+0000] {logging_mixin.py:190} INFO - [2026-10-02T08:33:29.768+0000] {dag.py:3239} INFO - Sync 1 DAGs
[2026-10-02T08:33:29.791+0000] {logging_mixin.py:190} INFO - [2026-10-02T08:33:29.790+0000] {dag.py:4180} INFO - Setting next_dagrun for water_quality_training_pipeline to None, run_after=None
[2026-10-02T08:33:29.817+0000] {processor.py:208} INFO - Processing /opt/airflow/dags/water_quality_pipeline_dag.py took 0.133 seconds
[2026-10-02T08:33:59.988+0000] {processor.py:186} INFO - Started process (PID=3421) to work on /opt/airflow/dags/water_quality_pipeline_dag.py
[2026-10-02T08:33:59.991+0000] {processor.py:914} INFO - Processing file /opt/airflow/dags/water_quality_pipeline_dag.py for tasks to queue
[2026-10-02T08:33:59.995+0000] {logging_mixin.py:190} INFO - [2026-10-02T08:33:59.994+0000] {dagbag.py:588} INFO - Filling up the DagBag from /opt/airflow/dags/water_quality_pipeline_dag.py
[2026-10-02T08:34:00.009+0000] {processor.py:925} INFO - DAG(s) 'water_quality_training_pipeline' retrieved from /opt/airflow/dags/water_quality_pipeline_dag.py
[2026-10-02T08:34:00.056+0000] {logging_mixin.py:190} INFO - [2026-10-02T08:34:00.056+0000] {dag.py:3239} INFO - Sync 1 DAGs
[2026-10-02T08:34:00.076+0000] {logging_mixin.py:190} INFO - [2026-10-02T08:34:00.076+0000] {dag.py:4180} INFO - Setting next_dagrun for water_quality_training_pipeline to None, run_after=None
[2026-10-02T08:34:00.105+0000] {processor.py:208} INFO - Processing /opt/airflow/dags/water_quality_pipeline_dag.py took 0.127 seconds
[2026-10-02T08:34:30.355+0000] {processor.py:186} INFO - Started process (PID=3442) to work on /opt/airflow/dags/water_quality_pipeline_dag.py
[2026-10-02T08:34:30.356+0000] {processor.py:914} INFO - Processing file /opt/airflow/dags/water_quality_pipeline_dag.py for tasks to queue
[2026-10-02T08:34:30.360+0000] {logging_mixin.py:190} INFO - [2026-10-02T08:34:30.359+0000] {dagbag.py:588} INFO - Filling up the DagBag from /opt/airflow/dags/water_quality_pipeline_dag.py
[2026-10-02T08:34:30.374+0000] {processor.py:925} INFO - DAG(s) 'water_quality_training_pipeline' retrieved from /opt/airflow/dags/water_quality_pipeline_dag.py
[2026-10-02T08:34:30.420+0000] {logging_mixin.py:190} INFO - [2026-10-02T08:34:30.419+0000] {dag.py:3239} INFO - Sync 1 DAGs
[2026-10-02T08:34:30.440+0000] {logging_mixin.py:190} INFO - [2026-10-02T08:34:30.440+0000] {dag.py:4180} INFO - Setting next_dagrun for water_quality_training_pipeline to None, run_after=None
[2026-10-02T08:34:30.467+0000] {processor.py:208} INFO - Processing /opt/airflow/dags/water_quality_pipeline_dag.py took 0.121 seconds
[2026-10-02T08:35:00.640+0000] {processor.py:186} INFO - Started process (PID=3463) to work on /opt/airflow/dags/water_quality_pipeline_dag.py
[2026-10-02T08:35:00.643+0000] {processor.py:914} INFO - Processing file /opt/airflow/dags/water_quality_pipeline_dag.py for tasks to queue
[2026-10-02T08:35:00.647+0000] {logging_mixin.py:190} INFO - [2026-10-02T08:35:00.646+0000] {dagbag.py:588} INFO - Filling up the DagBag from /opt/airflow/dags/water_quality_pipeline_dag.py
[2026-10-02T08:35:00.660+0000] {processor.py:925} INFO - DAG(s) 'water_quality_training_pipeline' retrieved from /opt/airflow/dags/water_quality_pipeline_dag.py
[2026-10-02T08:35:00.701+0000] {logging_mixin.py:190} INFO - [2026-10-02T08:35:00.700+0000] {dag.py:3239} INFO - Sync 1 DAGs
[2026-10-02T08:35:00.722+0000] {logging_mixin.py:190} INFO - [2026-10-02T08:35:00.721+0000] {dag.py:4180} INFO - Setting next_dagrun for water_quality_training_pipeline to None, run_after=None
[2026-10-02T08:35:00.747+0000] {processor.py:208} INFO - Processing /opt/airflow/dags/water_quality_pipeline_dag.py took 0.117 seconds
[2026-10-02T08:35:30.989+0000] {processor.py:186} INFO - Started process (PID=3490) to work on /opt/airflow/dags/water_quality_pipeline_dag.py
[2026-10-02T08:35:30.991+0000] {processor.py:914} INFO - Processing file /opt/airflow/dags/water_quality_pipeline_dag.py for tasks to queue
[2026-10-02T08:35:30.994+0000] {logging_mixin.py:190} INFO - [2026-10-02T08:35:30.993+0000] {dagbag.py:588} INFO - Filling up the DagBag from /opt/airflow/dags/water_quality_pipeline_dag.py
[2026-10-02T08:35:31.007+0000] {processor.py:925} INFO - DAG(s) 'water_quality_training_pipeline' retrieved from /opt/airflow/dags/water_quality_pipeline_dag.py
[2026-10-02T08:35:31.049+0000] {logging_mixin.py:190} INFO - [2026-10-02T08:35:31.049+0000] {dag.py:3239} INFO - Sync 1 DAGs
[2026-10-02T08:35:31.069+0000] {logging_mixin.py:190} INFO - [2026-10-02T08:35:31.069+0000] {dag.py:4180} INFO - Setting next_dagrun for water_quality_training_pipeline to None, run_after=None
[2026-10-02T08:35:31.094+0000] {processor.py:208} INFO - Processing /opt/airflow/dags/water_quality_pipeline_dag.py took 0.118 seconds
[2026-10-02T08:36:01.275+0000] {processor.py:186} INFO - Started process (PID=3511) to work on /opt/airflow/dags/water_quality_pipeline_dag.py
[2026-10-02T08:36:01.276+0000] {processor.py:914} INFO - Processing file /opt/airflow/dags/water_quality_pipeline_dag.py for tasks to queue
[2026-10-02T08:36:01.279+0000] {logging_mixin.py:190} INFO - [2026-10-02T08:36:01.279+0000] {dagbag.py:588} INFO - Filling up the DagBag from /opt/airflow/dags/water_quality_pipeline_dag.py
[2026-10-02T08:36:01.294+0000] {processor.py:925} INFO - DAG(s) 'water_quality_training_pipeline' retrieved from /opt/airflow/dags/water_quality_pipeline_dag.py
[2026-10-02T08:36:01.336+0000] {logging_mixin.py:190} INFO - [2026-10-02T08:36:01.335+0000] {dag.py:3239} INFO - Sync 1 DAGs
[2026-10-02T08:36:01.361+0000] {logging_mixin.py:190} INFO - [2026-10-02T08:36:01.361+0000] {dag.py:4180} INFO - Setting next_dagrun for water_quality_training_pipeline to None, run_after=None
[2026-10-02T08:36:01.389+0000] {processor.py:208} INFO - Processing /opt/airflow/dags/water_quality_pipeline_dag.py took 0.123 seconds
[2026-10-02T08:36:31.624+0000] {processor.py:186} INFO - Started process (PID=3533) to work on /opt/airflow/dags/water_quality_pipeline_dag.py
[2026-10-02T08:36:31.625+0000] {processor.py:914} INFO - Processing file /opt/airflow/dags/water_quality_pipeline_dag.py for tasks to queue
[2026-10-02T08:36:31.628+0000] {logging_mixin.py:190} INFO - [2026-10-02T08:36:31.628+0000] {dagbag.py:588} INFO - Filling up the DagBag from /opt/airflow/dags/water_quality_pipeline_dag.py
[2026-10-02T08:36:31.643+0000] {processor.py:925} INFO - DAG(s) 'water_quality_training_pipeline' retrieved from /opt/airflow/dags/water_quality_pipeline_dag.py
[2026-10-02T08:36:31.689+0000] {logging_mixin.py:190} INFO - [2026-10-02T08:36:31.688+0000] {dag.py:3239} INFO - Sync 1 DAGs
[2026-10-02T08:36:31.709+0000] {logging_mixin.py:190} INFO - [2026-10-02T08:36:31.709+0000] {dag.py:4180} INFO - Setting next_dagrun for water_quality_training_pipeline to None, run_after=None
[2026-10-02T08:36:31.738+0000] {processor.py:208} INFO - Processing /opt/airflow/dags/water_quality_pipeline_dag.py took 0.126 seconds
[2026-10-02T08:37:01.899+0000] {processor.py:186} INFO - Started process (PID=3554) to work on /opt/airflow/dags/water_quality_pipeline_dag.py
[2026-10-02T08:37:01.901+0000] {processor.py:914} INFO - Processing file /opt/airflow/dags/water_quality_pipeline_dag.py for tasks to queue
[2026-10-02T08:37:01.904+0000] {logging_mixin.py:190} INFO - [2026-10-02T08:37:01.903+0000] {dagbag.py:588} INFO - Filling up the DagBag from /opt/airflow/dags/water_quality_pipeline_dag.py
[2026-10-02T08:37:01.918+0000] {processor.py:925} INFO - DAG(s) 'water_quality_training_pipeline' retrieved from /opt/airflow/dags/water_quality_pipeline_dag.py
[2026-10-02T08:37:01.961+0000] {logging_mixin.py:190} INFO - [2026-10-02T08:37:01.960+0000] {dag.py:3239} INFO - Sync 1 DAGs
[2026-10-02T08:37:01.981+0000] {logging_mixin.py:190} INFO - [2026-10-02T08:37:01.981+0000] {dag.py:4180} INFO - Setting next_dagrun for water_quality_training_pipeline to None, run_after=None
[2026-10-02T08:37:02.010+0000] {processor.py:208} INFO - Processing /opt/airflow/dags/water_quality_pipeline_dag.py took 0.121 seconds
[2026-10-02T08:37:32.257+0000] {processor.py:186} INFO - Started process (PID=3575) to work on /opt/airflow/dags/water_quality_pipeline_dag.py
[2026-10-02T08:37:32.258+0000] {processor.py:914} INFO - Processing file /opt/airflow/dags/water_quality_pipeline_dag.py for tasks to queue
[2026-10-02T08:37:32.261+0000] {logging_mixin.py:190} INFO - [2026-10-02T08:37:32.261+0000] {dagbag.py:588} INFO - Filling up the DagBag from /opt/airflow/dags/water_quality_pipeline_dag.py
[2026-10-02T08:37:32.275+0000] {processor.py:925} INFO - DAG(s) 'water_quality_training_pipeline' retrieved from /opt/airflow/dags/water_quality_pipeline_dag.py
[2026-10-02T08:37:32.316+0000] {logging_mixin.py:190} INFO - [2026-10-02T08:37:32.315+0000] {dag.py:3239} INFO - Sync 1 DAGs
[2026-10-02T08:37:32.336+0000] {logging_mixin.py:190} INFO - [2026-10-02T08:37:32.336+0000] {dag.py:4180} INFO - Setting next_dagrun for water_quality_training_pipeline to None, run_after=None
[2026-10-02T08:37:32.373+0000] {processor.py:208} INFO - Processing /opt/airflow/dags/water_quality_pipeline_dag.py took 0.126 seconds
[2026-10-02T08:38:02.534+0000] {processor.py:186} INFO - Started process (PID=3596) to work on /opt/airflow/dags/water_quality_pipeline_dag.py
[2026-10-02T08:38:02.536+0000] {processor.py:914} INFO - Processing file /opt/airflow/dags/water_quality_pipeline_dag.py for tasks to queue
[2026-10-02T08:38:02.539+0000] {logging_mixin.py:190} INFO - [2026-10-02T08:38:02.538+0000] {dagbag.py:588} INFO - Filling up the DagBag from /opt/airflow/dags/water_quality_pipeline_dag.py
[2026-10-02T08:38:02.554+0000] {processor.py:925} INFO - DAG(s) 'water_quality_training_pipeline' retrieved from /opt/airflow/dags/water_quality_pipeline_dag.py
[2026-10-02T08:38:02.598+0000] {logging_mixin.py:190} INFO - [2026-10-02T08:38:02.598+0000] {dag.py:3239} INFO - Sync 1 DAGs
[2026-10-02T08:38:02.618+0000] {logging_mixin.py:190} INFO - [2026-10-02T08:38:02.617+0000] {dag.py:4180} INFO - Setting next_dagrun for water_quality_training_pipeline to None, run_after=None
[2026-10-02T08:38:02.643+0000] {processor.py:208} INFO - Processing /opt/airflow/dags/water_quality_pipeline_dag.py took 0.122 seconds
[2026-10-02T08:38:32.898+0000] {processor.py:186} INFO - Started process (PID=3617) to work on /opt/airflow/dags/water_quality_pipeline_dag.py
[2026-10-02T08:38:32.900+0000] {processor.py:914} INFO - Processing file /opt/airflow/dags/water_quality_pipeline_dag.py for tasks to queue
[2026-10-02T08:38:32.904+0000] {logging_mixin.py:190} INFO - [2026-10-02T08:38:32.903+0000] {dagbag.py:588} INFO - Filling up the DagBag from /opt/airflow/dags/water_quality_pipeline_dag.py
[2026-10-02T08:38:32.917+0000] {processor.py:925} INFO - DAG(s) 'water_quality_training_pipeline' retrieved from /opt/airflow/dags/water_quality_pipeline_dag.py
[2026-10-02T08:38:32.957+0000] {logging_mixin.py:190} INFO - [2026-10-02T08:38:32.957+0000] {dag.py:3239} INFO - Sync 1 DAGs
[2026-10-02T08:38:32.976+0000] {logging_mixin.py:190} INFO - [2026-10-02T08:38:32.976+0000] {dag.py:4180} INFO - Setting next_dagrun for water_quality_training_pipeline to None, run_after=None
[2026-10-02T08:38:33.004+0000] {processor.py:208} INFO - Processing /opt/airflow/dags/water_quality_pipeline_dag.py took 0.116 seconds
[2026-10-02T08:39:03.175+0000] {processor.py:186} INFO - Started process (PID=3638) to work on /opt/airflow/dags/water_quality_pipeline_dag.py
[2026-10-02T08:39:03.177+0000] {processor.py:914} INFO - Processing file /opt/airflow/dags/water_quality_pipeline_dag.py for tasks to queue
[2026-10-02T08:39:03.181+0000] {logging_mixin.py:190} INFO - [2026-10-02T08:39:03.180+0000] {dagbag.py:588} INFO - Filling up the DagBag from /opt/airflow/dags/water_quality_pipeline_dag.py
[2026-10-02T08:39:03.194+0000] {processor.py:925} INFO - DAG(s) 'water_quality_training_pipeline' retrieved from /opt/airflow/dags/water_quality_pipeline_dag.py
[2026-10-02T08:39:03.236+0000] {logging_mixin.py:190} INFO - [2026-10-02T08:39:03.236+0000] {dag.py:3239} INFO - Sync 1 DAGs
[2026-10-02T08:39:03.257+0000] {logging_mixin.py:190} INFO - [2026-10-02T08:39:03.257+0000] {dag.py:4180} INFO - Setting next_dagrun for water_quality_training_pipeline to None, run_after=None
[2026-10-02T08:39:03.280+0000] {processor.py:208} INFO - Processing /opt/airflow/dags/water_quality_pipeline_dag.py took 0.117 seconds
[2026-10-02T08:39:33.551+0000] {processor.py:186} INFO - Started process (PID=3666) to work on /opt/airflow/dags/water_quality_pipeline_dag.py
[2026-10-02T08:39:33.552+0000] {processor.py:914} INFO - Processing file /opt/airflow/dags/water_quality_pipeline_dag.py for tasks to queue
[2026-10-02T08:39:33.555+0000] {logging_mixin.py:190} INFO - [2026-10-02T08:39:33.555+0000] {dagbag.py:588} INFO - Filling up the DagBag from /opt/airflow/dags/water_quality_pipeline_dag.py
[2026-10-02T08:39:33.569+0000] {processor.py:925} INFO - DAG(s) 'water_quality_training_pipeline' retrieved from /opt/airflow/dags/water_quality_pipeline_dag.py
[2026-10-02T08:39:33.620+0000] {logging_mixin.py:190} INFO - [2026-10-02T08:39:33.620+0000] {dag.py:3239} INFO - Sync 1 DAGs
[2026-10-02T08:39:33.641+0000] {logging_mixin.py:190} INFO - [2026-10-02T08:39:33.640+0000] {dag.py:4180} INFO - Setting next_dagrun for water_quality_training_pipeline to None, run_after=None
[2026-10-02T08:39:33.667+0000] {processor.py:208} INFO - Processing /opt/airflow/dags/water_quality_pipeline_dag.py took 0.128 seconds
[2026-10-02T08:40:03.808+0000] {processor.py:186} INFO - Started process (PID=3687) to work on /opt/airflow/dags/water_quality_pipeline_dag.py
[2026-10-02T08:40:03.810+0000] {processor.py:914} INFO - Processing file /opt/airflow/dags/water_quality_pipeline_dag.py for tasks to queue
[2026-10-02T08:40:03.813+0000] {logging_mixin.py:190} INFO - [2026-10-02T08:40:03.813+0000] {dagbag.py:588} INFO - Filling up the DagBag from /opt/airflow/dags/water_quality_pipeline_dag.py
[2026-10-02T08:40:03.828+0000] {processor.py:925} INFO - DAG(s) 'water_quality_training_pipeline' retrieved from /opt/airflow/dags/water_quality_pipeline_dag.py
[2026-10-02T08:40:03.873+0000] {logging_mixin.py:190} INFO - [2026-10-02T08:40:03.873+0000] {dag.py:3239} INFO - Sync 1 DAGs
[2026-10-02T08:40:03.894+0000] {logging_mixin.py:190} INFO - [2026-10-02T08:40:03.893+0000] {dag.py:4180} INFO - Setting next_dagrun for water_quality_training_pipeline to None, run_after=None
[2026-10-02T08:40:03.924+0000] {processor.py:208} INFO - Processing /opt/airflow/dags/water_quality_pipeline_dag.py took 0.125 seconds
[2026-10-02T08:40:34.186+0000] {processor.py:186} INFO - Started process (PID=3709) to work on /opt/airflow/dags/water_quality_pipeline_dag.py
[2026-10-02T08:40:34.188+0000] {processor.py:914} INFO - Processing file /opt/airflow/dags/water_quality_pipeline_dag.py for tasks to queue
[2026-10-02T08:40:34.191+0000] {logging_mixin.py:190} INFO - [2026-10-02T08:40:34.190+0000] {dagbag.py:588} INFO - Filling up the DagBag from /opt/airflow/dags/water_quality_pipeline_dag.py
[2026-10-02T08:40:34.206+0000] {processor.py:925} INFO - DAG(s) 'water_quality_training_pipeline' retrieved from /opt/airflow/dags/water_quality_pipeline_dag.py
[2026-10-02T08:40:34.244+0000] {logging_mixin.py:190} INFO - [2026-10-02T08:40:34.244+0000] {dag.py:3239} INFO - Sync 1 DAGs
[2026-10-02T08:40:34.266+0000] {logging_mixin.py:190} INFO - [2026-10-02T08:40:34.265+0000] {dag.py:4180} INFO - Setting next_dagrun for water_quality_training_pipeline to None, run_after=None
[2026-10-02T08:40:34.296+0000] {processor.py:208} INFO - Processing /opt/airflow/dags/water_quality_pipeline_dag.py took 0.120 seconds
[2026-10-02T08:41:04.466+0000] {processor.py:186} INFO - Started process (PID=3730) to work on /opt/airflow/dags/water_quality_pipeline_dag.py
[2026-10-02T08:41:04.469+0000] {processor.py:914} INFO - Processing file /opt/airflow/dags/water_quality_pipeline_dag.py for tasks to queue
[2026-10-02T08:41:04.472+0000] {logging_mixin.py:190} INFO - [2026-10-02T08:41:04.471+0000] {dagbag.py:588} INFO - Filling up the DagBag from /opt/airflow/dags/water_quality_pipeline_dag.py
[2026-10-02T08:41:04.486+0000] {processor.py:925} INFO - DAG(s) 'water_quality_training_pipeline' retrieved from /opt/airflow/dags/water_quality_pipeline_dag.py
[2026-10-02T08:41:04.526+0000] {logging_mixin.py:190} INFO - [2026-10-02T08:41:04.525+0000] {dag.py:3239} INFO - Sync 1 DAGs
[2026-10-02T08:41:04.545+0000] {logging_mixin.py:190} INFO - [2026-10-02T08:41:04.545+0000] {dag.py:4180} INFO - Setting next_dagrun for water_quality_training_pipeline to None, run_after=None
[2026-10-02T08:41:04.569+0000] {processor.py:208} INFO - Processing /opt/airflow/dags/water_quality_pipeline_dag.py took 0.113 seconds
[2026-10-02T08:41:34.848+0000] {processor.py:186} INFO - Started process (PID=3752) to work on /opt/airflow/dags/water_quality_pipeline_dag.py
[2026-10-02T08:41:34.850+0000] {processor.py:914} INFO - Processing file /opt/airflow/dags/water_quality_pipeline_dag.py for tasks to queue
[2026-10-02T08:41:34.853+0000] {logging_mixin.py:190} INFO - [2026-10-02T08:41:34.852+0000] {dagbag.py:588} INFO - Filling up the DagBag from /opt/airflow/dags/water_quality_pipeline_dag.py
[2026-10-02T08:41:34.866+0000] {processor.py:925} INFO - DAG(s) 'water_quality_training_pipeline' retrieved from /opt/airflow/dags/water_quality_pipeline_dag.py
[2026-10-02T08:41:34.905+0000] {logging_mixin.py:190} INFO - [2026-10-02T08:41:34.904+0000] {dag.py:3239} INFO - Sync 1 DAGs
[2026-10-02T08:41:34.924+0000] {logging_mixin.py:190} INFO - [2026-10-02T08:41:34.923+0000] {dag.py:4180} INFO - Setting next_dagrun for water_quality_training_pipeline to None, run_after=None
[2026-10-02T08:41:34.949+0000] {processor.py:208} INFO - Processing /opt/airflow/dags/water_quality_pipeline_dag.py took 0.111 seconds
[2026-10-02T08:42:05.113+0000] {processor.py:186} INFO - Started process (PID=3772) to work on /opt/airflow/dags/water_quality_pipeline_dag.py
[2026-10-02T08:42:05.116+0000] {processor.py:914} INFO - Processing file /opt/airflow/dags/water_quality_pipeline_dag.py for tasks to queue
[2026-10-02T08:42:05.120+0000] {logging_mixin.py:190} INFO - [2026-10-02T08:42:05.119+0000] {dagbag.py:588} INFO - Filling up the DagBag from /opt/airflow/dags/water_quality_pipeline_dag.py
[2026-10-02T08:42:05.134+0000] {processor.py:925} INFO - DAG(s) 'water_quality_training_pipeline' retrieved from /opt/airflow/dags/water_quality_pipeline_dag.py
[2026-10-02T08:42:05.176+0000] {logging_mixin.py:190} INFO - [2026-10-02T08:42:05.175+0000] {dag.py:3239} INFO - Sync 1 DAGs
[2026-10-02T08:42:05.198+0000] {logging_mixin.py:190} INFO - [2026-10-02T08:42:05.197+0000] {dag.py:4180} INFO - Setting next_dagrun for water_quality_training_pipeline to None, run_after=None
[2026-10-02T08:42:05.222+0000] {processor.py:208} INFO - Processing /opt/airflow/dags/water_quality_pipeline_dag.py took 0.118 seconds
[2026-10-02T08:42:35.488+0000] {processor.py:186} INFO - Started process (PID=3793) to work on /opt/airflow/dags/water_quality_pipeline_dag.py
[2026-10-02T08:42:35.490+0000] {processor.py:914} INFO - Processing file /opt/airflow/dags/water_quality_pipeline_dag.py for tasks to queue
[2026-10-02T08:42:35.496+0000] {logging_mixin.py:190} INFO - [2026-10-02T08:42:35.495+0000] {dagbag.py:588} INFO - Filling up the DagBag from /opt/airflow/dags/water_quality_pipeline_dag.py
[2026-10-02T08:42:35.509+0000] {processor.py:925} INFO - DAG(s) 'water_quality_training_pipeline' retrieved from /opt/airflow/dags/water_quality_pipeline_dag.py
[2026-10-02T08:42:35.554+0000] {logging_mixin.py:190} INFO - [2026-10-02T08:42:35.554+0000] {dag.py:3239} INFO - Sync 1 DAGs
[2026-10-02T08:42:35.574+0000] {logging_mixin.py:190} INFO - [2026-10-02T08:42:35.573+0000] {dag.py:4180} INFO - Setting next_dagrun for water_quality_training_pipeline to None, run_after=None
[2026-10-02T08:42:35.599+0000] {processor.py:208} INFO - Processing /opt/airflow/dags/water_quality_pipeline_dag.py took 0.125 seconds
[2026-10-02T08:43:05.751+0000] {processor.py:186} INFO - Started process (PID=3815) to work on /opt/airflow/dags/water_quality_pipeline_dag.py
[2026-10-02T08:43:05.753+0000] {processor.py:914} INFO - Processing file /opt/airflow/dags/water_quality_pipeline_dag.py for tasks to queue
[2026-10-02T08:43:05.757+0000] {logging_mixin.py:190} INFO - [2026-10-02T08:43:05.756+0000] {dagbag.py:588} INFO - Filling up the DagBag from /opt/airflow/dags/water_quality_pipeline_dag.py
[2026-10-02T08:43:05.772+0000] {processor.py:925} INFO - DAG(s) 'water_quality_training_pipeline' retrieved from /opt/airflow/dags/water_quality_pipeline_dag.py
[2026-10-02T08:43:05.825+0000] {logging_mixin.py:190} INFO - [2026-10-02T08:43:05.825+0000] {dag.py:3239} INFO - Sync 1 DAGs
[2026-10-02T08:43:05.845+0000] {logging_mixin.py:190} INFO - [2026-10-02T08:43:05.845+0000] {dag.py:4180} INFO - Setting next_dagrun for water_quality_training_pipeline to None, run_after=None
[2026-10-02T08:43:05.875+0000] {processor.py:208} INFO - Processing /opt/airflow/dags/water_quality_pipeline_dag.py took 0.133 seconds
[2026-10-02T08:43:36.132+0000] {processor.py:186} INFO - Started process (PID=3843) to work on /opt/airflow/dags/water_quality_pipeline_dag.py
[2026-10-02T08:43:36.133+0000] {processor.py:914} INFO - Processing file /opt/airflow/dags/water_quality_pipeline_dag.py for tasks to queue
[2026-10-02T08:43:36.137+0000] {logging_mixin.py:190} INFO - [2026-10-02T08:43:36.137+0000] {dagbag.py:588} INFO - Filling up the DagBag from /opt/airflow/dags/water_quality_pipeline_dag.py
[2026-10-02T08:43:36.151+0000] {processor.py:925} INFO - DAG(s) 'water_quality_training_pipeline' retrieved from /opt/airflow/dags/water_quality_pipeline_dag.py
[2026-10-02T08:43:36.193+0000] {logging_mixin.py:190} INFO - [2026-10-02T08:43:36.193+0000] {dag.py:3239} INFO - Sync 1 DAGs
[2026-10-02T08:43:36.215+0000] {logging_mixin.py:190} INFO - [2026-10-02T08:43:36.214+0000] {dag.py:4180} INFO - Setting next_dagrun for water_quality_training_pipeline to None, run_after=None
[2026-10-02T08:43:36.250+0000] {processor.py:208} INFO - Processing /opt/airflow/dags/water_quality_pipeline_dag.py took 0.130 seconds
[2026-10-02T08:44:06.400+0000] {processor.py:186} INFO - Started process (PID=3864) to work on /opt/airflow/dags/water_quality_pipeline_dag.py
[2026-10-02T08:44:06.403+0000] {processor.py:914} INFO - Processing file /opt/airflow/dags/water_quality_pipeline_dag.py for tasks to queue
[2026-10-02T08:44:06.406+0000] {logging_mixin.py:190} INFO - [2026-10-02T08:44:06.406+0000] {dagbag.py:588} INFO - Filling up the DagBag from /opt/airflow/dags/water_quality_pipeline_dag.py
[2026-10-02T08:44:06.421+0000] {processor.py:925} INFO - DAG(s) 'water_quality_training_pipeline' retrieved from /opt/airflow/dags/water_quality_pipeline_dag.py
[2026-10-02T08:44:06.463+0000] {logging_mixin.py:190} INFO - [2026-10-02T08:44:06.463+0000] {dag.py:3239} INFO - Sync 1 DAGs
[2026-10-02T08:44:06.484+0000] {logging_mixin.py:190} INFO - [2026-10-02T08:44:06.484+0000] {dag.py:4180} INFO - Setting next_dagrun for water_quality_training_pipeline to None, run_after=None
[2026-10-02T08:44:06.515+0000] {processor.py:208} INFO - Processing /opt/airflow/dags/water_quality_pipeline_dag.py took 0.127 seconds
[2026-10-02T08:44:36.798+0000] {processor.py:186} INFO - Started process (PID=3886) to work on /opt/airflow/dags/water_quality_pipeline_dag.py
[2026-10-02T08:44:36.799+0000] {processor.py:914} INFO - Processing file /opt/airflow/dags/water_quality_pipeline_dag.py for tasks to queue
[2026-10-02T08:44:36.802+0000] {logging_mixin.py:190} INFO - [2026-10-02T08:44:36.802+0000] {dagbag.py:588} INFO - Filling up the DagBag from /opt/airflow/dags/water_quality_pipeline_dag.py
[2026-10-02T08:44:36.816+0000] {processor.py:925} INFO - DAG(s) 'water_quality_training_pipeline' retrieved from /opt/airflow/dags/water_quality_pipeline_dag.py
[2026-10-02T08:44:36.857+0000] {logging_mixin.py:190} INFO - [2026-10-02T08:44:36.857+0000] {dag.py:3239} INFO - Sync 1 DAGs
[2026-10-02T08:44:36.879+0000] {logging_mixin.py:190} INFO - [2026-10-02T08:44:36.879+0000] {dag.py:4180} INFO - Setting next_dagrun for water_quality_training_pipeline to None, run_after=None
[2026-10-02T08:44:36.905+0000] {processor.py:208} INFO - Processing /opt/airflow/dags/water_quality_pipeline_dag.py took 0.117 seconds
[2026-10-02T08:45:07.061+0000] {processor.py:186} INFO - Started process (PID=3907) to work on /opt/airflow/dags/water_quality_pipeline_dag.py
[2026-10-02T08:45:07.064+0000] {processor.py:914} INFO - Processing file /opt/airflow/dags/water_quality_pipeline_dag.py for tasks to queue
[2026-10-02T08:45:07.067+0000] {logging_mixin.py:190} INFO - [2026-10-02T08:45:07.066+0000] {dagbag.py:588} INFO - Filling up the DagBag from /opt/airflow/dags/water_quality_pipeline_dag.py
[2026-10-02T08:45:07.080+0000] {processor.py:925} INFO - DAG(s) 'water_quality_training_pipeline' retrieved from /opt/airflow/dags/water_quality_pipeline_dag.py
[2026-10-02T08:45:07.124+0000] {logging_mixin.py:190} INFO - [2026-10-02T08:45:07.124+0000] {dag.py:3239} INFO - Sync 1 DAGs
[2026-10-02T08:45:07.144+0000] {logging_mixin.py:190} INFO - [2026-10-02T08:45:07.144+0000] {dag.py:4180} INFO - Setting next_dagrun for water_quality_training_pipeline to None, run_after=None
[2026-10-02T08:45:07.168+0000] {processor.py:208} INFO - Processing /opt/airflow/dags/water_quality_pipeline_dag.py took 0.117 seconds
[2026-10-02T08:45:37.436+0000] {processor.py:186} INFO - Started process (PID=3928) to work on /opt/airflow/dags/water_quality_pipeline_dag.py
[2026-10-02T08:45:37.437+0000] {processor.py:914} INFO - Processing file /opt/airflow/dags/water_quality_pipeline_dag.py for tasks to queue
[2026-10-02T08:45:37.440+0000] {logging_mixin.py:190} INFO - [2026-10-02T08:45:37.439+0000] {dagbag.py:588} INFO - Filling up the DagBag from /opt/airflow/dags/water_quality_pipeline_dag.py
[2026-10-02T08:45:37.454+0000] {processor.py:925} INFO - DAG(s) 'water_quality_training_pipeline' retrieved from /opt/airflow/dags/water_quality_pipeline_dag.py
[2026-10-02T08:45:37.501+0000] {logging_mixin.py:190} INFO - [2026-10-02T08:45:37.501+0000] {dag.py:3239} INFO - Sync 1 DAGs
[2026-10-02T08:45:37.521+0000] {logging_mixin.py:190} INFO - [2026-10-02T08:45:37.521+0000] {dag.py:4180} INFO - Setting next_dagrun for water_quality_training_pipeline to None, run_after=None
[2026-10-02T08:45:37.554+0000] {processor.py:208} INFO - Processing /opt/airflow/dags/water_quality_pipeline_dag.py took 0.128 seconds
[2026-10-02T08:46:07.712+0000] {processor.py:186} INFO - Started process (PID=3949) to work on /opt/airflow/dags/water_quality_pipeline_dag.py
[2026-10-02T08:46:07.715+0000] {processor.py:914} INFO - Processing file /opt/airflow/dags/water_quality_pipeline_dag.py for tasks to queue
[2026-10-02T08:46:07.719+0000] {logging_mixin.py:190} INFO - [2026-10-02T08:46:07.718+0000] {dagbag.py:588} INFO - Filling up the DagBag from /opt/airflow/dags/water_quality_pipeline_dag.py
[2026-10-02T08:46:07.733+0000] {processor.py:925} INFO - DAG(s) 'water_quality_training_pipeline' retrieved from /opt/airflow/dags/water_quality_pipeline_dag.py
[2026-10-02T08:46:07.780+0000] {logging_mixin.py:190} INFO - [2026-10-02T08:46:07.780+0000] {dag.py:3239} INFO - Sync 1 DAGs
[2026-10-02T08:46:07.799+0000] {logging_mixin.py:190} INFO - [2026-10-02T08:46:07.799+0000] {dag.py:4180} INFO - Setting next_dagrun for water_quality_training_pipeline to None, run_after=None
[2026-10-02T08:46:07.827+0000] {processor.py:208} INFO - Processing /opt/airflow/dags/water_quality_pipeline_dag.py took 0.126 seconds
[2026-10-02T09:27:13.870+0000] {processor.py:186} INFO - Started process (PID=3970) to work on /opt/airflow/dags/water_quality_pipeline_dag.py
[2026-10-02T09:27:13.872+0000] {processor.py:914} INFO - Processing file /opt/airflow/dags/water_quality_pipeline_dag.py for tasks to queue
[2026-10-02T09:27:13.876+0000] {logging_mixin.py:190} INFO - [2026-10-02T09:27:13.876+0000] {dagbag.py:588} INFO - Filling up the DagBag from /opt/airflow/dags/water_quality_pipeline_dag.py
[2026-10-02T09:27:13.890+0000] {processor.py:925} INFO - DAG(s) 'water_quality_training_pipeline' retrieved from /opt/airflow/dags/water_quality_pipeline_dag.py
[2026-10-02T09:27:13.930+0000] {logging_mixin.py:190} INFO - [2026-10-02T09:27:13.930+0000] {dag.py:3239} INFO - Sync 1 DAGs
[2026-10-02T09:27:13.956+0000] {logging_mixin.py:190} INFO - [2026-10-02T09:27:13.955+0000] {dag.py:4180} INFO - Setting next_dagrun for water_quality_training_pipeline to None, run_after=None
[2026-10-02T09:27:13.988+0000] {processor.py:208} INFO - Processing /opt/airflow/dags/water_quality_pipeline_dag.py took 0.129 seconds
[2026-10-02T09:27:44.138+0000] {processor.py:186} INFO - Started process (PID=3991) to work on /opt/airflow/dags/water_quality_pipeline_dag.py
[2026-10-02T09:27:44.140+0000] {processor.py:914} INFO - Processing file /opt/airflow/dags/water_quality_pipeline_dag.py for tasks to queue
[2026-10-02T09:27:44.143+0000] {logging_mixin.py:190} INFO - [2026-10-02T09:27:44.143+0000] {dagbag.py:588} INFO - Filling up the DagBag from /opt/airflow/dags/water_quality_pipeline_dag.py
[2026-10-02T09:27:44.159+0000] {processor.py:925} INFO - DAG(s) 'water_quality_training_pipeline' retrieved from /opt/airflow/dags/water_quality_pipeline_dag.py
[2026-10-02T09:27:44.205+0000] {logging_mixin.py:190} INFO - [2026-10-02T09:27:44.205+0000] {dag.py:3239} INFO - Sync 1 DAGs
[2026-10-02T09:27:44.225+0000] {logging_mixin.py:190} INFO - [2026-10-02T09:27:44.225+0000] {dag.py:4180} INFO - Setting next_dagrun for water_quality_training_pipeline to None, run_after=None
[2026-10-02T09:27:44.254+0000] {processor.py:208} INFO - Processing /opt/airflow/dags/water_quality_pipeline_dag.py took 0.125 seconds
[2026-10-02T09:28:14.526+0000] {processor.py:186} INFO - Started process (PID=4013) to work on /opt/airflow/dags/water_quality_pipeline_dag.py
[2026-10-02T09:28:14.527+0000] {processor.py:914} INFO - Processing file /opt/airflow/dags/water_quality_pipeline_dag.py for tasks to queue
[2026-10-02T09:28:14.530+0000] {logging_mixin.py:190} INFO - [2026-10-02T09:28:14.529+0000] {dagbag.py:588} INFO - Filling up the DagBag from /opt/airflow/dags/water_quality_pipeline_dag.py
[2026-10-02T09:28:14.548+0000] {processor.py:925} INFO - DAG(s) 'water_quality_training_pipeline' retrieved from /opt/airflow/dags/water_quality_pipeline_dag.py
[2026-10-02T09:28:14.599+0000] {logging_mixin.py:190} INFO - [2026-10-02T09:28:14.598+0000] {dag.py:3239} INFO - Sync 1 DAGs
[2026-10-02T09:28:14.620+0000] {logging_mixin.py:190} INFO - [2026-10-02T09:28:14.620+0000] {dag.py:4180} INFO - Setting next_dagrun for water_quality_training_pipeline to None, run_after=None
[2026-10-02T09:28:14.649+0000] {processor.py:208} INFO - Processing /opt/airflow/dags/water_quality_pipeline_dag.py took 0.134 seconds
[2026-10-02T09:28:44.811+0000] {processor.py:186} INFO - Started process (PID=4041) to work on /opt/airflow/dags/water_quality_pipeline_dag.py
[2026-10-02T09:28:44.813+0000] {processor.py:914} INFO - Processing file /opt/airflow/dags/water_quality_pipeline_dag.py for tasks to queue
[2026-10-02T09:28:44.818+0000] {logging_mixin.py:190} INFO - [2026-10-02T09:28:44.817+0000] {dagbag.py:588} INFO - Filling up the DagBag from /opt/airflow/dags/water_quality_pipeline_dag.py
[2026-10-02T09:28:44.841+0000] {processor.py:925} INFO - DAG(s) 'water_quality_training_pipeline' retrieved from /opt/airflow/dags/water_quality_pipeline_dag.py
[2026-10-02T09:28:44.891+0000] {logging_mixin.py:190} INFO - [2026-10-02T09:28:44.891+0000] {dag.py:3239} INFO - Sync 1 DAGs
[2026-10-02T09:28:44.912+0000] {logging_mixin.py:190} INFO - [2026-10-02T09:28:44.912+0000] {dag.py:4180} INFO - Setting next_dagrun for water_quality_training_pipeline to None, run_after=None
[2026-10-02T09:28:44.938+0000] {processor.py:208} INFO - Processing /opt/airflow/dags/water_quality_pipeline_dag.py took 0.142 seconds
[2026-10-02T09:29:15.193+0000] {processor.py:186} INFO - Started process (PID=4061) to work on /opt/airflow/dags/water_quality_pipeline_dag.py
[2026-10-02T09:29:15.196+0000] {processor.py:914} INFO - Processing file /opt/airflow/dags/water_quality_pipeline_dag.py for tasks to queue
[2026-10-02T09:29:15.199+0000] {logging_mixin.py:190} INFO - [2026-10-02T09:29:15.198+0000] {dagbag.py:588} INFO - Filling up the DagBag from /opt/airflow/dags/water_quality_pipeline_dag.py
[2026-10-02T09:29:15.213+0000] {processor.py:925} INFO - DAG(s) 'water_quality_training_pipeline' retrieved from /opt/airflow/dags/water_quality_pipeline_dag.py
[2026-10-02T09:29:15.257+0000] {logging_mixin.py:190} INFO - [2026-10-02T09:29:15.257+0000] {dag.py:3239} INFO - Sync 1 DAGs
[2026-10-02T09:29:15.282+0000] {logging_mixin.py:190} INFO - [2026-10-02T09:29:15.281+0000] {dag.py:4180} INFO - Setting next_dagrun for water_quality_training_pipeline to None, run_after=None
[2026-10-02T09:29:15.310+0000] {processor.py:208} INFO - Processing /opt/airflow/dags/water_quality_pipeline_dag.py took 0.128 seconds
[2026-10-02T09:29:45.487+0000] {processor.py:186} INFO - Started process (PID=4082) to work on /opt/airflow/dags/water_quality_pipeline_dag.py
[2026-10-02T09:29:45.488+0000] {processor.py:914} INFO - Processing file /opt/airflow/dags/water_quality_pipeline_dag.py for tasks to queue
[2026-10-02T09:29:45.491+0000] {logging_mixin.py:190} INFO - [2026-10-02T09:29:45.491+0000] {dagbag.py:588} INFO - Filling up the DagBag from /opt/airflow/dags/water_quality_pipeline_dag.py
[2026-10-02T09:29:45.507+0000] {processor.py:925} INFO - DAG(s) 'water_quality_training_pipeline' retrieved from /opt/airflow/dags/water_quality_pipeline_dag.py
[2026-10-02T09:29:45.564+0000] {logging_mixin.py:190} INFO - [2026-10-02T09:29:45.563+0000] {dag.py:3239} INFO - Sync 1 DAGs
[2026-10-02T09:29:45.590+0000] {logging_mixin.py:190} INFO - [2026-10-02T09:29:45.589+0000] {dag.py:4180} INFO - Setting next_dagrun for water_quality_training_pipeline to None, run_after=None
[2026-10-02T09:29:45.639+0000] {processor.py:208} INFO - Processing /opt/airflow/dags/water_quality_pipeline_dag.py took 0.164 seconds
[2026-10-02T09:30:15.854+0000] {processor.py:186} INFO - Started process (PID=4104) to work on /opt/airflow/dags/water_quality_pipeline_dag.py
[2026-10-02T09:30:15.856+0000] {processor.py:914} INFO - Processing file /opt/airflow/dags/water_quality_pipeline_dag.py for tasks to queue
[2026-10-02T09:30:15.860+0000] {logging_mixin.py:190} INFO - [2026-10-02T09:30:15.859+0000] {dagbag.py:588} INFO - Filling up the DagBag from /opt/airflow/dags/water_quality_pipeline_dag.py
[2026-10-02T09:30:15.874+0000] {processor.py:925} INFO - DAG(s) 'water_quality_training_pipeline' retrieved from /opt/airflow/dags/water_quality_pipeline_dag.py
[2026-10-02T09:30:15.914+0000] {logging_mixin.py:190} INFO - [2026-10-02T09:30:15.913+0000] {dag.py:3239} INFO - Sync 1 DAGs
[2026-10-02T09:30:15.934+0000] {logging_mixin.py:190} INFO - [2026-10-02T09:30:15.934+0000] {dag.py:4180} INFO - Setting next_dagrun for water_quality_training_pipeline to None, run_after=None
[2026-10-02T09:30:15.958+0000] {processor.py:208} INFO - Processing /opt/airflow/dags/water_quality_pipeline_dag.py took 0.115 seconds
[2026-10-02T09:30:46.161+0000] {processor.py:186} INFO - Started process (PID=4125) to work on /opt/airflow/dags/water_quality_pipeline_dag.py
[2026-10-02T09:30:46.162+0000] {processor.py:914} INFO - Processing file /opt/airflow/dags/water_quality_pipeline_dag.py for tasks to queue
[2026-10-02T09:30:46.166+0000] {logging_mixin.py:190} INFO - [2026-10-02T09:30:46.166+0000] {dagbag.py:588} INFO - Filling up the DagBag from /opt/airflow/dags/water_quality_pipeline_dag.py
[2026-10-02T09:30:46.180+0000] {processor.py:925} INFO - DAG(s) 'water_quality_training_pipeline' retrieved from /opt/airflow/dags/water_quality_pipeline_dag.py
[2026-10-02T09:30:46.226+0000] {logging_mixin.py:190} INFO - [2026-10-02T09:30:46.226+0000] {dag.py:3239} INFO - Sync 1 DAGs
[2026-10-02T09:30:46.245+0000] {logging_mixin.py:190} INFO - [2026-10-02T09:30:46.245+0000] {dag.py:4180} INFO - Setting next_dagrun for water_quality_training_pipeline to None, run_after=None
[2026-10-02T09:30:46.275+0000] {processor.py:208} INFO - Processing /opt/airflow/dags/water_quality_pipeline_dag.py took 0.124 seconds
[2026-10-02T09:31:16.485+0000] {processor.py:186} INFO - Started process (PID=4146) to work on /opt/airflow/dags/water_quality_pipeline_dag.py
[2026-10-02T09:31:16.488+0000] {processor.py:914} INFO - Processing file /opt/airflow/dags/water_quality_pipeline_dag.py for tasks to queue
[2026-10-02T09:31:16.492+0000] {logging_mixin.py:190} INFO - [2026-10-02T09:31:16.491+0000] {dagbag.py:588} INFO - Filling up the DagBag from /opt/airflow/dags/water_quality_pipeline_dag.py
[2026-10-02T09:31:16.505+0000] {processor.py:925} INFO - DAG(s) 'water_quality_training_pipeline' retrieved from /opt/airflow/dags/water_quality_pipeline_dag.py
[2026-10-02T09:31:16.550+0000] {logging_mixin.py:190} INFO - [2026-10-02T09:31:16.550+0000] {dag.py:3239} INFO - Sync 1 DAGs
[2026-10-02T09:31:16.574+0000] {logging_mixin.py:190} INFO - [2026-10-02T09:31:16.573+0000] {dag.py:4180} INFO - Setting next_dagrun for water_quality_training_pipeline to None, run_after=None
[2026-10-02T09:31:16.600+0000] {processor.py:208} INFO - Processing /opt/airflow/dags/water_quality_pipeline_dag.py took 0.126 seconds
[2026-10-02T09:31:46.827+0000] {processor.py:186} INFO - Started process (PID=4166) to work on /opt/airflow/dags/water_quality_pipeline_dag.py
[2026-10-02T09:31:46.828+0000] {processor.py:914} INFO - Processing file /opt/airflow/dags/water_quality_pipeline_dag.py for tasks to queue
[2026-10-02T09:31:46.832+0000] {logging_mixin.py:190} INFO - [2026-10-02T09:31:46.831+0000] {dagbag.py:588} INFO - Filling up the DagBag from /opt/airflow/dags/water_quality_pipeline_dag.py
[2026-10-02T09:31:46.846+0000] {processor.py:925} INFO - DAG(s) 'water_quality_training_pipeline' retrieved from /opt/airflow/dags/water_quality_pipeline_dag.py
[2026-10-02T09:31:46.887+0000] {logging_mixin.py:190} INFO - [2026-10-02T09:31:46.887+0000] {dag.py:3239} INFO - Sync 1 DAGs
[2026-10-02T09:31:46.909+0000] {logging_mixin.py:190} INFO - [2026-10-02T09:31:46.908+0000] {dag.py:4180} INFO - Setting next_dagrun for water_quality_training_pipeline to None, run_after=None
[2026-10-02T09:31:46.935+0000] {processor.py:208} INFO - Processing /opt/airflow/dags/water_quality_pipeline_dag.py took 0.118 seconds
[2026-10-02T09:32:17.172+0000] {processor.py:186} INFO - Started process (PID=4187) to work on /opt/airflow/dags/water_quality_pipeline_dag.py
[2026-10-02T09:32:17.174+0000] {processor.py:914} INFO - Processing file /opt/airflow/dags/water_quality_pipeline_dag.py for tasks to queue
[2026-10-02T09:32:17.178+0000] {logging_mixin.py:190} INFO - [2026-10-02T09:32:17.178+0000] {dagbag.py:588} INFO - Filling up the DagBag from /opt/airflow/dags/water_quality_pipeline_dag.py
[2026-10-02T09:32:17.193+0000] {processor.py:925} INFO - DAG(s) 'water_quality_training_pipeline' retrieved from /opt/airflow/dags/water_quality_pipeline_dag.py
[2026-10-02T09:32:17.242+0000] {logging_mixin.py:190} INFO - [2026-10-02T09:32:17.242+0000] {dag.py:3239} INFO - Sync 1 DAGs
[2026-10-02T09:32:17.264+0000] {logging_mixin.py:190} INFO - [2026-10-02T09:32:17.264+0000] {dag.py:4180} INFO - Setting next_dagrun for water_quality_training_pipeline to None, run_after=None
[2026-10-02T09:32:17.291+0000] {processor.py:208} INFO - Processing /opt/airflow/dags/water_quality_pipeline_dag.py took 0.129 seconds
[2026-10-02T09:32:47.467+0000] {processor.py:186} INFO - Started process (PID=4208) to work on /opt/airflow/dags/water_quality_pipeline_dag.py
[2026-10-02T09:32:47.468+0000] {processor.py:914} INFO - Processing file /opt/airflow/dags/water_quality_pipeline_dag.py for tasks to queue
[2026-10-02T09:32:47.471+0000] {logging_mixin.py:190} INFO - [2026-10-02T09:32:47.471+0000] {dagbag.py:588} INFO - Filling up the DagBag from /opt/airflow/dags/water_quality_pipeline_dag.py
[2026-10-02T09:32:47.486+0000] {processor.py:925} INFO - DAG(s) 'water_quality_training_pipeline' retrieved from /opt/airflow/dags/water_quality_pipeline_dag.py
[2026-10-02T09:32:47.532+0000] {logging_mixin.py:190} INFO - [2026-10-02T09:32:47.531+0000] {dag.py:3239} INFO - Sync 1 DAGs
[2026-10-02T09:32:47.551+0000] {logging_mixin.py:190} INFO - [2026-10-02T09:32:47.550+0000] {dag.py:4180} INFO - Setting next_dagrun for water_quality_training_pipeline to None, run_after=None
[2026-10-02T09:32:47.579+0000] {processor.py:208} INFO - Processing /opt/airflow/dags/water_quality_pipeline_dag.py took 0.123 seconds
[2026-10-02T09:33:17.841+0000] {processor.py:186} INFO - Started process (PID=4229) to work on /opt/airflow/dags/water_quality_pipeline_dag.py
[2026-10-02T09:33:17.844+0000] {processor.py:914} INFO - Processing file /opt/airflow/dags/water_quality_pipeline_dag.py for tasks to queue
[2026-10-02T09:33:17.847+0000] {logging_mixin.py:190} INFO - [2026-10-02T09:33:17.847+0000] {dagbag.py:588} INFO - Filling up the DagBag from /opt/airflow/dags/water_quality_pipeline_dag.py
[2026-10-02T09:33:17.863+0000] {processor.py:925} INFO - DAG(s) 'water_quality_training_pipeline' retrieved from /opt/airflow/dags/water_quality_pipeline_dag.py
[2026-10-02T09:33:17.906+0000] {logging_mixin.py:190} INFO - [2026-10-02T09:33:17.905+0000] {dag.py:3239} INFO - Sync 1 DAGs
[2026-10-02T09:33:17.926+0000] {logging_mixin.py:190} INFO - [2026-10-02T09:33:17.926+0000] {dag.py:4180} INFO - Setting next_dagrun for water_quality_training_pipeline to None, run_after=None
[2026-10-02T09:33:17.955+0000] {processor.py:208} INFO - Processing /opt/airflow/dags/water_quality_pipeline_dag.py took 0.124 seconds
[2026-10-02T09:33:48.099+0000] {processor.py:186} INFO - Started process (PID=4250) to work on /opt/airflow/dags/water_quality_pipeline_dag.py
[2026-10-02T09:33:48.100+0000] {processor.py:914} INFO - Processing file /opt/airflow/dags/water_quality_pipeline_dag.py for tasks to queue
[2026-10-02T09:33:48.104+0000] {logging_mixin.py:190} INFO - [2026-10-02T09:33:48.103+0000] {dagbag.py:588} INFO - Filling up the DagBag from /opt/airflow/dags/water_quality_pipeline_dag.py
[2026-10-02T09:33:48.118+0000] {processor.py:925} INFO - DAG(s) 'water_quality_training_pipeline' retrieved from /opt/airflow/dags/water_quality_pipeline_dag.py
[2026-10-02T09:33:48.166+0000] {logging_mixin.py:190} INFO - [2026-10-02T09:33:48.166+0000] {dag.py:3239} INFO - Sync 1 DAGs
[2026-10-02T09:33:48.189+0000] {logging_mixin.py:190} INFO - [2026-10-02T09:33:48.189+0000] {dag.py:4180} INFO - Setting next_dagrun for water_quality_training_pipeline to None, run_after=None
[2026-10-02T09:33:48.217+0000] {processor.py:208} INFO - Processing /opt/airflow/dags/water_quality_pipeline_dag.py took 0.127 seconds
[2026-10-02T09:34:18.490+0000] {processor.py:186} INFO - Started process (PID=4271) to work on /opt/airflow/dags/water_quality_pipeline_dag.py
[2026-10-02T09:34:18.493+0000] {processor.py:914} INFO - Processing file /opt/airflow/dags/water_quality_pipeline_dag.py for tasks to queue
[2026-10-02T09:34:18.497+0000] {logging_mixin.py:190} INFO - [2026-10-02T09:34:18.497+0000] {dagbag.py:588} INFO - Filling up the DagBag from /opt/airflow/dags/water_quality_pipeline_dag.py
[2026-10-02T09:34:18.510+0000] {processor.py:925} INFO - DAG(s) 'water_quality_training_pipeline' retrieved from /opt/airflow/dags/water_quality_pipeline_dag.py
[2026-10-02T09:34:18.551+0000] {logging_mixin.py:190} INFO - [2026-10-02T09:34:18.551+0000] {dag.py:3239} INFO - Sync 1 DAGs
[2026-10-02T09:34:18.572+0000] {logging_mixin.py:190} INFO - [2026-10-02T09:34:18.571+0000] {dag.py:4180} INFO - Setting next_dagrun for water_quality_training_pipeline to None, run_after=None
[2026-10-02T09:34:18.595+0000] {processor.py:208} INFO - Processing /opt/airflow/dags/water_quality_pipeline_dag.py took 0.114 seconds
[2026-10-02T09:34:48.716+0000] {processor.py:186} INFO - Started process (PID=4300) to work on /opt/airflow/dags/water_quality_pipeline_dag.py
[2026-10-02T09:34:48.716+0000] {processor.py:914} INFO - Processing file /opt/airflow/dags/water_quality_pipeline_dag.py for tasks to queue
[2026-10-02T09:34:48.718+0000] {logging_mixin.py:190} INFO - [2026-10-02T09:34:48.718+0000] {dagbag.py:588} INFO - Filling up the DagBag from /opt/airflow/dags/water_quality_pipeline_dag.py
[2026-10-02T09:34:48.724+0000] {processor.py:925} INFO - DAG(s) 'water_quality_training_pipeline' retrieved from /opt/airflow/dags/water_quality_pipeline_dag.py
[2026-10-02T09:34:48.743+0000] {logging_mixin.py:190} INFO - [2026-10-02T09:34:48.743+0000] {dag.py:3239} INFO - Sync 1 DAGs
[2026-10-02T09:34:48.752+0000] {logging_mixin.py:190} INFO - [2026-10-02T09:34:48.751+0000] {dag.py:4180} INFO - Setting next_dagrun for water_quality_training_pipeline to None, run_after=None
[2026-10-02T09:34:48.760+0000] {processor.py:208} INFO - Processing /opt/airflow/dags/water_quality_pipeline_dag.py took 0.050 seconds
[2026-10-02T09:35:18.914+0000] {processor.py:186} INFO - Started process (PID=4321) to work on /opt/airflow/dags/water_quality_pipeline_dag.py
[2026-10-02T09:35:18.917+0000] {processor.py:914} INFO - Processing file /opt/airflow/dags/water_quality_pipeline_dag.py for tasks to queue
[2026-10-02T09:35:18.920+0000] {logging_mixin.py:190} INFO - [2026-10-02T09:35:18.919+0000] {dagbag.py:588} INFO - Filling up the DagBag from /opt/airflow/dags/water_quality_pipeline_dag.py
[2026-10-02T09:35:18.925+0000] {processor.py:925} INFO - DAG(s) 'water_quality_training_pipeline' retrieved from /opt/airflow/dags/water_quality_pipeline_dag.py
[2026-10-02T09:35:18.944+0000] {logging_mixin.py:190} INFO - [2026-10-02T09:35:18.943+0000] {dag.py:3239} INFO - Sync 1 DAGs
[2026-10-02T09:35:18.952+0000] {logging_mixin.py:190} INFO - [2026-10-02T09:35:18.952+0000] {dag.py:4180} INFO - Setting next_dagrun for water_quality_training_pipeline to None, run_after=None
[2026-10-02T09:35:18.962+0000] {processor.py:208} INFO - Processing /opt/airflow/dags/water_quality_pipeline_dag.py took 0.052 seconds
[2026-10-02T09:35:49.142+0000] {processor.py:186} INFO - Started process (PID=4350) to work on /opt/airflow/dags/water_quality_pipeline_dag.py
[2026-10-02T09:35:49.143+0000] {processor.py:914} INFO - Processing file /opt/airflow/dags/water_quality_pipeline_dag.py for tasks to queue
[2026-10-02T09:35:49.145+0000] {logging_mixin.py:190} INFO - [2026-10-02T09:35:49.145+0000] {dagbag.py:588} INFO - Filling up the DagBag from /opt/airflow/dags/water_quality_pipeline_dag.py
[2026-10-02T09:35:49.153+0000] {processor.py:925} INFO - DAG(s) 'water_quality_training_pipeline' retrieved from /opt/airflow/dags/water_quality_pipeline_dag.py
[2026-10-02T09:35:49.177+0000] {logging_mixin.py:190} INFO - [2026-10-02T09:35:49.176+0000] {dag.py:3239} INFO - Sync 1 DAGs
[2026-10-02T09:35:49.185+0000] {logging_mixin.py:190} INFO - [2026-10-02T09:35:49.185+0000] {dag.py:4180} INFO - Setting next_dagrun for water_quality_training_pipeline to None, run_after=None
[2026-10-02T09:35:49.196+0000] {processor.py:208} INFO - Processing /opt/airflow/dags/water_quality_pipeline_dag.py took 0.058 seconds
[2026-10-02T09:36:19.364+0000] {processor.py:186} INFO - Started process (PID=4378) to work on /opt/airflow/dags/water_quality_pipeline_dag.py
[2026-10-02T09:36:19.365+0000] {processor.py:914} INFO - Processing file /opt/airflow/dags/water_quality_pipeline_dag.py for tasks to queue
[2026-10-02T09:36:19.366+0000] {logging_mixin.py:190} INFO - [2026-10-02T09:36:19.366+0000] {dagbag.py:588} INFO - Filling up the DagBag from /opt/airflow/dags/water_quality_pipeline_dag.py
[2026-10-02T09:36:19.374+0000] {processor.py:925} INFO - DAG(s) 'water_quality_training_pipeline' retrieved from /opt/airflow/dags/water_quality_pipeline_dag.py
[2026-10-02T09:36:19.397+0000] {logging_mixin.py:190} INFO - [2026-10-02T09:36:19.397+0000] {dag.py:3239} INFO - Sync 1 DAGs
[2026-10-02T09:36:19.406+0000] {logging_mixin.py:190} INFO - [2026-10-02T09:36:19.406+0000] {dag.py:4180} INFO - Setting next_dagrun for water_quality_training_pipeline to None, run_after=None
[2026-10-02T09:36:19.418+0000] {processor.py:208} INFO - Processing /opt/airflow/dags/water_quality_pipeline_dag.py took 0.058 seconds
[2026-10-02T09:36:49.599+0000] {processor.py:186} INFO - Started process (PID=4400) to work on /opt/airflow/dags/water_quality_pipeline_dag.py
[2026-10-02T09:36:49.599+0000] {processor.py:914} INFO - Processing file /opt/airflow/dags/water_quality_pipeline_dag.py for tasks to queue
[2026-10-02T09:36:49.600+0000] {logging_mixin.py:190} INFO - [2026-10-02T09:36:49.600+0000] {dagbag.py:588} INFO - Filling up the DagBag from /opt/airflow/dags/water_quality_pipeline_dag.py
[2026-10-02T09:36:49.605+0000] {processor.py:925} INFO - DAG(s) 'water_quality_training_pipeline' retrieved from /opt/airflow/dags/water_quality_pipeline_dag.py
[2026-10-02T09:36:49.622+0000] {logging_mixin.py:190} INFO - [2026-10-02T09:36:49.622+0000] {dag.py:3239} INFO - Sync 1 DAGs
[2026-10-02T09:36:49.631+0000] {logging_mixin.py:190} INFO - [2026-10-02T09:36:49.631+0000] {dag.py:4180} INFO - Setting next_dagrun for water_quality_training_pipeline to None, run_after=None
[2026-10-02T09:36:49.645+0000] {processor.py:208} INFO - Processing /opt/airflow/dags/water_quality_pipeline_dag.py took 0.050 seconds
[2026-10-02T09:37:19.811+0000] {processor.py:186} INFO - Started process (PID=4429) to work on /opt/airflow/dags/water_quality_pipeline_dag.py
[2026-10-02T09:37:19.813+0000] {processor.py:914} INFO - Processing file /opt/airflow/dags/water_quality_pipeline_dag.py for tasks to queue
[2026-10-02T09:37:19.814+0000] {logging_mixin.py:190} INFO - [2026-10-02T09:37:19.813+0000] {dagbag.py:588} INFO - Filling up the DagBag from /opt/airflow/dags/water_quality_pipeline_dag.py
[2026-10-02T09:37:19.819+0000] {processor.py:925} INFO - DAG(s) 'water_quality_training_pipeline' retrieved from /opt/airflow/dags/water_quality_pipeline_dag.py
[2026-10-02T09:37:19.835+0000] {logging_mixin.py:190} INFO - [2026-10-02T09:37:19.835+0000] {dag.py:3239} INFO - Sync 1 DAGs
[2026-10-02T09:37:19.843+0000] {logging_mixin.py:190} INFO - [2026-10-02T09:37:19.843+0000] {dag.py:4180} INFO - Setting next_dagrun for water_quality_training_pipeline to None, run_after=None
[2026-10-02T09:37:19.852+0000] {processor.py:208} INFO - Processing /opt/airflow/dags/water_quality_pipeline_dag.py took 0.046 seconds
[2026-10-02T09:37:50.043+0000] {processor.py:186} INFO - Started process (PID=4449) to work on /opt/airflow/dags/water_quality_pipeline_dag.py
[2026-10-02T09:37:50.044+0000] {processor.py:914} INFO - Processing file /opt/airflow/dags/water_quality_pipeline_dag.py for tasks to queue
[2026-10-02T09:37:50.045+0000] {logging_mixin.py:190} INFO - [2026-10-02T09:37:50.045+0000] {dagbag.py:588} INFO - Filling up the DagBag from /opt/airflow/dags/water_quality_pipeline_dag.py
[2026-10-02T09:37:50.052+0000] {processor.py:925} INFO - DAG(s) 'water_quality_training_pipeline' retrieved from /opt/airflow/dags/water_quality_pipeline_dag.py
[2026-10-02T09:37:50.074+0000] {logging_mixin.py:190} INFO - [2026-10-02T09:37:50.074+0000] {dag.py:3239} INFO - Sync 1 DAGs
[2026-10-02T09:37:50.084+0000] {logging_mixin.py:190} INFO - [2026-10-02T09:37:50.084+0000] {dag.py:4180} INFO - Setting next_dagrun for water_quality_training_pipeline to None, run_after=None
[2026-10-02T09:37:50.095+0000] {processor.py:208} INFO - Processing /opt/airflow/dags/water_quality_pipeline_dag.py took 0.056 seconds
[2026-10-02T09:38:20.243+0000] {processor.py:186} INFO - Started process (PID=4478) to work on /opt/airflow/dags/water_quality_pipeline_dag.py
[2026-10-02T09:38:20.245+0000] {processor.py:914} INFO - Processing file /opt/airflow/dags/water_quality_pipeline_dag.py for tasks to queue
[2026-10-02T09:38:20.248+0000] {logging_mixin.py:190} INFO - [2026-10-02T09:38:20.247+0000] {dagbag.py:588} INFO - Filling up the DagBag from /opt/airflow/dags/water_quality_pipeline_dag.py
[2026-10-02T09:38:20.255+0000] {processor.py:925} INFO - DAG(s) 'water_quality_training_pipeline' retrieved from /opt/airflow/dags/water_quality_pipeline_dag.py
[2026-10-02T09:38:20.275+0000] {logging_mixin.py:190} INFO - [2026-10-02T09:38:20.275+0000] {dag.py:3239} INFO - Sync 1 DAGs
[2026-10-02T09:38:20.284+0000] {logging_mixin.py:190} INFO - [2026-10-02T09:38:20.284+0000] {dag.py:4180} INFO - Setting next_dagrun for water_quality_training_pipeline to None, run_after=None
[2026-10-02T09:38:20.293+0000] {processor.py:208} INFO - Processing /opt/airflow/dags/water_quality_pipeline_dag.py took 0.055 seconds
[2026-10-02T09:38:50.487+0000] {processor.py:186} INFO - Started process (PID=4499) to work on /opt/airflow/dags/water_quality_pipeline_dag.py
[2026-10-02T09:38:50.488+0000] {processor.py:914} INFO - Processing file /opt/airflow/dags/water_quality_pipeline_dag.py for tasks to queue
[2026-10-02T09:38:50.490+0000] {logging_mixin.py:190} INFO - [2026-10-02T09:38:50.490+0000] {dagbag.py:588} INFO - Filling up the DagBag from /opt/airflow/dags/water_quality_pipeline_dag.py
[2026-10-02T09:38:50.495+0000] {processor.py:925} INFO - DAG(s) 'water_quality_training_pipeline' retrieved from /opt/airflow/dags/water_quality_pipeline_dag.py
[2026-10-02T09:38:50.522+0000] {logging_mixin.py:190} INFO - [2026-10-02T09:38:50.522+0000] {dag.py:3239} INFO - Sync 1 DAGs
[2026-10-02T09:38:50.534+0000] {logging_mixin.py:190} INFO - [2026-10-02T09:38:50.534+0000] {dag.py:4180} INFO - Setting next_dagrun for water_quality_training_pipeline to None, run_after=None
[2026-10-02T09:38:50.544+0000] {processor.py:208} INFO - Processing /opt/airflow/dags/water_quality_pipeline_dag.py took 0.062 seconds
[2026-10-02T09:39:20.678+0000] {processor.py:186} INFO - Started process (PID=4528) to work on /opt/airflow/dags/water_quality_pipeline_dag.py
[2026-10-02T09:39:20.680+0000] {processor.py:914} INFO - Processing file /opt/airflow/dags/water_quality_pipeline_dag.py for tasks to queue
[2026-10-02T09:39:20.682+0000] {logging_mixin.py:190} INFO - [2026-10-02T09:39:20.682+0000] {dagbag.py:588} INFO - Filling up the DagBag from /opt/airflow/dags/water_quality_pipeline_dag.py
[2026-10-02T09:39:20.687+0000] {processor.py:925} INFO - DAG(s) 'water_quality_training_pipeline' retrieved from /opt/airflow/dags/water_quality_pipeline_dag.py
[2026-10-02T09:39:20.703+0000] {logging_mixin.py:190} INFO - [2026-10-02T09:39:20.703+0000] {dag.py:3239} INFO - Sync 1 DAGs
[2026-10-02T09:39:20.710+0000] {logging_mixin.py:190} INFO - [2026-10-02T09:39:20.710+0000] {dag.py:4180} INFO - Setting next_dagrun for water_quality_training_pipeline to None, run_after=None
[2026-10-02T09:39:20.719+0000] {processor.py:208} INFO - Processing /opt/airflow/dags/water_quality_pipeline_dag.py took 0.045 seconds
[2026-10-02T09:39:50.904+0000] {processor.py:186} INFO - Started process (PID=4556) to work on /opt/airflow/dags/water_quality_pipeline_dag.py
[2026-10-02T09:39:50.904+0000] {processor.py:914} INFO - Processing file /opt/airflow/dags/water_quality_pipeline_dag.py for tasks to queue
[2026-10-02T09:39:50.905+0000] {logging_mixin.py:190} INFO - [2026-10-02T09:39:50.905+0000] {dagbag.py:588} INFO - Filling up the DagBag from /opt/airflow/dags/water_quality_pipeline_dag.py
[2026-10-02T09:39:50.911+0000] {processor.py:925} INFO - DAG(s) 'water_quality_training_pipeline' retrieved from /opt/airflow/dags/water_quality_pipeline_dag.py
[2026-10-02T09:39:50.927+0000] {logging_mixin.py:190} INFO - [2026-10-02T09:39:50.926+0000] {dag.py:3239} INFO - Sync 1 DAGs
[2026-10-02T09:39:50.935+0000] {logging_mixin.py:190} INFO - [2026-10-02T09:39:50.935+0000] {dag.py:4180} INFO - Setting next_dagrun for water_quality_training_pipeline to None, run_after=None
[2026-10-02T09:39:50.945+0000] {processor.py:208} INFO - Processing /opt/airflow/dags/water_quality_pipeline_dag.py took 0.045 seconds
[2026-10-02T09:40:21.083+0000] {processor.py:186} INFO - Started process (PID=4578) to work on /opt/airflow/dags/water_quality_pipeline_dag.py
[2026-10-02T09:40:21.084+0000] {processor.py:914} INFO - Processing file /opt/airflow/dags/water_quality_pipeline_dag.py for tasks to queue
[2026-10-02T09:40:21.085+0000] {logging_mixin.py:190} INFO - [2026-10-02T09:40:21.085+0000] {dagbag.py:588} INFO - Filling up the DagBag from /opt/airflow/dags/water_quality_pipeline_dag.py
[2026-10-02T09:40:21.091+0000] {processor.py:925} INFO - DAG(s) 'water_quality_training_pipeline' retrieved from /opt/airflow/dags/water_quality_pipeline_dag.py
[2026-10-02T09:40:21.112+0000] {logging_mixin.py:190} INFO - [2026-10-02T09:40:21.112+0000] {dag.py:3239} INFO - Sync 1 DAGs
[2026-10-02T09:40:21.125+0000] {logging_mixin.py:190} INFO - [2026-10-02T09:40:21.124+0000] {dag.py:4180} INFO - Setting next_dagrun for water_quality_training_pipeline to None, run_after=None
[2026-10-02T09:40:21.139+0000] {processor.py:208} INFO - Processing /opt/airflow/dags/water_quality_pipeline_dag.py took 0.059 seconds
[2026-10-02T09:40:51.308+0000] {processor.py:186} INFO - Started process (PID=4607) to work on /opt/airflow/dags/water_quality_pipeline_dag.py
[2026-10-02T09:40:51.309+0000] {processor.py:914} INFO - Processing file /opt/airflow/dags/water_quality_pipeline_dag.py for tasks to queue
[2026-10-02T09:40:51.311+0000] {logging_mixin.py:190} INFO - [2026-10-02T09:40:51.310+0000] {dagbag.py:588} INFO - Filling up the DagBag from /opt/airflow/dags/water_quality_pipeline_dag.py
[2026-10-02T09:40:51.317+0000] {processor.py:925} INFO - DAG(s) 'water_quality_training_pipeline' retrieved from /opt/airflow/dags/water_quality_pipeline_dag.py
[2026-10-02T09:40:51.342+0000] {logging_mixin.py:190} INFO - [2026-10-02T09:40:51.342+0000] {dag.py:3239} INFO - Sync 1 DAGs
[2026-10-02T09:40:51.355+0000] {logging_mixin.py:190} INFO - [2026-10-02T09:40:51.354+0000] {dag.py:4180} INFO - Setting next_dagrun for water_quality_training_pipeline to None, run_after=None
[2026-10-02T09:40:51.365+0000] {processor.py:208} INFO - Processing /opt/airflow/dags/water_quality_pipeline_dag.py took 0.063 seconds
[2026-10-02T09:41:21.466+0000] {processor.py:186} INFO - Started process (PID=4628) to work on /opt/airflow/dags/water_quality_pipeline_dag.py
[2026-10-02T09:41:21.467+0000] {processor.py:914} INFO - Processing file /opt/airflow/dags/water_quality_pipeline_dag.py for tasks to queue
[2026-10-02T09:41:21.468+0000] {logging_mixin.py:190} INFO - [2026-10-02T09:41:21.468+0000] {dagbag.py:588} INFO - Filling up the DagBag from /opt/airflow/dags/water_quality_pipeline_dag.py
[2026-10-02T09:41:21.474+0000] {processor.py:925} INFO - DAG(s) 'water_quality_training_pipeline' retrieved from /opt/airflow/dags/water_quality_pipeline_dag.py
[2026-10-02T09:41:21.499+0000] {logging_mixin.py:190} INFO - [2026-10-02T09:41:21.498+0000] {dag.py:3239} INFO - Sync 1 DAGs
[2026-10-02T09:41:21.512+0000] {logging_mixin.py:190} INFO - [2026-10-02T09:41:21.512+0000] {dag.py:4180} INFO - Setting next_dagrun for water_quality_training_pipeline to None, run_after=None
[2026-10-02T09:41:21.523+0000] {processor.py:208} INFO - Processing /opt/airflow/dags/water_quality_pipeline_dag.py took 0.061 seconds
[2026-10-02T09:41:51.691+0000] {processor.py:186} INFO - Started process (PID=4657) to work on /opt/airflow/dags/water_quality_pipeline_dag.py
[2026-10-02T09:41:51.692+0000] {processor.py:914} INFO - Processing file /opt/airflow/dags/water_quality_pipeline_dag.py for tasks to queue
[2026-10-02T09:41:51.694+0000] {logging_mixin.py:190} INFO - [2026-10-02T09:41:51.693+0000] {dagbag.py:588} INFO - Filling up the DagBag from /opt/airflow/dags/water_quality_pipeline_dag.py
[2026-10-02T09:41:51.699+0000] {processor.py:925} INFO - DAG(s) 'water_quality_training_pipeline' retrieved from /opt/airflow/dags/water_quality_pipeline_dag.py
[2026-10-02T09:41:51.720+0000] {logging_mixin.py:190} INFO - [2026-10-02T09:41:51.720+0000] {dag.py:3239} INFO - Sync 1 DAGs
[2026-10-02T09:41:51.731+0000] {logging_mixin.py:190} INFO - [2026-10-02T09:41:51.731+0000] {dag.py:4180} INFO - Setting next_dagrun for water_quality_training_pipeline to None, run_after=None
[2026-10-02T09:41:51.741+0000] {processor.py:208} INFO - Processing /opt/airflow/dags/water_quality_pipeline_dag.py took 0.055 seconds
[2026-10-02T09:42:21.886+0000] {processor.py:186} INFO - Started process (PID=4678) to work on /opt/airflow/dags/water_quality_pipeline_dag.py
[2026-10-02T09:42:21.888+0000] {processor.py:914} INFO - Processing file /opt/airflow/dags/water_quality_pipeline_dag.py for tasks to queue
[2026-10-02T09:42:21.890+0000] {logging_mixin.py:190} INFO - [2026-10-02T09:42:21.889+0000] {dagbag.py:588} INFO - Filling up the DagBag from /opt/airflow/dags/water_quality_pipeline_dag.py
[2026-10-02T09:42:21.895+0000] {processor.py:925} INFO - DAG(s) 'water_quality_training_pipeline' retrieved from /opt/airflow/dags/water_quality_pipeline_dag.py
[2026-10-02T09:42:21.911+0000] {logging_mixin.py:190} INFO - [2026-10-02T09:42:21.911+0000] {dag.py:3239} INFO - Sync 1 DAGs
[2026-10-02T09:42:21.922+0000] {logging_mixin.py:190} INFO - [2026-10-02T09:42:21.921+0000] {dag.py:4180} INFO - Setting next_dagrun for water_quality_training_pipeline to None, run_after=None
[2026-10-02T09:42:21.931+0000] {processor.py:208} INFO - Processing /opt/airflow/dags/water_quality_pipeline_dag.py took 0.050 seconds
[2026-10-02T09:42:52.074+0000] {processor.py:186} INFO - Started process (PID=4707) to work on /opt/airflow/dags/water_quality_pipeline_dag.py
[2026-10-02T09:42:52.075+0000] {processor.py:914} INFO - Processing file /opt/airflow/dags/water_quality_pipeline_dag.py for tasks to queue
[2026-10-02T09:42:52.077+0000] {logging_mixin.py:190} INFO - [2026-10-02T09:42:52.077+0000] {dagbag.py:588} INFO - Filling up the DagBag from /opt/airflow/dags/water_quality_pipeline_dag.py
[2026-10-02T09:42:52.085+0000] {processor.py:925} INFO - DAG(s) 'water_quality_training_pipeline' retrieved from /opt/airflow/dags/water_quality_pipeline_dag.py
[2026-10-02T09:42:52.104+0000] {logging_mixin.py:190} INFO - [2026-10-02T09:42:52.104+0000] {dag.py:3239} INFO - Sync 1 DAGs
[2026-10-02T09:42:52.113+0000] {logging_mixin.py:190} INFO - [2026-10-02T09:42:52.113+0000] {dag.py:4180} INFO - Setting next_dagrun for water_quality_training_pipeline to None, run_after=None
[2026-10-02T09:42:52.127+0000] {processor.py:208} INFO - Processing /opt/airflow/dags/water_quality_pipeline_dag.py took 0.058 seconds
[2026-10-02T09:43:22.260+0000] {processor.py:186} INFO - Started process (PID=4727) to work on /opt/airflow/dags/water_quality_pipeline_dag.py
[2026-10-02T09:43:22.261+0000] {processor.py:914} INFO - Processing file /opt/airflow/dags/water_quality_pipeline_dag.py for tasks to queue
[2026-10-02T09:43:22.262+0000] {logging_mixin.py:190} INFO - [2026-10-02T09:43:22.262+0000] {dagbag.py:588} INFO - Filling up the DagBag from /opt/airflow/dags/water_quality_pipeline_dag.py
[2026-10-02T09:43:22.267+0000] {processor.py:925} INFO - DAG(s) 'water_quality_training_pipeline' retrieved from /opt/airflow/dags/water_quality_pipeline_dag.py
[2026-10-02T09:43:22.291+0000] {logging_mixin.py:190} INFO - [2026-10-02T09:43:22.291+0000] {dag.py:3239} INFO - Sync 1 DAGs
[2026-10-02T09:43:22.300+0000] {logging_mixin.py:190} INFO - [2026-10-02T09:43:22.300+0000] {dag.py:4180} INFO - Setting next_dagrun for water_quality_training_pipeline to None, run_after=None
[2026-10-02T09:43:22.309+0000] {processor.py:208} INFO - Processing /opt/airflow/dags/water_quality_pipeline_dag.py took 0.055 seconds
[2026-10-02T09:43:52.446+0000] {processor.py:186} INFO - Started process (PID=4755) to work on /opt/airflow/dags/water_quality_pipeline_dag.py
[2026-10-02T09:43:52.446+0000] {processor.py:914} INFO - Processing file /opt/airflow/dags/water_quality_pipeline_dag.py for tasks to queue
[2026-10-02T09:43:52.448+0000] {logging_mixin.py:190} INFO - [2026-10-02T09:43:52.448+0000] {dagbag.py:588} INFO - Filling up the DagBag from /opt/airflow/dags/water_quality_pipeline_dag.py
[2026-10-02T09:43:52.456+0000] {processor.py:925} INFO - DAG(s) 'water_quality_training_pipeline' retrieved from /opt/airflow/dags/water_quality_pipeline_dag.py
[2026-10-02T09:43:52.477+0000] {logging_mixin.py:190} INFO - [2026-10-02T09:43:52.477+0000] {dag.py:3239} INFO - Sync 1 DAGs
[2026-10-02T09:43:52.490+0000] {logging_mixin.py:190} INFO - [2026-10-02T09:43:52.490+0000] {dag.py:4180} INFO - Setting next_dagrun for water_quality_training_pipeline to None, run_after=None
[2026-10-02T09:43:52.501+0000] {processor.py:208} INFO - Processing /opt/airflow/dags/water_quality_pipeline_dag.py took 0.060 seconds
[2026-10-02T09:44:22.577+0000] {processor.py:186} INFO - Started process (PID=4777) to work on /opt/airflow/dags/water_quality_pipeline_dag.py
[2026-10-02T09:44:22.579+0000] {processor.py:914} INFO - Processing file /opt/airflow/dags/water_quality_pipeline_dag.py for tasks to queue
[2026-10-02T09:44:22.581+0000] {logging_mixin.py:190} INFO - [2026-10-02T09:44:22.581+0000] {dagbag.py:588} INFO - Filling up the DagBag from /opt/airflow/dags/water_quality_pipeline_dag.py
[2026-10-02T09:44:22.587+0000] {processor.py:925} INFO - DAG(s) 'water_quality_training_pipeline' retrieved from /opt/airflow/dags/water_quality_pipeline_dag.py
[2026-10-02T09:44:22.609+0000] {logging_mixin.py:190} INFO - [2026-10-02T09:44:22.609+0000] {dag.py:3239} INFO - Sync 1 DAGs
[2026-10-02T09:44:22.617+0000] {logging_mixin.py:190} INFO - [2026-10-02T09:44:22.617+0000] {dag.py:4180} INFO - Setting next_dagrun for water_quality_training_pipeline to None, run_after=None
[2026-10-02T09:44:22.627+0000] {processor.py:208} INFO - Processing /opt/airflow/dags/water_quality_pipeline_dag.py took 0.055 seconds
[2026-10-02T09:44:52.733+0000] {processor.py:186} INFO - Started process (PID=4806) to work on /opt/airflow/dags/water_quality_pipeline_dag.py
[2026-10-02T09:44:52.733+0000] {processor.py:914} INFO - Processing file /opt/airflow/dags/water_quality_pipeline_dag.py for tasks to queue
[2026-10-02T09:44:52.734+0000] {logging_mixin.py:190} INFO - [2026-10-02T09:44:52.734+0000] {dagbag.py:588} INFO - Filling up the DagBag from /opt/airflow/dags/water_quality_pipeline_dag.py
[2026-10-02T09:44:52.740+0000] {processor.py:925} INFO - DAG(s) 'water_quality_training_pipeline' retrieved from /opt/airflow/dags/water_quality_pipeline_dag.py
[2026-10-02T09:44:52.758+0000] {logging_mixin.py:190} INFO - [2026-10-02T09:44:52.757+0000] {dag.py:3239} INFO - Sync 1 DAGs
[2026-10-02T09:44:52.766+0000] {logging_mixin.py:190} INFO - [2026-10-02T09:44:52.766+0000] {dag.py:4180} INFO - Setting next_dagrun for water_quality_training_pipeline to None, run_after=None
[2026-10-02T09:44:52.776+0000] {processor.py:208} INFO - Processing /opt/airflow/dags/water_quality_pipeline_dag.py took 0.047 seconds
[2026-10-02T09:45:22.944+0000] {processor.py:186} INFO - Started process (PID=4834) to work on /opt/airflow/dags/water_quality_pipeline_dag.py
[2026-10-02T09:45:22.946+0000] {processor.py:914} INFO - Processing file /opt/airflow/dags/water_quality_pipeline_dag.py for tasks to queue
[2026-10-02T09:45:22.948+0000] {logging_mixin.py:190} INFO - [2026-10-02T09:45:22.948+0000] {dagbag.py:588} INFO - Filling up the DagBag from /opt/airflow/dags/water_quality_pipeline_dag.py
[2026-10-02T09:45:22.957+0000] {processor.py:925} INFO - DAG(s) 'water_quality_training_pipeline' retrieved from /opt/airflow/dags/water_quality_pipeline_dag.py
[2026-10-02T09:45:22.978+0000] {logging_mixin.py:190} INFO - [2026-10-02T09:45:22.977+0000] {dag.py:3239} INFO - Sync 1 DAGs
[2026-10-02T09:45:22.987+0000] {logging_mixin.py:190} INFO - [2026-10-02T09:45:22.987+0000] {dag.py:4180} INFO - Setting next_dagrun for water_quality_training_pipeline to None, run_after=None
[2026-10-02T09:45:22.997+0000] {processor.py:208} INFO - Processing /opt/airflow/dags/water_quality_pipeline_dag.py took 0.058 seconds
[2026-10-02T09:45:53.093+0000] {processor.py:186} INFO - Started process (PID=4856) to work on /opt/airflow/dags/water_quality_pipeline_dag.py
[2026-10-02T09:45:53.094+0000] {processor.py:914} INFO - Processing file /opt/airflow/dags/water_quality_pipeline_dag.py for tasks to queue
[2026-10-02T09:45:53.095+0000] {logging_mixin.py:190} INFO - [2026-10-02T09:45:53.095+0000] {dagbag.py:588} INFO - Filling up the DagBag from /opt/airflow/dags/water_quality_pipeline_dag.py
[2026-10-02T09:45:53.100+0000] {processor.py:925} INFO - DAG(s) 'water_quality_training_pipeline' retrieved from /opt/airflow/dags/water_quality_pipeline_dag.py
[2026-10-02T09:45:53.116+0000] {logging_mixin.py:190} INFO - [2026-10-02T09:45:53.116+0000] {dag.py:3239} INFO - Sync 1 DAGs
[2026-10-02T09:45:53.124+0000] {logging_mixin.py:190} INFO - [2026-10-02T09:45:53.124+0000] {dag.py:4180} INFO - Setting next_dagrun for water_quality_training_pipeline to None, run_after=None
[2026-10-02T09:45:53.134+0000] {processor.py:208} INFO - Processing /opt/airflow/dags/water_quality_pipeline_dag.py took 0.046 seconds
[2026-10-02T09:46:23.291+0000] {processor.py:186} INFO - Started process (PID=4885) to work on /opt/airflow/dags/water_quality_pipeline_dag.py
[2026-10-02T09:46:23.293+0000] {processor.py:914} INFO - Processing file /opt/airflow/dags/water_quality_pipeline_dag.py for tasks to queue
[2026-10-02T09:46:23.295+0000] {logging_mixin.py:190} INFO - [2026-10-02T09:46:23.294+0000] {dagbag.py:588} INFO - Filling up the DagBag from /opt/airflow/dags/water_quality_pipeline_dag.py
[2026-10-02T09:46:23.300+0000] {processor.py:925} INFO - DAG(s) 'water_quality_training_pipeline' retrieved from /opt/airflow/dags/water_quality_pipeline_dag.py
[2026-10-02T09:46:23.324+0000] {logging_mixin.py:190} INFO - [2026-10-02T09:46:23.323+0000] {dag.py:3239} INFO - Sync 1 DAGs
[2026-10-02T09:46:23.333+0000] {logging_mixin.py:190} INFO - [2026-10-02T09:46:23.333+0000] {dag.py:4180} INFO - Setting next_dagrun for water_quality_training_pipeline to None, run_after=None
[2026-10-02T09:46:23.342+0000] {processor.py:208} INFO - Processing /opt/airflow/dags/water_quality_pipeline_dag.py took 0.057 seconds
[2026-10-02T09:46:53.450+0000] {processor.py:186} INFO - Started process (PID=4906) to work on /opt/airflow/dags/water_quality_pipeline_dag.py
[2026-10-02T09:46:53.450+0000] {processor.py:914} INFO - Processing file /opt/airflow/dags/water_quality_pipeline_dag.py for tasks to queue
[2026-10-02T09:46:53.453+0000] {logging_mixin.py:190} INFO - [2026-10-02T09:46:53.452+0000] {dagbag.py:588} INFO - Filling up the DagBag from /opt/airflow/dags/water_quality_pipeline_dag.py
[2026-10-02T09:46:53.459+0000] {processor.py:925} INFO - DAG(s) 'water_quality_training_pipeline' retrieved from /opt/airflow/dags/water_quality_pipeline_dag.py
[2026-10-02T09:46:53.485+0000] {logging_mixin.py:190} INFO - [2026-10-02T09:46:53.485+0000] {dag.py:3239} INFO - Sync 1 DAGs
[2026-10-02T09:46:53.498+0000] {logging_mixin.py:190} INFO - [2026-10-02T09:46:53.498+0000] {dag.py:4180} INFO - Setting next_dagrun for water_quality_training_pipeline to None, run_after=None
[2026-10-02T09:46:53.508+0000] {processor.py:208} INFO - Processing /opt/airflow/dags/water_quality_pipeline_dag.py took 0.063 seconds
[2026-10-02T09:47:23.651+0000] {processor.py:186} INFO - Started process (PID=4935) to work on /opt/airflow/dags/water_quality_pipeline_dag.py
[2026-10-02T09:47:23.653+0000] {processor.py:914} INFO - Processing file /opt/airflow/dags/water_quality_pipeline_dag.py for tasks to queue
[2026-10-02T09:47:23.655+0000] {logging_mixin.py:190} INFO - [2026-10-02T09:47:23.655+0000] {dagbag.py:588} INFO - Filling up the DagBag from /opt/airflow/dags/water_quality_pipeline_dag.py
[2026-10-02T09:47:23.662+0000] {processor.py:925} INFO - DAG(s) 'water_quality_training_pipeline' retrieved from /opt/airflow/dags/water_quality_pipeline_dag.py
[2026-10-02T09:47:23.685+0000] {logging_mixin.py:190} INFO - [2026-10-02T09:47:23.685+0000] {dag.py:3239} INFO - Sync 1 DAGs
[2026-10-02T09:47:23.694+0000] {logging_mixin.py:190} INFO - [2026-10-02T09:47:23.694+0000] {dag.py:4180} INFO - Setting next_dagrun for water_quality_training_pipeline to None, run_after=None
[2026-10-02T09:47:23.704+0000] {processor.py:208} INFO - Processing /opt/airflow/dags/water_quality_pipeline_dag.py took 0.057 seconds
[2026-10-02T09:50:58.372+0000] {processor.py:186} INFO - Started process (PID=4956) to work on /opt/airflow/dags/water_quality_pipeline_dag.py
[2026-10-02T09:50:58.374+0000] {processor.py:914} INFO - Processing file /opt/airflow/dags/water_quality_pipeline_dag.py for tasks to queue
[2026-10-02T09:50:58.376+0000] {logging_mixin.py:190} INFO - [2026-10-02T09:50:58.376+0000] {dagbag.py:588} INFO - Filling up the DagBag from /opt/airflow/dags/water_quality_pipeline_dag.py
[2026-10-02T09:50:58.384+0000] {processor.py:925} INFO - DAG(s) 'water_quality_training_pipeline' retrieved from /opt/airflow/dags/water_quality_pipeline_dag.py
[2026-10-02T09:50:58.409+0000] {logging_mixin.py:190} INFO - [2026-10-02T09:50:58.409+0000] {dag.py:3239} INFO - Sync 1 DAGs
[2026-10-02T09:50:58.419+0000] {logging_mixin.py:190} INFO - [2026-10-02T09:50:58.419+0000] {dag.py:4180} INFO - Setting next_dagrun for water_quality_training_pipeline to None, run_after=None
[2026-10-02T09:50:58.434+0000] {processor.py:208} INFO - Processing /opt/airflow/dags/water_quality_pipeline_dag.py took 0.068 seconds
[2026-10-02T09:51:28.631+0000] {processor.py:186} INFO - Started process (PID=4977) to work on /opt/airflow/dags/water_quality_pipeline_dag.py
[2026-10-02T09:51:28.633+0000] {processor.py:914} INFO - Processing file /opt/airflow/dags/water_quality_pipeline_dag.py for tasks to queue
[2026-10-02T09:51:28.637+0000] {logging_mixin.py:190} INFO - [2026-10-02T09:51:28.636+0000] {dagbag.py:588} INFO - Filling up the DagBag from /opt/airflow/dags/water_quality_pipeline_dag.py
[2026-10-02T09:51:28.652+0000] {processor.py:925} INFO - DAG(s) 'water_quality_training_pipeline' retrieved from /opt/airflow/dags/water_quality_pipeline_dag.py
[2026-10-02T09:51:28.695+0000] {logging_mixin.py:190} INFO - [2026-10-02T09:51:28.694+0000] {dag.py:3239} INFO - Sync 1 DAGs
[2026-10-02T09:51:28.717+0000] {logging_mixin.py:190} INFO - [2026-10-02T09:51:28.716+0000] {dag.py:4180} INFO - Setting next_dagrun for water_quality_training_pipeline to None, run_after=None
[2026-10-02T09:51:28.740+0000] {processor.py:208} INFO - Processing /opt/airflow/dags/water_quality_pipeline_dag.py took 0.118 seconds
[2026-10-02T10:24:19.444+0000] {processor.py:186} INFO - Started process (PID=4990) to work on /opt/airflow/dags/water_quality_pipeline_dag.py
[2026-10-02T10:24:19.445+0000] {processor.py:914} INFO - Processing file /opt/airflow/dags/water_quality_pipeline_dag.py for tasks to queue
[2026-10-02T10:24:19.448+0000] {logging_mixin.py:190} INFO - [2026-10-02T10:24:19.448+0000] {dagbag.py:588} INFO - Filling up the DagBag from /opt/airflow/dags/water_quality_pipeline_dag.py
[2026-10-02T10:24:19.464+0000] {processor.py:925} INFO - DAG(s) 'water_quality_training_pipeline' retrieved from /opt/airflow/dags/water_quality_pipeline_dag.py
[2026-10-02T10:24:19.501+0000] {logging_mixin.py:190} INFO - [2026-10-02T10:24:19.500+0000] {dag.py:3239} INFO - Sync 1 DAGs
[2026-10-02T10:24:19.523+0000] {logging_mixin.py:190} INFO - [2026-10-02T10:24:19.522+0000] {dag.py:4180} INFO - Setting next_dagrun for water_quality_training_pipeline to None, run_after=None
[2026-10-02T10:24:19.546+0000] {processor.py:208} INFO - Processing /opt/airflow/dags/water_quality_pipeline_dag.py took 0.112 seconds
[2026-10-02T10:24:49.760+0000] {processor.py:186} INFO - Started process (PID=5011) to work on /opt/airflow/dags/water_quality_pipeline_dag.py
[2026-10-02T10:24:49.761+0000] {processor.py:914} INFO - Processing file /opt/airflow/dags/water_quality_pipeline_dag.py for tasks to queue
[2026-10-02T10:24:49.764+0000] {logging_mixin.py:190} INFO - [2026-10-02T10:24:49.764+0000] {dagbag.py:588} INFO - Filling up the DagBag from /opt/airflow/dags/water_quality_pipeline_dag.py
[2026-10-02T10:24:49.780+0000] {processor.py:925} INFO - DAG(s) 'water_quality_training_pipeline' retrieved from /opt/airflow/dags/water_quality_pipeline_dag.py
[2026-10-02T10:24:49.828+0000] {logging_mixin.py:190} INFO - [2026-10-02T10:24:49.827+0000] {dag.py:3239} INFO - Sync 1 DAGs
[2026-10-02T10:24:49.850+0000] {logging_mixin.py:190} INFO - [2026-10-02T10:24:49.850+0000] {dag.py:4180} INFO - Setting next_dagrun for water_quality_training_pipeline to None, run_after=None
[2026-10-02T10:24:49.873+0000] {processor.py:208} INFO - Processing /opt/airflow/dags/water_quality_pipeline_dag.py took 0.124 seconds
[2026-10-02T10:25:20.066+0000] {processor.py:186} INFO - Started process (PID=5041) to work on /opt/airflow/dags/water_quality_pipeline_dag.py
[2026-10-02T10:25:20.069+0000] {processor.py:914} INFO - Processing file /opt/airflow/dags/water_quality_pipeline_dag.py for tasks to queue
[2026-10-02T10:25:20.072+0000] {logging_mixin.py:190} INFO - [2026-10-02T10:25:20.071+0000] {dagbag.py:588} INFO - Filling up the DagBag from /opt/airflow/dags/water_quality_pipeline_dag.py
[2026-10-02T10:25:20.086+0000] {processor.py:925} INFO - DAG(s) 'water_quality_training_pipeline' retrieved from /opt/airflow/dags/water_quality_pipeline_dag.py
[2026-10-02T10:25:20.123+0000] {logging_mixin.py:190} INFO - [2026-10-02T10:25:20.123+0000] {dag.py:3239} INFO - Sync 1 DAGs
[2026-10-02T10:25:20.142+0000] {logging_mixin.py:190} INFO - [2026-10-02T10:25:20.142+0000] {dag.py:4180} INFO - Setting next_dagrun for water_quality_training_pipeline to None, run_after=None
[2026-10-02T10:25:20.161+0000] {processor.py:208} INFO - Processing /opt/airflow/dags/water_quality_pipeline_dag.py took 0.106 seconds
[2026-10-02T10:25:50.391+0000] {processor.py:186} INFO - Started process (PID=5061) to work on /opt/airflow/dags/water_quality_pipeline_dag.py
[2026-10-02T10:25:50.392+0000] {processor.py:914} INFO - Processing file /opt/airflow/dags/water_quality_pipeline_dag.py for tasks to queue
[2026-10-02T10:25:50.396+0000] {logging_mixin.py:190} INFO - [2026-10-02T10:25:50.396+0000] {dagbag.py:588} INFO - Filling up the DagBag from /opt/airflow/dags/water_quality_pipeline_dag.py
[2026-10-02T10:25:50.411+0000] {processor.py:925} INFO - DAG(s) 'water_quality_training_pipeline' retrieved from /opt/airflow/dags/water_quality_pipeline_dag.py
[2026-10-02T10:25:50.456+0000] {logging_mixin.py:190} INFO - [2026-10-02T10:25:50.455+0000] {dag.py:3239} INFO - Sync 1 DAGs
[2026-10-02T10:25:50.476+0000] {logging_mixin.py:190} INFO - [2026-10-02T10:25:50.476+0000] {dag.py:4180} INFO - Setting next_dagrun for water_quality_training_pipeline to None, run_after=None
[2026-10-02T10:25:50.503+0000] {processor.py:208} INFO - Processing /opt/airflow/dags/water_quality_pipeline_dag.py took 0.124 seconds
[2026-10-02T10:26:20.663+0000] {processor.py:186} INFO - Started process (PID=5083) to work on /opt/airflow/dags/water_quality_pipeline_dag.py
[2026-10-02T10:26:20.666+0000] {processor.py:914} INFO - Processing file /opt/airflow/dags/water_quality_pipeline_dag.py for tasks to queue
[2026-10-02T10:26:20.669+0000] {logging_mixin.py:190} INFO - [2026-10-02T10:26:20.669+0000] {dagbag.py:588} INFO - Filling up the DagBag from /opt/airflow/dags/water_quality_pipeline_dag.py
[2026-10-02T10:26:20.683+0000] {processor.py:925} INFO - DAG(s) 'water_quality_training_pipeline' retrieved from /opt/airflow/dags/water_quality_pipeline_dag.py
[2026-10-02T10:26:20.728+0000] {logging_mixin.py:190} INFO - [2026-10-02T10:26:20.727+0000] {dag.py:3239} INFO - Sync 1 DAGs
[2026-10-02T10:26:20.746+0000] {logging_mixin.py:190} INFO - [2026-10-02T10:26:20.746+0000] {dag.py:4180} INFO - Setting next_dagrun for water_quality_training_pipeline to None, run_after=None
[2026-10-02T10:26:20.769+0000] {processor.py:208} INFO - Processing /opt/airflow/dags/water_quality_pipeline_dag.py took 0.117 seconds
[2026-10-02T10:26:51.015+0000] {processor.py:186} INFO - Started process (PID=5112) to work on /opt/airflow/dags/water_quality_pipeline_dag.py
[2026-10-02T10:26:51.016+0000] {processor.py:914} INFO - Processing file /opt/airflow/dags/water_quality_pipeline_dag.py for tasks to queue
[2026-10-02T10:26:51.020+0000] {logging_mixin.py:190} INFO - [2026-10-02T10:26:51.019+0000] {dagbag.py:588} INFO - Filling up the DagBag from /opt/airflow/dags/water_quality_pipeline_dag.py
[2026-10-02T10:26:51.033+0000] {processor.py:925} INFO - DAG(s) 'water_quality_training_pipeline' retrieved from /opt/airflow/dags/water_quality_pipeline_dag.py
[2026-10-02T10:26:51.073+0000] {logging_mixin.py:190} INFO - [2026-10-02T10:26:51.072+0000] {dag.py:3239} INFO - Sync 1 DAGs
[2026-10-02T10:26:51.091+0000] {logging_mixin.py:190} INFO - [2026-10-02T10:26:51.091+0000] {dag.py:4180} INFO - Setting next_dagrun for water_quality_training_pipeline to None, run_after=None
[2026-10-02T10:26:51.117+0000] {processor.py:208} INFO - Processing /opt/airflow/dags/water_quality_pipeline_dag.py took 0.114 seconds
[2026-10-02T10:27:21.292+0000] {processor.py:186} INFO - Started process (PID=5133) to work on /opt/airflow/dags/water_quality_pipeline_dag.py
[2026-10-02T10:27:21.293+0000] {processor.py:914} INFO - Processing file /opt/airflow/dags/water_quality_pipeline_dag.py for tasks to queue
[2026-10-02T10:27:21.297+0000] {logging_mixin.py:190} INFO - [2026-10-02T10:27:21.296+0000] {dagbag.py:588} INFO - Filling up the DagBag from /opt/airflow/dags/water_quality_pipeline_dag.py
[2026-10-02T10:27:21.308+0000] {processor.py:925} INFO - DAG(s) 'water_quality_training_pipeline' retrieved from /opt/airflow/dags/water_quality_pipeline_dag.py
[2026-10-02T10:27:21.352+0000] {logging_mixin.py:190} INFO - [2026-10-02T10:27:21.352+0000] {dag.py:3239} INFO - Sync 1 DAGs
[2026-10-02T10:27:21.371+0000] {logging_mixin.py:190} INFO - [2026-10-02T10:27:21.370+0000] {dag.py:4180} INFO - Setting next_dagrun for water_quality_training_pipeline to None, run_after=None
[2026-10-02T10:27:21.393+0000] {processor.py:208} INFO - Processing /opt/airflow/dags/water_quality_pipeline_dag.py took 0.115 seconds
[2026-10-02T10:27:51.655+0000] {processor.py:186} INFO - Started process (PID=5161) to work on /opt/airflow/dags/water_quality_pipeline_dag.py
[2026-10-02T10:27:51.656+0000] {processor.py:914} INFO - Processing file /opt/airflow/dags/water_quality_pipeline_dag.py for tasks to queue
[2026-10-02T10:27:51.658+0000] {logging_mixin.py:190} INFO - [2026-10-02T10:27:51.658+0000] {dagbag.py:588} INFO - Filling up the DagBag from /opt/airflow/dags/water_quality_pipeline_dag.py
[2026-10-02T10:27:51.670+0000] {processor.py:925} INFO - DAG(s) 'water_quality_training_pipeline' retrieved from /opt/airflow/dags/water_quality_pipeline_dag.py
[2026-10-02T10:27:51.710+0000] {logging_mixin.py:190} INFO - [2026-10-02T10:27:51.710+0000] {dag.py:3239} INFO - Sync 1 DAGs
[2026-10-02T10:27:51.731+0000] {logging_mixin.py:190} INFO - [2026-10-02T10:27:51.730+0000] {dag.py:4180} INFO - Setting next_dagrun for water_quality_training_pipeline to None, run_after=None
[2026-10-02T10:27:51.753+0000] {processor.py:208} INFO - Processing /opt/airflow/dags/water_quality_pipeline_dag.py took 0.108 seconds
[2026-10-02T10:28:21.917+0000] {processor.py:186} INFO - Started process (PID=5184) to work on /opt/airflow/dags/water_quality_pipeline_dag.py
[2026-10-02T10:28:21.920+0000] {processor.py:914} INFO - Processing file /opt/airflow/dags/water_quality_pipeline_dag.py for tasks to queue
[2026-10-02T10:28:21.923+0000] {logging_mixin.py:190} INFO - [2026-10-02T10:28:21.922+0000] {dagbag.py:588} INFO - Filling up the DagBag from /opt/airflow/dags/water_quality_pipeline_dag.py
[2026-10-02T10:28:21.934+0000] {processor.py:925} INFO - DAG(s) 'water_quality_training_pipeline' retrieved from /opt/airflow/dags/water_quality_pipeline_dag.py
[2026-10-02T10:28:21.971+0000] {logging_mixin.py:190} INFO - [2026-10-02T10:28:21.970+0000] {dag.py:3239} INFO - Sync 1 DAGs
[2026-10-02T10:28:21.994+0000] {logging_mixin.py:190} INFO - [2026-10-02T10:28:21.993+0000] {dag.py:4180} INFO - Setting next_dagrun for water_quality_training_pipeline to None, run_after=None
[2026-10-02T10:28:22.021+0000] {processor.py:208} INFO - Processing /opt/airflow/dags/water_quality_pipeline_dag.py took 0.114 seconds
[2026-10-02T10:28:52.946+0000] {processor.py:186} INFO - Started process (PID=5205) to work on /opt/airflow/dags/water_quality_pipeline_dag.py
[2026-10-02T10:28:52.947+0000] {processor.py:914} INFO - Processing file /opt/airflow/dags/water_quality_pipeline_dag.py for tasks to queue
[2026-10-02T10:28:52.949+0000] {logging_mixin.py:190} INFO - [2026-10-02T10:28:52.949+0000] {dagbag.py:588} INFO - Filling up the DagBag from /opt/airflow/dags/water_quality_pipeline_dag.py
[2026-10-02T10:28:52.963+0000] {processor.py:925} INFO - DAG(s) 'water_quality_training_pipeline' retrieved from /opt/airflow/dags/water_quality_pipeline_dag.py
[2026-10-02T10:28:53.000+0000] {logging_mixin.py:190} INFO - [2026-10-02T10:28:53.000+0000] {dag.py:3239} INFO - Sync 1 DAGs
[2026-10-02T10:28:53.019+0000] {logging_mixin.py:190} INFO - [2026-10-02T10:28:53.019+0000] {dag.py:4180} INFO - Setting next_dagrun for water_quality_training_pipeline to None, run_after=None
[2026-10-02T10:28:53.038+0000] {processor.py:208} INFO - Processing /opt/airflow/dags/water_quality_pipeline_dag.py took 0.102 seconds
[2026-10-02T10:29:23.227+0000] {processor.py:186} INFO - Started process (PID=5233) to work on /opt/airflow/dags/water_quality_pipeline_dag.py
[2026-10-02T10:29:23.229+0000] {processor.py:914} INFO - Processing file /opt/airflow/dags/water_quality_pipeline_dag.py for tasks to queue
[2026-10-02T10:29:23.231+0000] {logging_mixin.py:190} INFO - [2026-10-02T10:29:23.231+0000] {dagbag.py:588} INFO - Filling up the DagBag from /opt/airflow/dags/water_quality_pipeline_dag.py
[2026-10-02T10:29:23.244+0000] {processor.py:925} INFO - DAG(s) 'water_quality_training_pipeline' retrieved from /opt/airflow/dags/water_quality_pipeline_dag.py
[2026-10-02T10:29:23.287+0000] {logging_mixin.py:190} INFO - [2026-10-02T10:29:23.287+0000] {dag.py:3239} INFO - Sync 1 DAGs
[2026-10-02T10:29:23.306+0000] {logging_mixin.py:190} INFO - [2026-10-02T10:29:23.306+0000] {dag.py:4180} INFO - Setting next_dagrun for water_quality_training_pipeline to None, run_after=None
[2026-10-02T10:29:23.329+0000] {processor.py:208} INFO - Processing /opt/airflow/dags/water_quality_pipeline_dag.py took 0.111 seconds
[2026-10-02T10:29:53.561+0000] {processor.py:186} INFO - Started process (PID=5255) to work on /opt/airflow/dags/water_quality_pipeline_dag.py
[2026-10-02T10:29:53.562+0000] {processor.py:914} INFO - Processing file /opt/airflow/dags/water_quality_pipeline_dag.py for tasks to queue
[2026-10-02T10:29:53.565+0000] {logging_mixin.py:190} INFO - [2026-10-02T10:29:53.565+0000] {dagbag.py:588} INFO - Filling up the DagBag from /opt/airflow/dags/water_quality_pipeline_dag.py
[2026-10-02T10:29:53.575+0000] {processor.py:925} INFO - DAG(s) 'water_quality_training_pipeline' retrieved from /opt/airflow/dags/water_quality_pipeline_dag.py
[2026-10-02T10:29:53.621+0000] {logging_mixin.py:190} INFO - [2026-10-02T10:29:53.621+0000] {dag.py:3239} INFO - Sync 1 DAGs
[2026-10-02T10:29:53.642+0000] {logging_mixin.py:190} INFO - [2026-10-02T10:29:53.642+0000] {dag.py:4180} INFO - Setting next_dagrun for water_quality_training_pipeline to None, run_after=None
[2026-10-02T10:29:53.670+0000] {processor.py:208} INFO - Processing /opt/airflow/dags/water_quality_pipeline_dag.py took 0.119 seconds
[2026-10-02T10:30:23.837+0000] {processor.py:186} INFO - Started process (PID=5276) to work on /opt/airflow/dags/water_quality_pipeline_dag.py
[2026-10-02T10:30:23.839+0000] {processor.py:914} INFO - Processing file /opt/airflow/dags/water_quality_pipeline_dag.py for tasks to queue
[2026-10-02T10:30:23.843+0000] {logging_mixin.py:190} INFO - [2026-10-02T10:30:23.842+0000] {dagbag.py:588} INFO - Filling up the DagBag from /opt/airflow/dags/water_quality_pipeline_dag.py
[2026-10-02T10:30:23.854+0000] {processor.py:925} INFO - DAG(s) 'water_quality_training_pipeline' retrieved from /opt/airflow/dags/water_quality_pipeline_dag.py
[2026-10-02T10:30:23.894+0000] {logging_mixin.py:190} INFO - [2026-10-02T10:30:23.894+0000] {dag.py:3239} INFO - Sync 1 DAGs
[2026-10-02T10:30:23.914+0000] {logging_mixin.py:190} INFO - [2026-10-02T10:30:23.914+0000] {dag.py:4180} INFO - Setting next_dagrun for water_quality_training_pipeline to None, run_after=None
[2026-10-02T10:30:23.940+0000] {processor.py:208} INFO - Processing /opt/airflow/dags/water_quality_pipeline_dag.py took 0.113 seconds
[2026-10-02T10:30:54.194+0000] {processor.py:186} INFO - Started process (PID=5305) to work on /opt/airflow/dags/water_quality_pipeline_dag.py
[2026-10-02T10:30:54.195+0000] {processor.py:914} INFO - Processing file /opt/airflow/dags/water_quality_pipeline_dag.py for tasks to queue
[2026-10-02T10:30:54.199+0000] {logging_mixin.py:190} INFO - [2026-10-02T10:30:54.199+0000] {dagbag.py:588} INFO - Filling up the DagBag from /opt/airflow/dags/water_quality_pipeline_dag.py
[2026-10-02T10:30:54.211+0000] {processor.py:925} INFO - DAG(s) 'water_quality_training_pipeline' retrieved from /opt/airflow/dags/water_quality_pipeline_dag.py
[2026-10-02T10:30:54.254+0000] {logging_mixin.py:190} INFO - [2026-10-02T10:30:54.254+0000] {dag.py:3239} INFO - Sync 1 DAGs
[2026-10-02T10:30:54.274+0000] {logging_mixin.py:190} INFO - [2026-10-02T10:30:54.274+0000] {dag.py:4180} INFO - Setting next_dagrun for water_quality_training_pipeline to None, run_after=None
[2026-10-02T10:30:54.298+0000] {processor.py:208} INFO - Processing /opt/airflow/dags/water_quality_pipeline_dag.py took 0.116 seconds
[2026-10-02T10:31:24.458+0000] {processor.py:186} INFO - Started process (PID=5326) to work on /opt/airflow/dags/water_quality_pipeline_dag.py
[2026-10-02T10:31:24.460+0000] {processor.py:914} INFO - Processing file /opt/airflow/dags/water_quality_pipeline_dag.py for tasks to queue
[2026-10-02T10:31:24.464+0000] {logging_mixin.py:190} INFO - [2026-10-02T10:31:24.464+0000] {dagbag.py:588} INFO - Filling up the DagBag from /opt/airflow/dags/water_quality_pipeline_dag.py
[2026-10-02T10:31:24.477+0000] {processor.py:925} INFO - DAG(s) 'water_quality_training_pipeline' retrieved from /opt/airflow/dags/water_quality_pipeline_dag.py
[2026-10-02T10:31:24.517+0000] {logging_mixin.py:190} INFO - [2026-10-02T10:31:24.517+0000] {dag.py:3239} INFO - Sync 1 DAGs
[2026-10-02T10:31:24.532+0000] {logging_mixin.py:190} INFO - [2026-10-02T10:31:24.532+0000] {dag.py:4180} INFO - Setting next_dagrun for water_quality_training_pipeline to None, run_after=None
[2026-10-02T10:31:24.550+0000] {processor.py:208} INFO - Processing /opt/airflow/dags/water_quality_pipeline_dag.py took 0.102 seconds
[2026-10-02T10:31:54.801+0000] {processor.py:186} INFO - Started process (PID=5346) to work on /opt/airflow/dags/water_quality_pipeline_dag.py
[2026-10-02T10:31:54.803+0000] {processor.py:914} INFO - Processing file /opt/airflow/dags/water_quality_pipeline_dag.py for tasks to queue
[2026-10-02T10:31:54.806+0000] {logging_mixin.py:190} INFO - [2026-10-02T10:31:54.806+0000] {dagbag.py:588} INFO - Filling up the DagBag from /opt/airflow/dags/water_quality_pipeline_dag.py
[2026-10-02T10:31:54.820+0000] {processor.py:925} INFO - DAG(s) 'water_quality_training_pipeline' retrieved from /opt/airflow/dags/water_quality_pipeline_dag.py
[2026-10-02T10:31:54.862+0000] {logging_mixin.py:190} INFO - [2026-10-02T10:31:54.862+0000] {dag.py:3239} INFO - Sync 1 DAGs
[2026-10-02T10:31:54.883+0000] {logging_mixin.py:190} INFO - [2026-10-02T10:31:54.883+0000] {dag.py:4180} INFO - Setting next_dagrun for water_quality_training_pipeline to None, run_after=None
[2026-10-02T10:31:54.906+0000] {processor.py:208} INFO - Processing /opt/airflow/dags/water_quality_pipeline_dag.py took 0.116 seconds
[2026-10-02T10:32:25.076+0000] {processor.py:186} INFO - Started process (PID=5374) to work on /opt/airflow/dags/water_quality_pipeline_dag.py
[2026-10-02T10:32:25.079+0000] {processor.py:914} INFO - Processing file /opt/airflow/dags/water_quality_pipeline_dag.py for tasks to queue
[2026-10-02T10:32:25.082+0000] {logging_mixin.py:190} INFO - [2026-10-02T10:32:25.081+0000] {dagbag.py:588} INFO - Filling up the DagBag from /opt/airflow/dags/water_quality_pipeline_dag.py
[2026-10-02T10:32:25.096+0000] {processor.py:925} INFO - DAG(s) 'water_quality_training_pipeline' retrieved from /opt/airflow/dags/water_quality_pipeline_dag.py
[2026-10-02T10:32:25.142+0000] {logging_mixin.py:190} INFO - [2026-10-02T10:32:25.141+0000] {dag.py:3239} INFO - Sync 1 DAGs
[2026-10-02T10:32:25.165+0000] {logging_mixin.py:190} INFO - [2026-10-02T10:32:25.165+0000] {dag.py:4180} INFO - Setting next_dagrun for water_quality_training_pipeline to None, run_after=None
[2026-10-02T10:32:25.194+0000] {processor.py:208} INFO - Processing /opt/airflow/dags/water_quality_pipeline_dag.py took 0.129 seconds
[2026-10-02T10:32:55.431+0000] {processor.py:186} INFO - Started process (PID=5395) to work on /opt/airflow/dags/water_quality_pipeline_dag.py
[2026-10-02T10:32:55.432+0000] {processor.py:914} INFO - Processing file /opt/airflow/dags/water_quality_pipeline_dag.py for tasks to queue
[2026-10-02T10:32:55.435+0000] {logging_mixin.py:190} INFO - [2026-10-02T10:32:55.434+0000] {dagbag.py:588} INFO - Filling up the DagBag from /opt/airflow/dags/water_quality_pipeline_dag.py
[2026-10-02T10:32:55.448+0000] {processor.py:925} INFO - DAG(s) 'water_quality_training_pipeline' retrieved from /opt/airflow/dags/water_quality_pipeline_dag.py
[2026-10-02T10:32:55.489+0000] {logging_mixin.py:190} INFO - [2026-10-02T10:32:55.489+0000] {dag.py:3239} INFO - Sync 1 DAGs
[2026-10-02T10:32:55.509+0000] {logging_mixin.py:190} INFO - [2026-10-02T10:32:55.509+0000] {dag.py:4180} INFO - Setting next_dagrun for water_quality_training_pipeline to None, run_after=None
[2026-10-02T10:32:55.536+0000] {processor.py:208} INFO - Processing /opt/airflow/dags/water_quality_pipeline_dag.py took 0.115 seconds
[2026-10-02T10:33:25.728+0000] {processor.py:186} INFO - Started process (PID=5423) to work on /opt/airflow/dags/water_quality_pipeline_dag.py
[2026-10-02T10:33:25.731+0000] {processor.py:914} INFO - Processing file /opt/airflow/dags/water_quality_pipeline_dag.py for tasks to queue
[2026-10-02T10:33:25.733+0000] {logging_mixin.py:190} INFO - [2026-10-02T10:33:25.732+0000] {dagbag.py:588} INFO - Filling up the DagBag from /opt/airflow/dags/water_quality_pipeline_dag.py
[2026-10-02T10:33:25.744+0000] {processor.py:925} INFO - DAG(s) 'water_quality_training_pipeline' retrieved from /opt/airflow/dags/water_quality_pipeline_dag.py
[2026-10-02T10:33:25.779+0000] {logging_mixin.py:190} INFO - [2026-10-02T10:33:25.779+0000] {dag.py:3239} INFO - Sync 1 DAGs
[2026-10-02T10:33:25.798+0000] {logging_mixin.py:190} INFO - [2026-10-02T10:33:25.798+0000] {dag.py:4180} INFO - Setting next_dagrun for water_quality_training_pipeline to None, run_after=None
[2026-10-02T10:33:25.819+0000] {processor.py:208} INFO - Processing /opt/airflow/dags/water_quality_pipeline_dag.py took 0.102 seconds
[2026-10-02T10:33:56.055+0000] {processor.py:186} INFO - Started process (PID=5445) to work on /opt/airflow/dags/water_quality_pipeline_dag.py
[2026-10-02T10:33:56.056+0000] {processor.py:914} INFO - Processing file /opt/airflow/dags/water_quality_pipeline_dag.py for tasks to queue
[2026-10-02T10:33:56.059+0000] {logging_mixin.py:190} INFO - [2026-10-02T10:33:56.058+0000] {dagbag.py:588} INFO - Filling up the DagBag from /opt/airflow/dags/water_quality_pipeline_dag.py
[2026-10-02T10:33:56.073+0000] {processor.py:925} INFO - DAG(s) 'water_quality_training_pipeline' retrieved from /opt/airflow/dags/water_quality_pipeline_dag.py
[2026-10-02T10:33:56.114+0000] {logging_mixin.py:190} INFO - [2026-10-02T10:33:56.113+0000] {dag.py:3239} INFO - Sync 1 DAGs
[2026-10-02T10:33:56.132+0000] {logging_mixin.py:190} INFO - [2026-10-02T10:33:56.132+0000] {dag.py:4180} INFO - Setting next_dagrun for water_quality_training_pipeline to None, run_after=None
[2026-10-02T10:33:56.156+0000] {processor.py:208} INFO - Processing /opt/airflow/dags/water_quality_pipeline_dag.py took 0.111 seconds
[2026-10-02T10:34:26.361+0000] {processor.py:186} INFO - Started process (PID=5466) to work on /opt/airflow/dags/water_quality_pipeline_dag.py
[2026-10-02T10:34:26.362+0000] {processor.py:914} INFO - Processing file /opt/airflow/dags/water_quality_pipeline_dag.py for tasks to queue
[2026-10-02T10:34:26.365+0000] {logging_mixin.py:190} INFO - [2026-10-02T10:34:26.364+0000] {dagbag.py:588} INFO - Filling up the DagBag from /opt/airflow/dags/water_quality_pipeline_dag.py
[2026-10-02T10:34:26.377+0000] {processor.py:925} INFO - DAG(s) 'water_quality_training_pipeline' retrieved from /opt/airflow/dags/water_quality_pipeline_dag.py
[2026-10-02T10:34:26.423+0000] {logging_mixin.py:190} INFO - [2026-10-02T10:34:26.423+0000] {dag.py:3239} INFO - Sync 1 DAGs
[2026-10-02T10:34:26.442+0000] {logging_mixin.py:190} INFO - [2026-10-02T10:34:26.441+0000] {dag.py:4180} INFO - Setting next_dagrun for water_quality_training_pipeline to None, run_after=None
[2026-10-02T10:34:26.469+0000] {processor.py:208} INFO - Processing /opt/airflow/dags/water_quality_pipeline_dag.py took 0.118 seconds
[2026-10-02T10:34:56.683+0000] {processor.py:186} INFO - Started process (PID=5494) to work on /opt/airflow/dags/water_quality_pipeline_dag.py
[2026-10-02T10:34:56.684+0000] {processor.py:914} INFO - Processing file /opt/airflow/dags/water_quality_pipeline_dag.py for tasks to queue
[2026-10-02T10:34:56.688+0000] {logging_mixin.py:190} INFO - [2026-10-02T10:34:56.687+0000] {dagbag.py:588} INFO - Filling up the DagBag from /opt/airflow/dags/water_quality_pipeline_dag.py
[2026-10-02T10:34:56.699+0000] {processor.py:925} INFO - DAG(s) 'water_quality_training_pipeline' retrieved from /opt/airflow/dags/water_quality_pipeline_dag.py
[2026-10-02T10:34:56.743+0000] {logging_mixin.py:190} INFO - [2026-10-02T10:34:56.742+0000] {dag.py:3239} INFO - Sync 1 DAGs
[2026-10-02T10:34:56.763+0000] {logging_mixin.py:190} INFO - [2026-10-02T10:34:56.762+0000] {dag.py:4180} INFO - Setting next_dagrun for water_quality_training_pipeline to None, run_after=None
[2026-10-02T10:34:56.784+0000] {processor.py:208} INFO - Processing /opt/airflow/dags/water_quality_pipeline_dag.py took 0.112 seconds
[2026-10-02T10:35:26.958+0000] {processor.py:186} INFO - Started process (PID=5516) to work on /opt/airflow/dags/water_quality_pipeline_dag.py
[2026-10-02T10:35:26.960+0000] {processor.py:914} INFO - Processing file /opt/airflow/dags/water_quality_pipeline_dag.py for tasks to queue
[2026-10-02T10:35:26.965+0000] {logging_mixin.py:190} INFO - [2026-10-02T10:35:26.964+0000] {dagbag.py:588} INFO - Filling up the DagBag from /opt/airflow/dags/water_quality_pipeline_dag.py
[2026-10-02T10:35:26.978+0000] {processor.py:925} INFO - DAG(s) 'water_quality_training_pipeline' retrieved from /opt/airflow/dags/water_quality_pipeline_dag.py
[2026-10-02T10:35:27.015+0000] {logging_mixin.py:190} INFO - [2026-10-02T10:35:27.014+0000] {dag.py:3239} INFO - Sync 1 DAGs
[2026-10-02T10:35:27.035+0000] {logging_mixin.py:190} INFO - [2026-10-02T10:35:27.034+0000] {dag.py:4180} INFO - Setting next_dagrun for water_quality_training_pipeline to None, run_after=None
[2026-10-02T10:35:27.458+0000] {processor.py:208} INFO - Processing /opt/airflow/dags/water_quality_pipeline_dag.py took 0.510 seconds
[2026-10-02T10:35:57.741+0000] {processor.py:186} INFO - Started process (PID=5537) to work on /opt/airflow/dags/water_quality_pipeline_dag.py
[2026-10-02T10:35:57.744+0000] {processor.py:914} INFO - Processing file /opt/airflow/dags/water_quality_pipeline_dag.py for tasks to queue
[2026-10-02T10:35:57.748+0000] {logging_mixin.py:190} INFO - [2026-10-02T10:35:57.748+0000] {dagbag.py:588} INFO - Filling up the DagBag from /opt/airflow/dags/water_quality_pipeline_dag.py
[2026-10-02T10:35:57.761+0000] {processor.py:925} INFO - DAG(s) 'water_quality_training_pipeline' retrieved from /opt/airflow/dags/water_quality_pipeline_dag.py
[2026-10-02T10:35:57.799+0000] {logging_mixin.py:190} INFO - [2026-10-02T10:35:57.798+0000] {dag.py:3239} INFO - Sync 1 DAGs
[2026-10-02T10:35:57.819+0000] {logging_mixin.py:190} INFO - [2026-10-02T10:35:57.818+0000] {dag.py:4180} INFO - Setting next_dagrun for water_quality_training_pipeline to None, run_after=None
[2026-10-02T10:35:57.842+0000] {processor.py:208} INFO - Processing /opt/airflow/dags/water_quality_pipeline_dag.py took 0.110 seconds
[2026-10-02T10:36:27.998+0000] {processor.py:186} INFO - Started process (PID=5566) to work on /opt/airflow/dags/water_quality_pipeline_dag.py
[2026-10-02T10:36:27.999+0000] {processor.py:914} INFO - Processing file /opt/airflow/dags/water_quality_pipeline_dag.py for tasks to queue
[2026-10-02T10:36:28.002+0000] {logging_mixin.py:190} INFO - [2026-10-02T10:36:28.002+0000] {dagbag.py:588} INFO - Filling up the DagBag from /opt/airflow/dags/water_quality_pipeline_dag.py
[2026-10-02T10:36:28.016+0000] {processor.py:925} INFO - DAG(s) 'water_quality_training_pipeline' retrieved from /opt/airflow/dags/water_quality_pipeline_dag.py
[2026-10-02T10:36:28.056+0000] {logging_mixin.py:190} INFO - [2026-10-02T10:36:28.056+0000] {dag.py:3239} INFO - Sync 1 DAGs
[2026-10-02T10:36:28.073+0000] {logging_mixin.py:190} INFO - [2026-10-02T10:36:28.073+0000] {dag.py:4180} INFO - Setting next_dagrun for water_quality_training_pipeline to None, run_after=None
[2026-10-02T10:36:28.091+0000] {processor.py:208} INFO - Processing /opt/airflow/dags/water_quality_pipeline_dag.py took 0.106 seconds
[2026-10-02T10:36:58.366+0000] {processor.py:186} INFO - Started process (PID=5587) to work on /opt/airflow/dags/water_quality_pipeline_dag.py
[2026-10-02T10:36:58.367+0000] {processor.py:914} INFO - Processing file /opt/airflow/dags/water_quality_pipeline_dag.py for tasks to queue
[2026-10-02T10:36:58.371+0000] {logging_mixin.py:190} INFO - [2026-10-02T10:36:58.370+0000] {dagbag.py:588} INFO - Filling up the DagBag from /opt/airflow/dags/water_quality_pipeline_dag.py
[2026-10-02T10:36:58.384+0000] {processor.py:925} INFO - DAG(s) 'water_quality_training_pipeline' retrieved from /opt/airflow/dags/water_quality_pipeline_dag.py
[2026-10-02T10:36:58.425+0000] {logging_mixin.py:190} INFO - [2026-10-02T10:36:58.425+0000] {dag.py:3239} INFO - Sync 1 DAGs
[2026-10-02T10:36:58.445+0000] {logging_mixin.py:190} INFO - [2026-10-02T10:36:58.445+0000] {dag.py:4180} INFO - Setting next_dagrun for water_quality_training_pipeline to None, run_after=None
[2026-10-02T10:36:58.467+0000] {processor.py:208} INFO - Processing /opt/airflow/dags/water_quality_pipeline_dag.py took 0.109 seconds
[2026-10-02T10:37:28.626+0000] {processor.py:186} INFO - Started process (PID=5606) to work on /opt/airflow/dags/water_quality_pipeline_dag.py
[2026-10-02T10:37:28.629+0000] {processor.py:914} INFO - Processing file /opt/airflow/dags/water_quality_pipeline_dag.py for tasks to queue
[2026-10-02T10:37:28.632+0000] {logging_mixin.py:190} INFO - [2026-10-02T10:37:28.632+0000] {dagbag.py:588} INFO - Filling up the DagBag from /opt/airflow/dags/water_quality_pipeline_dag.py
[2026-10-02T10:37:28.647+0000] {processor.py:925} INFO - DAG(s) 'water_quality_training_pipeline' retrieved from /opt/airflow/dags/water_quality_pipeline_dag.py
[2026-10-02T10:37:28.691+0000] {logging_mixin.py:190} INFO - [2026-10-02T10:37:28.691+0000] {dag.py:3239} INFO - Sync 1 DAGs
[2026-10-02T10:37:28.711+0000] {logging_mixin.py:190} INFO - [2026-10-02T10:37:28.711+0000] {dag.py:4180} INFO - Setting next_dagrun for water_quality_training_pipeline to None, run_after=None
[2026-10-02T10:37:28.732+0000] {processor.py:208} INFO - Processing /opt/airflow/dags/water_quality_pipeline_dag.py took 0.118 seconds
[2026-10-02T10:37:58.972+0000] {processor.py:186} INFO - Started process (PID=5635) to work on /opt/airflow/dags/water_quality_pipeline_dag.py
[2026-10-02T10:37:58.973+0000] {processor.py:914} INFO - Processing file /opt/airflow/dags/water_quality_pipeline_dag.py for tasks to queue
[2026-10-02T10:37:58.976+0000] {logging_mixin.py:190} INFO - [2026-10-02T10:37:58.976+0000] {dagbag.py:588} INFO - Filling up the DagBag from /opt/airflow/dags/water_quality_pipeline_dag.py
[2026-10-02T10:37:58.989+0000] {processor.py:925} INFO - DAG(s) 'water_quality_training_pipeline' retrieved from /opt/airflow/dags/water_quality_pipeline_dag.py
[2026-10-02T10:37:59.031+0000] {logging_mixin.py:190} INFO - [2026-10-02T10:37:59.031+0000] {dag.py:3239} INFO - Sync 1 DAGs
[2026-10-02T10:37:59.051+0000] {logging_mixin.py:190} INFO - [2026-10-02T10:37:59.051+0000] {dag.py:4180} INFO - Setting next_dagrun for water_quality_training_pipeline to None, run_after=None
[2026-10-02T10:37:59.087+0000] {processor.py:208} INFO - Processing /opt/airflow/dags/water_quality_pipeline_dag.py took 0.129 seconds
[2026-10-02T10:38:29.224+0000] {processor.py:186} INFO - Started process (PID=5656) to work on /opt/airflow/dags/water_quality_pipeline_dag.py
[2026-10-02T10:38:29.226+0000] {processor.py:914} INFO - Processing file /opt/airflow/dags/water_quality_pipeline_dag.py for tasks to queue
[2026-10-02T10:38:29.229+0000] {logging_mixin.py:190} INFO - [2026-10-02T10:38:29.229+0000] {dagbag.py:588} INFO - Filling up the DagBag from /opt/airflow/dags/water_quality_pipeline_dag.py
[2026-10-02T10:38:29.241+0000] {processor.py:925} INFO - DAG(s) 'water_quality_training_pipeline' retrieved from /opt/airflow/dags/water_quality_pipeline_dag.py
[2026-10-02T10:38:29.275+0000] {logging_mixin.py:190} INFO - [2026-10-02T10:38:29.275+0000] {dag.py:3239} INFO - Sync 1 DAGs
[2026-10-02T10:38:29.455+0000] {logging_mixin.py:190} INFO - [2026-10-02T10:38:29.454+0000] {dag.py:4180} INFO - Setting next_dagrun for water_quality_training_pipeline to None, run_after=None
[2026-10-02T10:38:29.477+0000] {processor.py:208} INFO - Processing /opt/airflow/dags/water_quality_pipeline_dag.py took 0.262 seconds
[2026-10-02T10:38:59.596+0000] {processor.py:186} INFO - Started process (PID=5684) to work on /opt/airflow/dags/water_quality_pipeline_dag.py
[2026-10-02T10:38:59.597+0000] {processor.py:914} INFO - Processing file /opt/airflow/dags/water_quality_pipeline_dag.py for tasks to queue
[2026-10-02T10:38:59.601+0000] {logging_mixin.py:190} INFO - [2026-10-02T10:38:59.600+0000] {dagbag.py:588} INFO - Filling up the DagBag from /opt/airflow/dags/water_quality_pipeline_dag.py
[2026-10-02T10:38:59.616+0000] {processor.py:925} INFO - DAG(s) 'water_quality_training_pipeline' retrieved from /opt/airflow/dags/water_quality_pipeline_dag.py
[2026-10-02T10:38:59.660+0000] {logging_mixin.py:190} INFO - [2026-10-02T10:38:59.659+0000] {dag.py:3239} INFO - Sync 1 DAGs
[2026-10-02T10:38:59.684+0000] {logging_mixin.py:190} INFO - [2026-10-02T10:38:59.684+0000] {dag.py:4180} INFO - Setting next_dagrun for water_quality_training_pipeline to None, run_after=None
[2026-10-02T10:38:59.707+0000] {processor.py:208} INFO - Processing /opt/airflow/dags/water_quality_pipeline_dag.py took 0.121 seconds
[2026-10-02T10:39:30.007+0000] {processor.py:186} INFO - Started process (PID=5705) to work on /opt/airflow/dags/water_quality_pipeline_dag.py
[2026-10-02T10:39:30.008+0000] {processor.py:914} INFO - Processing file /opt/airflow/dags/water_quality_pipeline_dag.py for tasks to queue
[2026-10-02T10:39:30.012+0000] {logging_mixin.py:190} INFO - [2026-10-02T10:39:30.012+0000] {dagbag.py:588} INFO - Filling up the DagBag from /opt/airflow/dags/water_quality_pipeline_dag.py
[2026-10-02T10:39:30.025+0000] {processor.py:925} INFO - DAG(s) 'water_quality_training_pipeline' retrieved from /opt/airflow/dags/water_quality_pipeline_dag.py
[2026-10-02T10:39:30.069+0000] {logging_mixin.py:190} INFO - [2026-10-02T10:39:30.069+0000] {dag.py:3239} INFO - Sync 1 DAGs
[2026-10-02T10:39:30.084+0000] {logging_mixin.py:190} INFO - [2026-10-02T10:39:30.084+0000] {dag.py:4180} INFO - Setting next_dagrun for water_quality_training_pipeline to None, run_after=None
[2026-10-02T10:39:30.101+0000] {processor.py:208} INFO - Processing /opt/airflow/dags/water_quality_pipeline_dag.py took 0.103 seconds
[2026-10-02T10:40:00.258+0000] {processor.py:186} INFO - Started process (PID=5726) to work on /opt/airflow/dags/water_quality_pipeline_dag.py
[2026-10-02T10:40:00.259+0000] {processor.py:914} INFO - Processing file /opt/airflow/dags/water_quality_pipeline_dag.py for tasks to queue
[2026-10-02T10:40:00.263+0000] {logging_mixin.py:190} INFO - [2026-10-02T10:40:00.262+0000] {dagbag.py:588} INFO - Filling up the DagBag from /opt/airflow/dags/water_quality_pipeline_dag.py
[2026-10-02T10:40:00.277+0000] {processor.py:925} INFO - DAG(s) 'water_quality_training_pipeline' retrieved from /opt/airflow/dags/water_quality_pipeline_dag.py
[2026-10-02T10:40:00.333+0000] {logging_mixin.py:190} INFO - [2026-10-02T10:40:00.333+0000] {dag.py:3239} INFO - Sync 1 DAGs
[2026-10-02T10:40:00.353+0000] {logging_mixin.py:190} INFO - [2026-10-02T10:40:00.353+0000] {dag.py:4180} INFO - Setting next_dagrun for water_quality_training_pipeline to None, run_after=None
[2026-10-02T10:40:00.381+0000] {processor.py:208} INFO - Processing /opt/airflow/dags/water_quality_pipeline_dag.py took 0.134 seconds
[2026-10-02T10:40:30.613+0000] {processor.py:186} INFO - Started process (PID=5754) to work on /opt/airflow/dags/water_quality_pipeline_dag.py
[2026-10-02T10:40:30.614+0000] {processor.py:914} INFO - Processing file /opt/airflow/dags/water_quality_pipeline_dag.py for tasks to queue
[2026-10-02T10:40:30.619+0000] {logging_mixin.py:190} INFO - [2026-10-02T10:40:30.619+0000] {dagbag.py:588} INFO - Filling up the DagBag from /opt/airflow/dags/water_quality_pipeline_dag.py
[2026-10-02T10:40:30.632+0000] {processor.py:925} INFO - DAG(s) 'water_quality_training_pipeline' retrieved from /opt/airflow/dags/water_quality_pipeline_dag.py
[2026-10-02T10:40:30.671+0000] {logging_mixin.py:190} INFO - [2026-10-02T10:40:30.670+0000] {dag.py:3239} INFO - Sync 1 DAGs
[2026-10-02T10:40:30.686+0000] {logging_mixin.py:190} INFO - [2026-10-02T10:40:30.686+0000] {dag.py:4180} INFO - Setting next_dagrun for water_quality_training_pipeline to None, run_after=None
[2026-10-02T10:40:30.704+0000] {processor.py:208} INFO - Processing /opt/airflow/dags/water_quality_pipeline_dag.py took 0.104 seconds
[2026-10-02T10:41:00.896+0000] {processor.py:186} INFO - Started process (PID=5776) to work on /opt/airflow/dags/water_quality_pipeline_dag.py
[2026-10-02T10:41:00.897+0000] {processor.py:914} INFO - Processing file /opt/airflow/dags/water_quality_pipeline_dag.py for tasks to queue
[2026-10-02T10:41:00.901+0000] {logging_mixin.py:190} INFO - [2026-10-02T10:41:00.900+0000] {dagbag.py:588} INFO - Filling up the DagBag from /opt/airflow/dags/water_quality_pipeline_dag.py
[2026-10-02T10:41:00.915+0000] {processor.py:925} INFO - DAG(s) 'water_quality_training_pipeline' retrieved from /opt/airflow/dags/water_quality_pipeline_dag.py
[2026-10-02T10:41:00.964+0000] {logging_mixin.py:190} INFO - [2026-10-02T10:41:00.963+0000] {dag.py:3239} INFO - Sync 1 DAGs
[2026-10-02T10:41:00.989+0000] {logging_mixin.py:190} INFO - [2026-10-02T10:41:00.989+0000] {dag.py:4180} INFO - Setting next_dagrun for water_quality_training_pipeline to None, run_after=None
[2026-10-02T10:41:01.172+0000] {processor.py:208} INFO - Processing /opt/airflow/dags/water_quality_pipeline_dag.py took 0.287 seconds
[2026-10-02T10:41:31.459+0000] {processor.py:186} INFO - Started process (PID=5797) to work on /opt/airflow/dags/water_quality_pipeline_dag.py
[2026-10-02T10:41:31.462+0000] {processor.py:914} INFO - Processing file /opt/airflow/dags/water_quality_pipeline_dag.py for tasks to queue
[2026-10-02T10:41:31.465+0000] {logging_mixin.py:190} INFO - [2026-10-02T10:41:31.464+0000] {dagbag.py:588} INFO - Filling up the DagBag from /opt/airflow/dags/water_quality_pipeline_dag.py
[2026-10-02T10:41:31.478+0000] {processor.py:925} INFO - DAG(s) 'water_quality_training_pipeline' retrieved from /opt/airflow/dags/water_quality_pipeline_dag.py
[2026-10-02T10:41:31.517+0000] {logging_mixin.py:190} INFO - [2026-10-02T10:41:31.517+0000] {dag.py:3239} INFO - Sync 1 DAGs
[2026-10-02T10:41:31.534+0000] {logging_mixin.py:190} INFO - [2026-10-02T10:41:31.534+0000] {dag.py:4180} INFO - Setting next_dagrun for water_quality_training_pipeline to None, run_after=None
[2026-10-02T10:41:31.553+0000] {processor.py:208} INFO - Processing /opt/airflow/dags/water_quality_pipeline_dag.py took 0.103 seconds
[2026-10-02T10:42:01.699+0000] {processor.py:186} INFO - Started process (PID=5825) to work on /opt/airflow/dags/water_quality_pipeline_dag.py
[2026-10-02T10:42:01.700+0000] {processor.py:914} INFO - Processing file /opt/airflow/dags/water_quality_pipeline_dag.py for tasks to queue
[2026-10-02T10:42:01.702+0000] {logging_mixin.py:190} INFO - [2026-10-02T10:42:01.702+0000] {dagbag.py:588} INFO - Filling up the DagBag from /opt/airflow/dags/water_quality_pipeline_dag.py
[2026-10-02T10:42:01.716+0000] {processor.py:925} INFO - DAG(s) 'water_quality_training_pipeline' retrieved from /opt/airflow/dags/water_quality_pipeline_dag.py
[2026-10-02T10:42:01.748+0000] {logging_mixin.py:190} INFO - [2026-10-02T10:42:01.748+0000] {dag.py:3239} INFO - Sync 1 DAGs
[2026-10-02T10:42:01.761+0000] {logging_mixin.py:190} INFO - [2026-10-02T10:42:01.761+0000] {dag.py:4180} INFO - Setting next_dagrun for water_quality_training_pipeline to None, run_after=None
[2026-10-02T10:42:01.779+0000] {processor.py:208} INFO - Processing /opt/airflow/dags/water_quality_pipeline_dag.py took 0.090 seconds
[2026-10-02T10:42:32.073+0000] {processor.py:186} INFO - Started process (PID=5846) to work on /opt/airflow/dags/water_quality_pipeline_dag.py
[2026-10-02T10:42:32.075+0000] {processor.py:914} INFO - Processing file /opt/airflow/dags/water_quality_pipeline_dag.py for tasks to queue
[2026-10-02T10:42:32.079+0000] {logging_mixin.py:190} INFO - [2026-10-02T10:42:32.079+0000] {dagbag.py:588} INFO - Filling up the DagBag from /opt/airflow/dags/water_quality_pipeline_dag.py
[2026-10-02T10:42:32.098+0000] {processor.py:925} INFO - DAG(s) 'water_quality_training_pipeline' retrieved from /opt/airflow/dags/water_quality_pipeline_dag.py
[2026-10-02T10:42:32.142+0000] {logging_mixin.py:190} INFO - [2026-10-02T10:42:32.142+0000] {dag.py:3239} INFO - Sync 1 DAGs
[2026-10-02T10:42:32.162+0000] {logging_mixin.py:190} INFO - [2026-10-02T10:42:32.161+0000] {dag.py:4180} INFO - Setting next_dagrun for water_quality_training_pipeline to None, run_after=None
[2026-10-02T10:42:32.188+0000] {processor.py:208} INFO - Processing /opt/airflow/dags/water_quality_pipeline_dag.py took 0.127 seconds
[2026-10-02T10:43:02.339+0000] {processor.py:186} INFO - Started process (PID=5867) to work on /opt/airflow/dags/water_quality_pipeline_dag.py
[2026-10-02T10:43:02.340+0000] {processor.py:914} INFO - Processing file /opt/airflow/dags/water_quality_pipeline_dag.py for tasks to queue
[2026-10-02T10:43:02.343+0000] {logging_mixin.py:190} INFO - [2026-10-02T10:43:02.343+0000] {dagbag.py:588} INFO - Filling up the DagBag from /opt/airflow/dags/water_quality_pipeline_dag.py
[2026-10-02T10:43:02.362+0000] {processor.py:925} INFO - DAG(s) 'water_quality_training_pipeline' retrieved from /opt/airflow/dags/water_quality_pipeline_dag.py
[2026-10-02T10:43:02.412+0000] {logging_mixin.py:190} INFO - [2026-10-02T10:43:02.412+0000] {dag.py:3239} INFO - Sync 1 DAGs
[2026-10-02T10:43:02.432+0000] {logging_mixin.py:190} INFO - [2026-10-02T10:43:02.432+0000] {dag.py:4180} INFO - Setting next_dagrun for water_quality_training_pipeline to None, run_after=None
[2026-10-02T10:43:02.457+0000] {processor.py:208} INFO - Processing /opt/airflow/dags/water_quality_pipeline_dag.py took 0.128 seconds
[2026-10-02T10:43:32.706+0000] {processor.py:186} INFO - Started process (PID=5895) to work on /opt/airflow/dags/water_quality_pipeline_dag.py
[2026-10-02T10:43:32.708+0000] {processor.py:914} INFO - Processing file /opt/airflow/dags/water_quality_pipeline_dag.py for tasks to queue
[2026-10-02T10:43:32.711+0000] {logging_mixin.py:190} INFO - [2026-10-02T10:43:32.710+0000] {dagbag.py:588} INFO - Filling up the DagBag from /opt/airflow/dags/water_quality_pipeline_dag.py
[2026-10-02T10:43:32.728+0000] {processor.py:925} INFO - DAG(s) 'water_quality_training_pipeline' retrieved from /opt/airflow/dags/water_quality_pipeline_dag.py
[2026-10-02T10:43:32.764+0000] {logging_mixin.py:190} INFO - [2026-10-02T10:43:32.764+0000] {dag.py:3239} INFO - Sync 1 DAGs
[2026-10-02T10:43:32.781+0000] {logging_mixin.py:190} INFO - [2026-10-02T10:43:32.781+0000] {dag.py:4180} INFO - Setting next_dagrun for water_quality_training_pipeline to None, run_after=None
[2026-10-02T10:43:32.802+0000] {processor.py:208} INFO - Processing /opt/airflow/dags/water_quality_pipeline_dag.py took 0.107 seconds
[2026-10-02T10:44:02.972+0000] {processor.py:186} INFO - Started process (PID=5915) to work on /opt/airflow/dags/water_quality_pipeline_dag.py
[2026-10-02T10:44:02.973+0000] {processor.py:914} INFO - Processing file /opt/airflow/dags/water_quality_pipeline_dag.py for tasks to queue
[2026-10-02T10:44:02.977+0000] {logging_mixin.py:190} INFO - [2026-10-02T10:44:02.976+0000] {dagbag.py:588} INFO - Filling up the DagBag from /opt/airflow/dags/water_quality_pipeline_dag.py
[2026-10-02T10:44:02.990+0000] {processor.py:925} INFO - DAG(s) 'water_quality_training_pipeline' retrieved from /opt/airflow/dags/water_quality_pipeline_dag.py
[2026-10-02T10:44:03.033+0000] {logging_mixin.py:190} INFO - [2026-10-02T10:44:03.033+0000] {dag.py:3239} INFO - Sync 1 DAGs
[2026-10-02T10:44:03.056+0000] {logging_mixin.py:190} INFO - [2026-10-02T10:44:03.055+0000] {dag.py:4180} INFO - Setting next_dagrun for water_quality_training_pipeline to None, run_after=None
[2026-10-02T10:44:03.346+0000] {processor.py:208} INFO - Processing /opt/airflow/dags/water_quality_pipeline_dag.py took 0.386 seconds
[2026-10-02T10:44:33.634+0000] {processor.py:186} INFO - Started process (PID=5936) to work on /opt/airflow/dags/water_quality_pipeline_dag.py
[2026-10-02T10:44:33.636+0000] {processor.py:914} INFO - Processing file /opt/airflow/dags/water_quality_pipeline_dag.py for tasks to queue
[2026-10-02T10:44:33.639+0000] {logging_mixin.py:190} INFO - [2026-10-02T10:44:33.639+0000] {dagbag.py:588} INFO - Filling up the DagBag from /opt/airflow/dags/water_quality_pipeline_dag.py
[2026-10-02T10:44:33.654+0000] {processor.py:925} INFO - DAG(s) 'water_quality_training_pipeline' retrieved from /opt/airflow/dags/water_quality_pipeline_dag.py
[2026-10-02T10:44:33.701+0000] {logging_mixin.py:190} INFO - [2026-10-02T10:44:33.701+0000] {dag.py:3239} INFO - Sync 1 DAGs
[2026-10-02T10:44:33.721+0000] {logging_mixin.py:190} INFO - [2026-10-02T10:44:33.720+0000] {dag.py:4180} INFO - Setting next_dagrun for water_quality_training_pipeline to None, run_after=None
[2026-10-02T10:44:33.742+0000] {processor.py:208} INFO - Processing /opt/airflow/dags/water_quality_pipeline_dag.py took 0.118 seconds
[2026-10-02T10:45:03.887+0000] {processor.py:186} INFO - Started process (PID=5965) to work on /opt/airflow/dags/water_quality_pipeline_dag.py
[2026-10-02T10:45:03.888+0000] {processor.py:914} INFO - Processing file /opt/airflow/dags/water_quality_pipeline_dag.py for tasks to queue
[2026-10-02T10:45:03.891+0000] {logging_mixin.py:190} INFO - [2026-10-02T10:45:03.890+0000] {dagbag.py:588} INFO - Filling up the DagBag from /opt/airflow/dags/water_quality_pipeline_dag.py
[2026-10-02T10:45:03.905+0000] {processor.py:925} INFO - DAG(s) 'water_quality_training_pipeline' retrieved from /opt/airflow/dags/water_quality_pipeline_dag.py
[2026-10-02T10:45:03.948+0000] {logging_mixin.py:190} INFO - [2026-10-02T10:45:03.947+0000] {dag.py:3239} INFO - Sync 1 DAGs
[2026-10-02T10:45:03.966+0000] {logging_mixin.py:190} INFO - [2026-10-02T10:45:03.966+0000] {dag.py:4180} INFO - Setting next_dagrun for water_quality_training_pipeline to None, run_after=None
[2026-10-02T10:45:03.993+0000] {processor.py:208} INFO - Processing /opt/airflow/dags/water_quality_pipeline_dag.py took 0.117 seconds
[2026-10-02T10:45:34.236+0000] {processor.py:186} INFO - Started process (PID=5985) to work on /opt/airflow/dags/water_quality_pipeline_dag.py
[2026-10-02T10:45:34.238+0000] {processor.py:914} INFO - Processing file /opt/airflow/dags/water_quality_pipeline_dag.py for tasks to queue
[2026-10-02T10:45:34.241+0000] {logging_mixin.py:190} INFO - [2026-10-02T10:45:34.241+0000] {dagbag.py:588} INFO - Filling up the DagBag from /opt/airflow/dags/water_quality_pipeline_dag.py
[2026-10-02T10:45:34.255+0000] {processor.py:925} INFO - DAG(s) 'water_quality_training_pipeline' retrieved from /opt/airflow/dags/water_quality_pipeline_dag.py
[2026-10-02T10:45:34.290+0000] {logging_mixin.py:190} INFO - [2026-10-02T10:45:34.289+0000] {dag.py:3239} INFO - Sync 1 DAGs
[2026-10-02T10:45:34.308+0000] {logging_mixin.py:190} INFO - [2026-10-02T10:45:34.308+0000] {dag.py:4180} INFO - Setting next_dagrun for water_quality_training_pipeline to None, run_after=None
[2026-10-02T10:45:34.333+0000] {processor.py:208} INFO - Processing /opt/airflow/dags/water_quality_pipeline_dag.py took 0.108 seconds
[2026-10-02T10:46:04.488+0000] {processor.py:186} INFO - Started process (PID=6013) to work on /opt/airflow/dags/water_quality_pipeline_dag.py
[2026-10-02T10:46:04.489+0000] {processor.py:914} INFO - Processing file /opt/airflow/dags/water_quality_pipeline_dag.py for tasks to queue
[2026-10-02T10:46:04.490+0000] {logging_mixin.py:190} INFO - [2026-10-02T10:46:04.490+0000] {dagbag.py:588} INFO - Filling up the DagBag from /opt/airflow/dags/water_quality_pipeline_dag.py
[2026-10-02T10:46:04.497+0000] {processor.py:925} INFO - DAG(s) 'water_quality_training_pipeline' retrieved from /opt/airflow/dags/water_quality_pipeline_dag.py
[2026-10-02T10:46:04.531+0000] {logging_mixin.py:190} INFO - [2026-10-02T10:46:04.531+0000] {dag.py:3239} INFO - Sync 1 DAGs
[2026-10-02T10:46:04.545+0000] {logging_mixin.py:190} INFO - [2026-10-02T10:46:04.545+0000] {dag.py:4180} INFO - Setting next_dagrun for water_quality_training_pipeline to None, run_after=None
[2026-10-02T10:46:04.563+0000] {processor.py:208} INFO - Processing /opt/airflow/dags/water_quality_pipeline_dag.py took 0.081 seconds
[2026-10-02T10:46:34.847+0000] {processor.py:186} INFO - Started process (PID=6034) to work on /opt/airflow/dags/water_quality_pipeline_dag.py
[2026-10-02T10:46:34.850+0000] {processor.py:914} INFO - Processing file /opt/airflow/dags/water_quality_pipeline_dag.py for tasks to queue
[2026-10-02T10:46:34.853+0000] {logging_mixin.py:190} INFO - [2026-10-02T10:46:34.853+0000] {dagbag.py:588} INFO - Filling up the DagBag from /opt/airflow/dags/water_quality_pipeline_dag.py
[2026-10-02T10:46:34.864+0000] {processor.py:925} INFO - DAG(s) 'water_quality_training_pipeline' retrieved from /opt/airflow/dags/water_quality_pipeline_dag.py
[2026-10-02T10:46:34.902+0000] {logging_mixin.py:190} INFO - [2026-10-02T10:46:34.902+0000] {dag.py:3239} INFO - Sync 1 DAGs
[2026-10-02T10:46:34.921+0000] {logging_mixin.py:190} INFO - [2026-10-02T10:46:34.920+0000] {dag.py:4180} INFO - Setting next_dagrun for water_quality_training_pipeline to None, run_after=None
[2026-10-02T10:46:34.949+0000] {processor.py:208} INFO - Processing /opt/airflow/dags/water_quality_pipeline_dag.py took 0.112 seconds
[2026-10-02T10:47:05.100+0000] {processor.py:186} INFO - Started process (PID=6055) to work on /opt/airflow/dags/water_quality_pipeline_dag.py
[2026-10-02T10:47:05.101+0000] {processor.py:914} INFO - Processing file /opt/airflow/dags/water_quality_pipeline_dag.py for tasks to queue
[2026-10-02T10:47:05.104+0000] {logging_mixin.py:190} INFO - [2026-10-02T10:47:05.104+0000] {dagbag.py:588} INFO - Filling up the DagBag from /opt/airflow/dags/water_quality_pipeline_dag.py
[2026-10-02T10:47:05.117+0000] {processor.py:925} INFO - DAG(s) 'water_quality_training_pipeline' retrieved from /opt/airflow/dags/water_quality_pipeline_dag.py
[2026-10-02T10:47:05.163+0000] {logging_mixin.py:190} INFO - [2026-10-02T10:47:05.162+0000] {dag.py:3239} INFO - Sync 1 DAGs
[2026-10-02T10:47:05.322+0000] {logging_mixin.py:190} INFO - [2026-10-02T10:47:05.322+0000] {dag.py:4180} INFO - Setting next_dagrun for water_quality_training_pipeline to None, run_after=None
[2026-10-02T10:47:05.342+0000] {processor.py:208} INFO - Processing /opt/airflow/dags/water_quality_pipeline_dag.py took 0.254 seconds
[2026-10-02T10:47:35.453+0000] {processor.py:186} INFO - Started process (PID=6084) to work on /opt/airflow/dags/water_quality_pipeline_dag.py
[2026-10-02T10:47:35.455+0000] {processor.py:914} INFO - Processing file /opt/airflow/dags/water_quality_pipeline_dag.py for tasks to queue
[2026-10-02T10:47:35.460+0000] {logging_mixin.py:190} INFO - [2026-10-02T10:47:35.459+0000] {dagbag.py:588} INFO - Filling up the DagBag from /opt/airflow/dags/water_quality_pipeline_dag.py
[2026-10-02T10:47:35.473+0000] {processor.py:925} INFO - DAG(s) 'water_quality_training_pipeline' retrieved from /opt/airflow/dags/water_quality_pipeline_dag.py
[2026-10-02T10:47:35.516+0000] {logging_mixin.py:190} INFO - [2026-10-02T10:47:35.516+0000] {dag.py:3239} INFO - Sync 1 DAGs
[2026-10-02T10:47:35.534+0000] {logging_mixin.py:190} INFO - [2026-10-02T10:47:35.533+0000] {dag.py:4180} INFO - Setting next_dagrun for water_quality_training_pipeline to None, run_after=None
[2026-10-02T10:47:35.558+0000] {processor.py:208} INFO - Processing /opt/airflow/dags/water_quality_pipeline_dag.py took 0.117 seconds
[2026-10-02T10:48:05.704+0000] {processor.py:186} INFO - Started process (PID=6105) to work on /opt/airflow/dags/water_quality_pipeline_dag.py
[2026-10-02T10:48:05.705+0000] {processor.py:914} INFO - Processing file /opt/airflow/dags/water_quality_pipeline_dag.py for tasks to queue
[2026-10-02T10:48:05.709+0000] {logging_mixin.py:190} INFO - [2026-10-02T10:48:05.708+0000] {dagbag.py:588} INFO - Filling up the DagBag from /opt/airflow/dags/water_quality_pipeline_dag.py
[2026-10-02T10:48:05.722+0000] {processor.py:925} INFO - DAG(s) 'water_quality_training_pipeline' retrieved from /opt/airflow/dags/water_quality_pipeline_dag.py
[2026-10-02T10:48:05.757+0000] {logging_mixin.py:190} INFO - [2026-10-02T10:48:05.756+0000] {dag.py:3239} INFO - Sync 1 DAGs
[2026-10-02T10:48:05.777+0000] {logging_mixin.py:190} INFO - [2026-10-02T10:48:05.777+0000] {dag.py:4180} INFO - Setting next_dagrun for water_quality_training_pipeline to None, run_after=None
[2026-10-02T10:48:05.804+0000] {processor.py:208} INFO - Processing /opt/airflow/dags/water_quality_pipeline_dag.py took 0.109 seconds
[2026-10-02T10:48:36.060+0000] {processor.py:186} INFO - Started process (PID=6131) to work on /opt/airflow/dags/water_quality_pipeline_dag.py
[2026-10-02T10:48:36.062+0000] {processor.py:914} INFO - Processing file /opt/airflow/dags/water_quality_pipeline_dag.py for tasks to queue
[2026-10-02T10:48:36.065+0000] {logging_mixin.py:190} INFO - [2026-10-02T10:48:36.065+0000] {dagbag.py:588} INFO - Filling up the DagBag from /opt/airflow/dags/water_quality_pipeline_dag.py
[2026-10-02T10:48:36.078+0000] {processor.py:925} INFO - DAG(s) 'water_quality_training_pipeline' retrieved from /opt/airflow/dags/water_quality_pipeline_dag.py
[2026-10-02T10:48:36.121+0000] {logging_mixin.py:190} INFO - [2026-10-02T10:48:36.120+0000] {dag.py:3239} INFO - Sync 1 DAGs
[2026-10-02T10:48:36.141+0000] {logging_mixin.py:190} INFO - [2026-10-02T10:48:36.141+0000] {dag.py:4180} INFO - Setting next_dagrun for water_quality_training_pipeline to None, run_after=None
[2026-10-02T10:48:36.164+0000] {processor.py:208} INFO - Processing /opt/airflow/dags/water_quality_pipeline_dag.py took 0.115 seconds
[2026-10-02T10:49:06.318+0000] {processor.py:186} INFO - Started process (PID=6153) to work on /opt/airflow/dags/water_quality_pipeline_dag.py
[2026-10-02T10:49:06.319+0000] {processor.py:914} INFO - Processing file /opt/airflow/dags/water_quality_pipeline_dag.py for tasks to queue
[2026-10-02T10:49:06.324+0000] {logging_mixin.py:190} INFO - [2026-10-02T10:49:06.323+0000] {dagbag.py:588} INFO - Filling up the DagBag from /opt/airflow/dags/water_quality_pipeline_dag.py
[2026-10-02T10:49:06.334+0000] {processor.py:925} INFO - DAG(s) 'water_quality_training_pipeline' retrieved from /opt/airflow/dags/water_quality_pipeline_dag.py
[2026-10-02T10:49:06.373+0000] {logging_mixin.py:190} INFO - [2026-10-02T10:49:06.373+0000] {dag.py:3239} INFO - Sync 1 DAGs
[2026-10-02T10:49:06.394+0000] {logging_mixin.py:190} INFO - [2026-10-02T10:49:06.394+0000] {dag.py:4180} INFO - Setting next_dagrun for water_quality_training_pipeline to None, run_after=None
[2026-10-02T10:49:06.418+0000] {processor.py:208} INFO - Processing /opt/airflow/dags/water_quality_pipeline_dag.py took 0.111 seconds
[2026-10-02T10:49:36.698+0000] {processor.py:186} INFO - Started process (PID=6174) to work on /opt/airflow/dags/water_quality_pipeline_dag.py
[2026-10-02T10:49:36.700+0000] {processor.py:914} INFO - Processing file /opt/airflow/dags/water_quality_pipeline_dag.py for tasks to queue
[2026-10-02T10:49:36.704+0000] {logging_mixin.py:190} INFO - [2026-10-02T10:49:36.703+0000] {dagbag.py:588} INFO - Filling up the DagBag from /opt/airflow/dags/water_quality_pipeline_dag.py
[2026-10-02T10:49:36.725+0000] {processor.py:925} INFO - DAG(s) 'water_quality_training_pipeline' retrieved from /opt/airflow/dags/water_quality_pipeline_dag.py
[2026-10-02T10:49:36.767+0000] {logging_mixin.py:190} INFO - [2026-10-02T10:49:36.767+0000] {dag.py:3239} INFO - Sync 1 DAGs
[2026-10-02T10:49:36.784+0000] {logging_mixin.py:190} INFO - [2026-10-02T10:49:36.784+0000] {dag.py:4180} INFO - Setting next_dagrun for water_quality_training_pipeline to None, run_after=None
[2026-10-02T10:49:36.974+0000] {processor.py:208} INFO - Processing /opt/airflow/dags/water_quality_pipeline_dag.py took 0.284 seconds
[2026-10-02T10:50:07.254+0000] {processor.py:186} INFO - Started process (PID=6202) to work on /opt/airflow/dags/water_quality_pipeline_dag.py
[2026-10-02T10:50:07.255+0000] {processor.py:914} INFO - Processing file /opt/airflow/dags/water_quality_pipeline_dag.py for tasks to queue
[2026-10-02T10:50:07.258+0000] {logging_mixin.py:190} INFO - [2026-10-02T10:50:07.258+0000] {dagbag.py:588} INFO - Filling up the DagBag from /opt/airflow/dags/water_quality_pipeline_dag.py
[2026-10-02T10:50:07.271+0000] {processor.py:925} INFO - DAG(s) 'water_quality_training_pipeline' retrieved from /opt/airflow/dags/water_quality_pipeline_dag.py
[2026-10-02T10:50:07.311+0000] {logging_mixin.py:190} INFO - [2026-10-02T10:50:07.311+0000] {dag.py:3239} INFO - Sync 1 DAGs
[2026-10-02T10:50:07.477+0000] {logging_mixin.py:190} INFO - [2026-10-02T10:50:07.477+0000] {dag.py:4180} INFO - Setting next_dagrun for water_quality_training_pipeline to None, run_after=None
[2026-10-02T10:50:07.501+0000] {processor.py:208} INFO - Processing /opt/airflow/dags/water_quality_pipeline_dag.py took 0.262 seconds
[2026-10-02T10:50:37.790+0000] {processor.py:186} INFO - Started process (PID=6223) to work on /opt/airflow/dags/water_quality_pipeline_dag.py
[2026-10-02T10:50:37.792+0000] {processor.py:914} INFO - Processing file /opt/airflow/dags/water_quality_pipeline_dag.py for tasks to queue
[2026-10-02T10:50:37.795+0000] {logging_mixin.py:190} INFO - [2026-10-02T10:50:37.794+0000] {dagbag.py:588} INFO - Filling up the DagBag from /opt/airflow/dags/water_quality_pipeline_dag.py
[2026-10-02T10:50:37.807+0000] {processor.py:925} INFO - DAG(s) 'water_quality_training_pipeline' retrieved from /opt/airflow/dags/water_quality_pipeline_dag.py
[2026-10-02T10:50:37.846+0000] {logging_mixin.py:190} INFO - [2026-10-02T10:50:37.846+0000] {dag.py:3239} INFO - Sync 1 DAGs
[2026-10-02T10:50:37.865+0000] {logging_mixin.py:190} INFO - [2026-10-02T10:50:37.865+0000] {dag.py:4180} INFO - Setting next_dagrun for water_quality_training_pipeline to None, run_after=None
[2026-10-02T10:50:37.889+0000] {processor.py:208} INFO - Processing /opt/airflow/dags/water_quality_pipeline_dag.py took 0.113 seconds
[2026-10-02T10:51:08.033+0000] {processor.py:186} INFO - Started process (PID=6251) to work on /opt/airflow/dags/water_quality_pipeline_dag.py
[2026-10-02T10:51:08.034+0000] {processor.py:914} INFO - Processing file /opt/airflow/dags/water_quality_pipeline_dag.py for tasks to queue
[2026-10-02T10:51:08.036+0000] {logging_mixin.py:190} INFO - [2026-10-02T10:51:08.036+0000] {dagbag.py:588} INFO - Filling up the DagBag from /opt/airflow/dags/water_quality_pipeline_dag.py
[2026-10-02T10:51:08.048+0000] {processor.py:925} INFO - DAG(s) 'water_quality_training_pipeline' retrieved from /opt/airflow/dags/water_quality_pipeline_dag.py
[2026-10-02T10:51:08.091+0000] {logging_mixin.py:190} INFO - [2026-10-02T10:51:08.090+0000] {dag.py:3239} INFO - Sync 1 DAGs
[2026-10-02T10:51:08.108+0000] {logging_mixin.py:190} INFO - [2026-10-02T10:51:08.108+0000] {dag.py:4180} INFO - Setting next_dagrun for water_quality_training_pipeline to None, run_after=None
[2026-10-02T10:51:08.130+0000] {processor.py:208} INFO - Processing /opt/airflow/dags/water_quality_pipeline_dag.py took 0.110 seconds
[2026-10-02T10:51:38.405+0000] {processor.py:186} INFO - Started process (PID=6273) to work on /opt/airflow/dags/water_quality_pipeline_dag.py
[2026-10-02T10:51:38.408+0000] {processor.py:914} INFO - Processing file /opt/airflow/dags/water_quality_pipeline_dag.py for tasks to queue
[2026-10-02T10:51:38.412+0000] {logging_mixin.py:190} INFO - [2026-10-02T10:51:38.411+0000] {dagbag.py:588} INFO - Filling up the DagBag from /opt/airflow/dags/water_quality_pipeline_dag.py
[2026-10-02T10:51:38.429+0000] {processor.py:925} INFO - DAG(s) 'water_quality_training_pipeline' retrieved from /opt/airflow/dags/water_quality_pipeline_dag.py
[2026-10-02T10:51:38.473+0000] {logging_mixin.py:190} INFO - [2026-10-02T10:51:38.473+0000] {dag.py:3239} INFO - Sync 1 DAGs
[2026-10-02T10:51:38.491+0000] {logging_mixin.py:190} INFO - [2026-10-02T10:51:38.491+0000] {dag.py:4180} INFO - Setting next_dagrun for water_quality_training_pipeline to None, run_after=None
[2026-10-02T10:51:38.512+0000] {processor.py:208} INFO - Processing /opt/airflow/dags/water_quality_pipeline_dag.py took 0.118 seconds
[2026-10-02T10:52:08.657+0000] {processor.py:186} INFO - Started process (PID=6294) to work on /opt/airflow/dags/water_quality_pipeline_dag.py
[2026-10-02T10:52:08.658+0000] {processor.py:914} INFO - Processing file /opt/airflow/dags/water_quality_pipeline_dag.py for tasks to queue
[2026-10-02T10:52:08.662+0000] {logging_mixin.py:190} INFO - [2026-10-02T10:52:08.661+0000] {dagbag.py:588} INFO - Filling up the DagBag from /opt/airflow/dags/water_quality_pipeline_dag.py
[2026-10-02T10:52:08.674+0000] {processor.py:925} INFO - DAG(s) 'water_quality_training_pipeline' retrieved from /opt/airflow/dags/water_quality_pipeline_dag.py
[2026-10-02T10:52:08.715+0000] {logging_mixin.py:190} INFO - [2026-10-02T10:52:08.715+0000] {dag.py:3239} INFO - Sync 1 DAGs
[2026-10-02T10:52:08.734+0000] {logging_mixin.py:190} INFO - [2026-10-02T10:52:08.734+0000] {dag.py:4180} INFO - Setting next_dagrun for water_quality_training_pipeline to None, run_after=None
[2026-10-02T10:52:08.753+0000] {processor.py:208} INFO - Processing /opt/airflow/dags/water_quality_pipeline_dag.py took 0.106 seconds
[2026-10-02T10:52:39.008+0000] {processor.py:186} INFO - Started process (PID=6322) to work on /opt/airflow/dags/water_quality_pipeline_dag.py
[2026-10-02T10:52:39.011+0000] {processor.py:914} INFO - Processing file /opt/airflow/dags/water_quality_pipeline_dag.py for tasks to queue
[2026-10-02T10:52:39.014+0000] {logging_mixin.py:190} INFO - [2026-10-02T10:52:39.013+0000] {dagbag.py:588} INFO - Filling up the DagBag from /opt/airflow/dags/water_quality_pipeline_dag.py
[2026-10-02T10:52:39.026+0000] {processor.py:925} INFO - DAG(s) 'water_quality_training_pipeline' retrieved from /opt/airflow/dags/water_quality_pipeline_dag.py
[2026-10-02T10:52:39.068+0000] {logging_mixin.py:190} INFO - [2026-10-02T10:52:39.067+0000] {dag.py:3239} INFO - Sync 1 DAGs
[2026-10-02T10:52:39.084+0000] {logging_mixin.py:190} INFO - [2026-10-02T10:52:39.084+0000] {dag.py:4180} INFO - Setting next_dagrun for water_quality_training_pipeline to None, run_after=None
[2026-10-02T10:52:39.258+0000] {processor.py:208} INFO - Processing /opt/airflow/dags/water_quality_pipeline_dag.py took 0.258 seconds
[2026-10-02T10:53:09.565+0000] {processor.py:186} INFO - Started process (PID=6343) to work on /opt/airflow/dags/water_quality_pipeline_dag.py
[2026-10-02T10:53:09.566+0000] {processor.py:914} INFO - Processing file /opt/airflow/dags/water_quality_pipeline_dag.py for tasks to queue
[2026-10-02T10:53:09.569+0000] {logging_mixin.py:190} INFO - [2026-10-02T10:53:09.569+0000] {dagbag.py:588} INFO - Filling up the DagBag from /opt/airflow/dags/water_quality_pipeline_dag.py
[2026-10-02T10:53:09.581+0000] {processor.py:925} INFO - DAG(s) 'water_quality_training_pipeline' retrieved from /opt/airflow/dags/water_quality_pipeline_dag.py
[2026-10-02T10:53:09.620+0000] {logging_mixin.py:190} INFO - [2026-10-02T10:53:09.620+0000] {dag.py:3239} INFO - Sync 1 DAGs
[2026-10-02T10:53:09.634+0000] {logging_mixin.py:190} INFO - [2026-10-02T10:53:09.634+0000] {dag.py:4180} INFO - Setting next_dagrun for water_quality_training_pipeline to None, run_after=None
[2026-10-02T10:53:09.654+0000] {processor.py:208} INFO - Processing /opt/airflow/dags/water_quality_pipeline_dag.py took 0.098 seconds
[2026-10-02T10:53:39.827+0000] {processor.py:186} INFO - Started process (PID=6371) to work on /opt/airflow/dags/water_quality_pipeline_dag.py
[2026-10-02T10:53:39.830+0000] {processor.py:914} INFO - Processing file /opt/airflow/dags/water_quality_pipeline_dag.py for tasks to queue
[2026-10-02T10:53:39.835+0000] {logging_mixin.py:190} INFO - [2026-10-02T10:53:39.834+0000] {dagbag.py:588} INFO - Filling up the DagBag from /opt/airflow/dags/water_quality_pipeline_dag.py
[2026-10-02T10:53:39.850+0000] {processor.py:925} INFO - DAG(s) 'water_quality_training_pipeline' retrieved from /opt/airflow/dags/water_quality_pipeline_dag.py
[2026-10-02T10:53:39.888+0000] {logging_mixin.py:190} INFO - [2026-10-02T10:53:39.888+0000] {dag.py:3239} INFO - Sync 1 DAGs
[2026-10-02T10:53:39.908+0000] {logging_mixin.py:190} INFO - [2026-10-02T10:53:39.908+0000] {dag.py:4180} INFO - Setting next_dagrun for water_quality_training_pipeline to None, run_after=None
[2026-10-02T10:53:39.934+0000] {processor.py:208} INFO - Processing /opt/airflow/dags/water_quality_pipeline_dag.py took 0.123 seconds
[2026-10-02T10:54:10.178+0000] {processor.py:186} INFO - Started process (PID=6393) to work on /opt/airflow/dags/water_quality_pipeline_dag.py
[2026-10-02T10:54:10.179+0000] {processor.py:914} INFO - Processing file /opt/airflow/dags/water_quality_pipeline_dag.py for tasks to queue
[2026-10-02T10:54:10.182+0000] {logging_mixin.py:190} INFO - [2026-10-02T10:54:10.182+0000] {dagbag.py:588} INFO - Filling up the DagBag from /opt/airflow/dags/water_quality_pipeline_dag.py
[2026-10-02T10:54:10.196+0000] {processor.py:925} INFO - DAG(s) 'water_quality_training_pipeline' retrieved from /opt/airflow/dags/water_quality_pipeline_dag.py
[2026-10-02T10:54:10.234+0000] {logging_mixin.py:190} INFO - [2026-10-02T10:54:10.234+0000] {dag.py:3239} INFO - Sync 1 DAGs
[2026-10-02T10:54:10.255+0000] {logging_mixin.py:190} INFO - [2026-10-02T10:54:10.255+0000] {dag.py:4180} INFO - Setting next_dagrun for water_quality_training_pipeline to None, run_after=None
[2026-10-02T10:54:10.291+0000] {processor.py:208} INFO - Processing /opt/airflow/dags/water_quality_pipeline_dag.py took 0.122 seconds
[2026-10-02T10:54:40.483+0000] {processor.py:186} INFO - Started process (PID=6415) to work on /opt/airflow/dags/water_quality_pipeline_dag.py
[2026-10-02T10:54:40.486+0000] {processor.py:914} INFO - Processing file /opt/airflow/dags/water_quality_pipeline_dag.py for tasks to queue
[2026-10-02T10:54:40.489+0000] {logging_mixin.py:190} INFO - [2026-10-02T10:54:40.489+0000] {dagbag.py:588} INFO - Filling up the DagBag from /opt/airflow/dags/water_quality_pipeline_dag.py
[2026-10-02T10:54:40.503+0000] {processor.py:925} INFO - DAG(s) 'water_quality_training_pipeline' retrieved from /opt/airflow/dags/water_quality_pipeline_dag.py
[2026-10-02T10:54:40.548+0000] {logging_mixin.py:190} INFO - [2026-10-02T10:54:40.548+0000] {dag.py:3239} INFO - Sync 1 DAGs
[2026-10-02T10:54:40.568+0000] {logging_mixin.py:190} INFO - [2026-10-02T10:54:40.568+0000] {dag.py:4180} INFO - Setting next_dagrun for water_quality_training_pipeline to None, run_after=None
[2026-10-02T10:54:40.590+0000] {processor.py:208} INFO - Processing /opt/airflow/dags/water_quality_pipeline_dag.py took 0.119 seconds
[2026-10-02T10:55:10.825+0000] {processor.py:186} INFO - Started process (PID=6444) to work on /opt/airflow/dags/water_quality_pipeline_dag.py
[2026-10-02T10:55:10.827+0000] {processor.py:914} INFO - Processing file /opt/airflow/dags/water_quality_pipeline_dag.py for tasks to queue
[2026-10-02T10:55:10.832+0000] {logging_mixin.py:190} INFO - [2026-10-02T10:55:10.831+0000] {dagbag.py:588} INFO - Filling up the DagBag from /opt/airflow/dags/water_quality_pipeline_dag.py
[2026-10-02T10:55:10.845+0000] {processor.py:925} INFO - DAG(s) 'water_quality_training_pipeline' retrieved from /opt/airflow/dags/water_quality_pipeline_dag.py
[2026-10-02T10:55:10.881+0000] {logging_mixin.py:190} INFO - [2026-10-02T10:55:10.880+0000] {dag.py:3239} INFO - Sync 1 DAGs
[2026-10-02T10:55:10.901+0000] {logging_mixin.py:190} INFO - [2026-10-02T10:55:10.900+0000] {dag.py:4180} INFO - Setting next_dagrun for water_quality_training_pipeline to None, run_after=None
[2026-10-02T10:55:10.924+0000] {processor.py:208} INFO - Processing /opt/airflow/dags/water_quality_pipeline_dag.py took 0.114 seconds
[2026-10-02T10:55:41.096+0000] {processor.py:186} INFO - Started process (PID=6465) to work on /opt/airflow/dags/water_quality_pipeline_dag.py
[2026-10-02T10:55:41.098+0000] {processor.py:914} INFO - Processing file /opt/airflow/dags/water_quality_pipeline_dag.py for tasks to queue
[2026-10-02T10:55:41.102+0000] {logging_mixin.py:190} INFO - [2026-10-02T10:55:41.101+0000] {dagbag.py:588} INFO - Filling up the DagBag from /opt/airflow/dags/water_quality_pipeline_dag.py
[2026-10-02T10:55:41.115+0000] {processor.py:925} INFO - DAG(s) 'water_quality_training_pipeline' retrieved from /opt/airflow/dags/water_quality_pipeline_dag.py
[2026-10-02T10:55:41.155+0000] {logging_mixin.py:190} INFO - [2026-10-02T10:55:41.154+0000] {dag.py:3239} INFO - Sync 1 DAGs
[2026-10-02T10:55:41.317+0000] {logging_mixin.py:190} INFO - [2026-10-02T10:55:41.316+0000] {dag.py:4180} INFO - Setting next_dagrun for water_quality_training_pipeline to None, run_after=None
[2026-10-02T10:55:41.342+0000] {processor.py:208} INFO - Processing /opt/airflow/dags/water_quality_pipeline_dag.py took 0.255 seconds
[2026-10-02T10:56:11.433+0000] {processor.py:186} INFO - Started process (PID=6486) to work on /opt/airflow/dags/water_quality_pipeline_dag.py
[2026-10-02T10:56:11.434+0000] {processor.py:914} INFO - Processing file /opt/airflow/dags/water_quality_pipeline_dag.py for tasks to queue
[2026-10-02T10:56:11.438+0000] {logging_mixin.py:190} INFO - [2026-10-02T10:56:11.438+0000] {dagbag.py:588} INFO - Filling up the DagBag from /opt/airflow/dags/water_quality_pipeline_dag.py
[2026-10-02T10:56:11.452+0000] {processor.py:925} INFO - DAG(s) 'water_quality_training_pipeline' retrieved from /opt/airflow/dags/water_quality_pipeline_dag.py
[2026-10-02T10:56:11.495+0000] {logging_mixin.py:190} INFO - [2026-10-02T10:56:11.495+0000] {dag.py:3239} INFO - Sync 1 DAGs
[2026-10-02T10:56:11.516+0000] {logging_mixin.py:190} INFO - [2026-10-02T10:56:11.516+0000] {dag.py:4180} INFO - Setting next_dagrun for water_quality_training_pipeline to None, run_after=None
[2026-10-02T10:56:11.545+0000] {processor.py:208} INFO - Processing /opt/airflow/dags/water_quality_pipeline_dag.py took 0.124 seconds
[2026-10-02T10:56:41.672+0000] {processor.py:186} INFO - Started process (PID=6515) to work on /opt/airflow/dags/water_quality_pipeline_dag.py
[2026-10-02T10:56:41.674+0000] {processor.py:914} INFO - Processing file /opt/airflow/dags/water_quality_pipeline_dag.py for tasks to queue
[2026-10-02T10:56:41.679+0000] {logging_mixin.py:190} INFO - [2026-10-02T10:56:41.678+0000] {dagbag.py:588} INFO - Filling up the DagBag from /opt/airflow/dags/water_quality_pipeline_dag.py
[2026-10-02T10:56:41.692+0000] {processor.py:925} INFO - DAG(s) 'water_quality_training_pipeline' retrieved from /opt/airflow/dags/water_quality_pipeline_dag.py
[2026-10-02T10:56:41.733+0000] {logging_mixin.py:190} INFO - [2026-10-02T10:56:41.733+0000] {dag.py:3239} INFO - Sync 1 DAGs
[2026-10-02T10:56:41.753+0000] {logging_mixin.py:190} INFO - [2026-10-02T10:56:41.753+0000] {dag.py:4180} INFO - Setting next_dagrun for water_quality_training_pipeline to None, run_after=None
[2026-10-02T10:56:41.775+0000] {processor.py:208} INFO - Processing /opt/airflow/dags/water_quality_pipeline_dag.py took 0.113 seconds
[2026-10-02T10:57:11.922+0000] {processor.py:186} INFO - Started process (PID=6536) to work on /opt/airflow/dags/water_quality_pipeline_dag.py
[2026-10-02T10:57:11.924+0000] {processor.py:914} INFO - Processing file /opt/airflow/dags/water_quality_pipeline_dag.py for tasks to queue
[2026-10-02T10:57:11.928+0000] {logging_mixin.py:190} INFO - [2026-10-02T10:57:11.927+0000] {dagbag.py:588} INFO - Filling up the DagBag from /opt/airflow/dags/water_quality_pipeline_dag.py
[2026-10-02T10:57:11.941+0000] {processor.py:925} INFO - DAG(s) 'water_quality_training_pipeline' retrieved from /opt/airflow/dags/water_quality_pipeline_dag.py
[2026-10-02T10:57:11.986+0000] {logging_mixin.py:190} INFO - [2026-10-02T10:57:11.985+0000] {dag.py:3239} INFO - Sync 1 DAGs
[2026-10-02T10:57:12.004+0000] {logging_mixin.py:190} INFO - [2026-10-02T10:57:12.004+0000] {dag.py:4180} INFO - Setting next_dagrun for water_quality_training_pipeline to None, run_after=None
[2026-10-02T10:57:12.035+0000] {processor.py:208} INFO - Processing /opt/airflow/dags/water_quality_pipeline_dag.py took 0.122 seconds
[2026-10-02T10:57:42.260+0000] {processor.py:186} INFO - Started process (PID=6564) to work on /opt/airflow/dags/water_quality_pipeline_dag.py
[2026-10-02T10:57:42.262+0000] {processor.py:914} INFO - Processing file /opt/airflow/dags/water_quality_pipeline_dag.py for tasks to queue
[2026-10-02T10:57:42.269+0000] {logging_mixin.py:190} INFO - [2026-10-02T10:57:42.268+0000] {dagbag.py:588} INFO - Filling up the DagBag from /opt/airflow/dags/water_quality_pipeline_dag.py
[2026-10-02T10:57:42.282+0000] {processor.py:925} INFO - DAG(s) 'water_quality_training_pipeline' retrieved from /opt/airflow/dags/water_quality_pipeline_dag.py
[2026-10-02T10:57:42.323+0000] {logging_mixin.py:190} INFO - [2026-10-02T10:57:42.323+0000] {dag.py:3239} INFO - Sync 1 DAGs
[2026-10-02T10:57:42.342+0000] {logging_mixin.py:190} INFO - [2026-10-02T10:57:42.341+0000] {dag.py:4180} INFO - Setting next_dagrun for water_quality_training_pipeline to None, run_after=None
[2026-10-02T10:57:42.362+0000] {processor.py:208} INFO - Processing /opt/airflow/dags/water_quality_pipeline_dag.py took 0.112 seconds
[2026-10-02T10:58:12.541+0000] {processor.py:186} INFO - Started process (PID=6586) to work on /opt/airflow/dags/water_quality_pipeline_dag.py
[2026-10-02T10:58:12.542+0000] {processor.py:914} INFO - Processing file /opt/airflow/dags/water_quality_pipeline_dag.py for tasks to queue
[2026-10-02T10:58:12.546+0000] {logging_mixin.py:190} INFO - [2026-10-02T10:58:12.545+0000] {dagbag.py:588} INFO - Filling up the DagBag from /opt/airflow/dags/water_quality_pipeline_dag.py
[2026-10-02T10:58:12.561+0000] {processor.py:925} INFO - DAG(s) 'water_quality_training_pipeline' retrieved from /opt/airflow/dags/water_quality_pipeline_dag.py
[2026-10-02T10:58:12.599+0000] {logging_mixin.py:190} INFO - [2026-10-02T10:58:12.599+0000] {dag.py:3239} INFO - Sync 1 DAGs
[2026-10-02T10:58:12.619+0000] {logging_mixin.py:190} INFO - [2026-10-02T10:58:12.619+0000] {dag.py:4180} INFO - Setting next_dagrun for water_quality_training_pipeline to None, run_after=None
[2026-10-02T10:58:12.644+0000] {processor.py:208} INFO - Processing /opt/airflow/dags/water_quality_pipeline_dag.py took 0.113 seconds
[2026-10-02T11:04:16.315+0000] {processor.py:186} INFO - Started process (PID=6591) to work on /opt/airflow/dags/water_quality_pipeline_dag.py
[2026-10-02T11:04:16.316+0000] {processor.py:914} INFO - Processing file /opt/airflow/dags/water_quality_pipeline_dag.py for tasks to queue
[2026-10-02T11:04:16.318+0000] {logging_mixin.py:190} INFO - [2026-10-02T11:04:16.318+0000] {dagbag.py:588} INFO - Filling up the DagBag from /opt/airflow/dags/water_quality_pipeline_dag.py
[2026-10-02T11:04:16.330+0000] {processor.py:925} INFO - DAG(s) 'water_quality_training_pipeline' retrieved from /opt/airflow/dags/water_quality_pipeline_dag.py
[2026-10-02T11:04:16.361+0000] {logging_mixin.py:190} INFO - [2026-10-02T11:04:16.361+0000] {dag.py:3239} INFO - Sync 1 DAGs
[2026-10-02T11:04:16.385+0000] {logging_mixin.py:190} INFO - [2026-10-02T11:04:16.385+0000] {dag.py:4180} INFO - Setting next_dagrun for water_quality_training_pipeline to None, run_after=None
[2026-10-02T11:04:16.608+0000] {processor.py:208} INFO - Processing /opt/airflow/dags/water_quality_pipeline_dag.py took 0.301 seconds
[2026-10-02T11:06:13.349+0000] {processor.py:186} INFO - Started process (PID=6621) to work on /opt/airflow/dags/water_quality_pipeline_dag.py
[2026-10-02T11:06:13.350+0000] {processor.py:914} INFO - Processing file /opt/airflow/dags/water_quality_pipeline_dag.py for tasks to queue
[2026-10-02T11:06:13.354+0000] {logging_mixin.py:190} INFO - [2026-10-02T11:06:13.354+0000] {dagbag.py:588} INFO - Filling up the DagBag from /opt/airflow/dags/water_quality_pipeline_dag.py
[2026-10-02T11:06:13.373+0000] {processor.py:925} INFO - DAG(s) 'water_quality_training_pipeline' retrieved from /opt/airflow/dags/water_quality_pipeline_dag.py
[2026-10-02T11:06:13.409+0000] {logging_mixin.py:190} INFO - [2026-10-02T11:06:13.409+0000] {dag.py:3239} INFO - Sync 1 DAGs
[2026-10-02T11:06:13.576+0000] {logging_mixin.py:190} INFO - [2026-10-02T11:06:13.576+0000] {dag.py:4180} INFO - Setting next_dagrun for water_quality_training_pipeline to None, run_after=None
[2026-10-02T11:06:13.600+0000] {processor.py:208} INFO - Processing /opt/airflow/dags/water_quality_pipeline_dag.py took 0.262 seconds
[2026-10-02T11:06:43.873+0000] {processor.py:186} INFO - Started process (PID=6641) to work on /opt/airflow/dags/water_quality_pipeline_dag.py
[2026-10-02T11:06:43.874+0000] {processor.py:914} INFO - Processing file /opt/airflow/dags/water_quality_pipeline_dag.py for tasks to queue
[2026-10-02T11:06:43.878+0000] {logging_mixin.py:190} INFO - [2026-10-02T11:06:43.877+0000] {dagbag.py:588} INFO - Filling up the DagBag from /opt/airflow/dags/water_quality_pipeline_dag.py
[2026-10-02T11:06:43.891+0000] {processor.py:925} INFO - DAG(s) 'water_quality_training_pipeline' retrieved from /opt/airflow/dags/water_quality_pipeline_dag.py
[2026-10-02T11:06:43.935+0000] {logging_mixin.py:190} INFO - [2026-10-02T11:06:43.934+0000] {dag.py:3239} INFO - Sync 1 DAGs
[2026-10-02T11:06:43.953+0000] {logging_mixin.py:190} INFO - [2026-10-02T11:06:43.953+0000] {dag.py:4180} INFO - Setting next_dagrun for water_quality_training_pipeline to None, run_after=None
[2026-10-02T11:06:43.982+0000] {processor.py:208} INFO - Processing /opt/airflow/dags/water_quality_pipeline_dag.py took 0.120 seconds
[2026-10-02T11:07:14.112+0000] {processor.py:186} INFO - Started process (PID=6661) to work on /opt/airflow/dags/water_quality_pipeline_dag.py
[2026-10-02T11:07:14.115+0000] {processor.py:914} INFO - Processing file /opt/airflow/dags/water_quality_pipeline_dag.py for tasks to queue
[2026-10-02T11:07:14.119+0000] {logging_mixin.py:190} INFO - [2026-10-02T11:07:14.118+0000] {dagbag.py:588} INFO - Filling up the DagBag from /opt/airflow/dags/water_quality_pipeline_dag.py
[2026-10-02T11:07:14.133+0000] {processor.py:925} INFO - DAG(s) 'water_quality_training_pipeline' retrieved from /opt/airflow/dags/water_quality_pipeline_dag.py
[2026-10-02T11:07:14.170+0000] {logging_mixin.py:190} INFO - [2026-10-02T11:07:14.170+0000] {dag.py:3239} INFO - Sync 1 DAGs
[2026-10-02T11:07:14.189+0000] {logging_mixin.py:190} INFO - [2026-10-02T11:07:14.189+0000] {dag.py:4180} INFO - Setting next_dagrun for water_quality_training_pipeline to None, run_after=None
[2026-10-02T11:07:14.211+0000] {processor.py:208} INFO - Processing /opt/airflow/dags/water_quality_pipeline_dag.py took 0.108 seconds
[2026-10-02T11:07:44.476+0000] {processor.py:186} INFO - Started process (PID=6690) to work on /opt/airflow/dags/water_quality_pipeline_dag.py
[2026-10-02T11:07:44.477+0000] {processor.py:914} INFO - Processing file /opt/airflow/dags/water_quality_pipeline_dag.py for tasks to queue
[2026-10-02T11:07:44.481+0000] {logging_mixin.py:190} INFO - [2026-10-02T11:07:44.480+0000] {dagbag.py:588} INFO - Filling up the DagBag from /opt/airflow/dags/water_quality_pipeline_dag.py
[2026-10-02T11:07:44.496+0000] {processor.py:925} INFO - DAG(s) 'water_quality_training_pipeline' retrieved from /opt/airflow/dags/water_quality_pipeline_dag.py
[2026-10-02T11:07:44.544+0000] {logging_mixin.py:190} INFO - [2026-10-02T11:07:44.544+0000] {dag.py:3239} INFO - Sync 1 DAGs
[2026-10-02T11:07:44.564+0000] {logging_mixin.py:190} INFO - [2026-10-02T11:07:44.563+0000] {dag.py:4180} INFO - Setting next_dagrun for water_quality_training_pipeline to None, run_after=None
[2026-10-02T11:07:44.588+0000] {processor.py:208} INFO - Processing /opt/airflow/dags/water_quality_pipeline_dag.py took 0.124 seconds
[2026-10-02T11:08:14.735+0000] {processor.py:186} INFO - Started process (PID=6711) to work on /opt/airflow/dags/water_quality_pipeline_dag.py
[2026-10-02T11:08:14.736+0000] {processor.py:914} INFO - Processing file /opt/airflow/dags/water_quality_pipeline_dag.py for tasks to queue
[2026-10-02T11:08:14.740+0000] {logging_mixin.py:190} INFO - [2026-10-02T11:08:14.739+0000] {dagbag.py:588} INFO - Filling up the DagBag from /opt/airflow/dags/water_quality_pipeline_dag.py
[2026-10-02T11:08:14.755+0000] {processor.py:925} INFO - DAG(s) 'water_quality_training_pipeline' retrieved from /opt/airflow/dags/water_quality_pipeline_dag.py
[2026-10-02T11:08:14.797+0000] {logging_mixin.py:190} INFO - [2026-10-02T11:08:14.797+0000] {dag.py:3239} INFO - Sync 1 DAGs
[2026-10-02T11:08:14.815+0000] {logging_mixin.py:190} INFO - [2026-10-02T11:08:14.815+0000] {dag.py:4180} INFO - Setting next_dagrun for water_quality_training_pipeline to None, run_after=None
[2026-10-02T11:08:14.836+0000] {processor.py:208} INFO - Processing /opt/airflow/dags/water_quality_pipeline_dag.py took 0.113 seconds
[2026-10-02T11:08:45.089+0000] {processor.py:186} INFO - Started process (PID=6739) to work on /opt/airflow/dags/water_quality_pipeline_dag.py
[2026-10-02T11:08:45.091+0000] {processor.py:914} INFO - Processing file /opt/airflow/dags/water_quality_pipeline_dag.py for tasks to queue
[2026-10-02T11:08:45.095+0000] {logging_mixin.py:190} INFO - [2026-10-02T11:08:45.094+0000] {dagbag.py:588} INFO - Filling up the DagBag from /opt/airflow/dags/water_quality_pipeline_dag.py
[2026-10-02T11:08:45.109+0000] {processor.py:925} INFO - DAG(s) 'water_quality_training_pipeline' retrieved from /opt/airflow/dags/water_quality_pipeline_dag.py
[2026-10-02T11:08:45.147+0000] {logging_mixin.py:190} INFO - [2026-10-02T11:08:45.147+0000] {dag.py:3239} INFO - Sync 1 DAGs
[2026-10-02T11:08:45.166+0000] {logging_mixin.py:190} INFO - [2026-10-02T11:08:45.166+0000] {dag.py:4180} INFO - Setting next_dagrun for water_quality_training_pipeline to None, run_after=None
[2026-10-02T11:08:45.351+0000] {processor.py:208} INFO - Processing /opt/airflow/dags/water_quality_pipeline_dag.py took 0.270 seconds
[2026-10-02T11:09:15.647+0000] {processor.py:186} INFO - Started process (PID=6761) to work on /opt/airflow/dags/water_quality_pipeline_dag.py
[2026-10-02T11:09:15.648+0000] {processor.py:914} INFO - Processing file /opt/airflow/dags/water_quality_pipeline_dag.py for tasks to queue
[2026-10-02T11:09:15.651+0000] {logging_mixin.py:190} INFO - [2026-10-02T11:09:15.650+0000] {dagbag.py:588} INFO - Filling up the DagBag from /opt/airflow/dags/water_quality_pipeline_dag.py
[2026-10-02T11:09:15.665+0000] {processor.py:925} INFO - DAG(s) 'water_quality_training_pipeline' retrieved from /opt/airflow/dags/water_quality_pipeline_dag.py
[2026-10-02T11:09:15.704+0000] {logging_mixin.py:190} INFO - [2026-10-02T11:09:15.703+0000] {dag.py:3239} INFO - Sync 1 DAGs
[2026-10-02T11:09:15.861+0000] {logging_mixin.py:190} INFO - [2026-10-02T11:09:15.861+0000] {dag.py:4180} INFO - Setting next_dagrun for water_quality_training_pipeline to None, run_after=None
[2026-10-02T11:09:15.885+0000] {processor.py:208} INFO - Processing /opt/airflow/dags/water_quality_pipeline_dag.py took 0.246 seconds
[2026-10-02T11:09:46.168+0000] {processor.py:186} INFO - Started process (PID=6782) to work on /opt/airflow/dags/water_quality_pipeline_dag.py
[2026-10-02T11:09:46.168+0000] {processor.py:914} INFO - Processing file /opt/airflow/dags/water_quality_pipeline_dag.py for tasks to queue
[2026-10-02T11:09:46.171+0000] {logging_mixin.py:190} INFO - [2026-10-02T11:09:46.171+0000] {dagbag.py:588} INFO - Filling up the DagBag from /opt/airflow/dags/water_quality_pipeline_dag.py
[2026-10-02T11:09:46.182+0000] {processor.py:925} INFO - DAG(s) 'water_quality_training_pipeline' retrieved from /opt/airflow/dags/water_quality_pipeline_dag.py
[2026-10-02T11:09:46.220+0000] {logging_mixin.py:190} INFO - [2026-10-02T11:09:46.220+0000] {dag.py:3239} INFO - Sync 1 DAGs
[2026-10-02T11:09:46.239+0000] {logging_mixin.py:190} INFO - [2026-10-02T11:09:46.238+0000] {dag.py:4180} INFO - Setting next_dagrun for water_quality_training_pipeline to None, run_after=None
[2026-10-02T11:09:46.263+0000] {processor.py:208} INFO - Processing /opt/airflow/dags/water_quality_pipeline_dag.py took 0.106 seconds
[2026-10-02T11:10:16.386+0000] {processor.py:186} INFO - Started process (PID=6811) to work on /opt/airflow/dags/water_quality_pipeline_dag.py
[2026-10-02T11:10:16.388+0000] {processor.py:914} INFO - Processing file /opt/airflow/dags/water_quality_pipeline_dag.py for tasks to queue
[2026-10-02T11:10:16.390+0000] {logging_mixin.py:190} INFO - [2026-10-02T11:10:16.390+0000] {dagbag.py:588} INFO - Filling up the DagBag from /opt/airflow/dags/water_quality_pipeline_dag.py
[2026-10-02T11:10:16.395+0000] {processor.py:925} INFO - DAG(s) 'water_quality_training_pipeline' retrieved from /opt/airflow/dags/water_quality_pipeline_dag.py
[2026-10-02T11:10:16.413+0000] {logging_mixin.py:190} INFO - [2026-10-02T11:10:16.413+0000] {dag.py:3239} INFO - Sync 1 DAGs
[2026-10-02T11:10:16.422+0000] {logging_mixin.py:190} INFO - [2026-10-02T11:10:16.422+0000] {dag.py:4180} INFO - Setting next_dagrun for water_quality_training_pipeline to None, run_after=None
[2026-10-02T11:10:16.433+0000] {processor.py:208} INFO - Processing /opt/airflow/dags/water_quality_pipeline_dag.py took 0.050 seconds
[2026-10-02T11:10:46.560+0000] {processor.py:186} INFO - Started process (PID=6832) to work on /opt/airflow/dags/water_quality_pipeline_dag.py
[2026-10-02T11:10:46.561+0000] {processor.py:914} INFO - Processing file /opt/airflow/dags/water_quality_pipeline_dag.py for tasks to queue
[2026-10-02T11:10:46.563+0000] {logging_mixin.py:190} INFO - [2026-10-02T11:10:46.562+0000] {dagbag.py:588} INFO - Filling up the DagBag from /opt/airflow/dags/water_quality_pipeline_dag.py
[2026-10-02T11:10:46.569+0000] {processor.py:925} INFO - DAG(s) 'water_quality_training_pipeline' retrieved from /opt/airflow/dags/water_quality_pipeline_dag.py
[2026-10-02T11:10:46.589+0000] {logging_mixin.py:190} INFO - [2026-10-02T11:10:46.589+0000] {dag.py:3239} INFO - Sync 1 DAGs
[2026-10-02T11:10:46.598+0000] {logging_mixin.py:190} INFO - [2026-10-02T11:10:46.598+0000] {dag.py:4180} INFO - Setting next_dagrun for water_quality_training_pipeline to None, run_after=None
[2026-10-02T11:10:46.608+0000] {processor.py:208} INFO - Processing /opt/airflow/dags/water_quality_pipeline_dag.py took 0.053 seconds
[2026-10-02T11:11:16.764+0000] {processor.py:186} INFO - Started process (PID=6861) to work on /opt/airflow/dags/water_quality_pipeline_dag.py
[2026-10-02T11:11:16.766+0000] {processor.py:914} INFO - Processing file /opt/airflow/dags/water_quality_pipeline_dag.py for tasks to queue
[2026-10-02T11:11:16.768+0000] {logging_mixin.py:190} INFO - [2026-10-02T11:11:16.767+0000] {dagbag.py:588} INFO - Filling up the DagBag from /opt/airflow/dags/water_quality_pipeline_dag.py
[2026-10-02T11:11:16.773+0000] {processor.py:925} INFO - DAG(s) 'water_quality_training_pipeline' retrieved from /opt/airflow/dags/water_quality_pipeline_dag.py
[2026-10-02T11:11:16.795+0000] {logging_mixin.py:190} INFO - [2026-10-02T11:11:16.795+0000] {dag.py:3239} INFO - Sync 1 DAGs
[2026-10-02T11:11:16.804+0000] {logging_mixin.py:190} INFO - [2026-10-02T11:11:16.804+0000] {dag.py:4180} INFO - Setting next_dagrun for water_quality_training_pipeline to None, run_after=None
[2026-10-02T11:11:16.815+0000] {processor.py:208} INFO - Processing /opt/airflow/dags/water_quality_pipeline_dag.py took 0.056 seconds
[2026-10-02T11:11:46.932+0000] {processor.py:186} INFO - Started process (PID=6882) to work on /opt/airflow/dags/water_quality_pipeline_dag.py
[2026-10-02T11:11:46.933+0000] {processor.py:914} INFO - Processing file /opt/airflow/dags/water_quality_pipeline_dag.py for tasks to queue
[2026-10-02T11:11:46.934+0000] {logging_mixin.py:190} INFO - [2026-10-02T11:11:46.934+0000] {dagbag.py:588} INFO - Filling up the DagBag from /opt/airflow/dags/water_quality_pipeline_dag.py
[2026-10-02T11:11:46.939+0000] {processor.py:925} INFO - DAG(s) 'water_quality_training_pipeline' retrieved from /opt/airflow/dags/water_quality_pipeline_dag.py
[2026-10-02T11:11:46.959+0000] {logging_mixin.py:190} INFO - [2026-10-02T11:11:46.959+0000] {dag.py:3239} INFO - Sync 1 DAGs
[2026-10-02T11:11:47.095+0000] {logging_mixin.py:190} INFO - [2026-10-02T11:11:47.095+0000] {dag.py:4180} INFO - Setting next_dagrun for water_quality_training_pipeline to None, run_after=None
[2026-10-02T11:11:47.113+0000] {processor.py:208} INFO - Processing /opt/airflow/dags/water_quality_pipeline_dag.py took 0.185 seconds
[2026-10-02T11:12:17.158+0000] {processor.py:186} INFO - Started process (PID=6912) to work on /opt/airflow/dags/water_quality_pipeline_dag.py
[2026-10-02T11:12:17.160+0000] {processor.py:914} INFO - Processing file /opt/airflow/dags/water_quality_pipeline_dag.py for tasks to queue
[2026-10-02T11:12:17.162+0000] {logging_mixin.py:190} INFO - [2026-10-02T11:12:17.162+0000] {dagbag.py:588} INFO - Filling up the DagBag from /opt/airflow/dags/water_quality_pipeline_dag.py
[2026-10-02T11:12:17.167+0000] {processor.py:925} INFO - DAG(s) 'water_quality_training_pipeline' retrieved from /opt/airflow/dags/water_quality_pipeline_dag.py
[2026-10-02T11:12:17.185+0000] {logging_mixin.py:190} INFO - [2026-10-02T11:12:17.185+0000] {dag.py:3239} INFO - Sync 1 DAGs
[2026-10-02T11:12:17.195+0000] {logging_mixin.py:190} INFO - [2026-10-02T11:12:17.195+0000] {dag.py:4180} INFO - Setting next_dagrun for water_quality_training_pipeline to None, run_after=None
[2026-10-02T11:12:17.206+0000] {processor.py:208} INFO - Processing /opt/airflow/dags/water_quality_pipeline_dag.py took 0.053 seconds
[2026-10-02T11:12:47.365+0000] {processor.py:186} INFO - Started process (PID=6940) to work on /opt/airflow/dags/water_quality_pipeline_dag.py
[2026-10-02T11:12:47.366+0000] {processor.py:914} INFO - Processing file /opt/airflow/dags/water_quality_pipeline_dag.py for tasks to queue
[2026-10-02T11:12:47.367+0000] {logging_mixin.py:190} INFO - [2026-10-02T11:12:47.367+0000] {dagbag.py:588} INFO - Filling up the DagBag from /opt/airflow/dags/water_quality_pipeline_dag.py
[2026-10-02T11:12:47.372+0000] {processor.py:925} INFO - DAG(s) 'water_quality_training_pipeline' retrieved from /opt/airflow/dags/water_quality_pipeline_dag.py
[2026-10-02T11:12:47.388+0000] {logging_mixin.py:190} INFO - [2026-10-02T11:12:47.388+0000] {dag.py:3239} INFO - Sync 1 DAGs
[2026-10-02T11:12:47.396+0000] {logging_mixin.py:190} INFO - [2026-10-02T11:12:47.396+0000] {dag.py:4180} INFO - Setting next_dagrun for water_quality_training_pipeline to None, run_after=None
[2026-10-02T11:12:47.406+0000] {processor.py:208} INFO - Processing /opt/airflow/dags/water_quality_pipeline_dag.py took 0.046 seconds
[2026-10-02T11:13:17.552+0000] {processor.py:186} INFO - Started process (PID=6962) to work on /opt/airflow/dags/water_quality_pipeline_dag.py
[2026-10-02T11:13:17.552+0000] {processor.py:914} INFO - Processing file /opt/airflow/dags/water_quality_pipeline_dag.py for tasks to queue
[2026-10-02T11:13:17.554+0000] {logging_mixin.py:190} INFO - [2026-10-02T11:13:17.554+0000] {dagbag.py:588} INFO - Filling up the DagBag from /opt/airflow/dags/water_quality_pipeline_dag.py
[2026-10-02T11:13:17.565+0000] {processor.py:925} INFO - DAG(s) 'water_quality_training_pipeline' retrieved from /opt/airflow/dags/water_quality_pipeline_dag.py
[2026-10-02T11:13:17.584+0000] {logging_mixin.py:190} INFO - [2026-10-02T11:13:17.584+0000] {dag.py:3239} INFO - Sync 1 DAGs
[2026-10-02T11:13:17.593+0000] {logging_mixin.py:190} INFO - [2026-10-02T11:13:17.593+0000] {dag.py:4180} INFO - Setting next_dagrun for water_quality_training_pipeline to None, run_after=None
[2026-10-02T11:13:17.601+0000] {processor.py:208} INFO - Processing /opt/airflow/dags/water_quality_pipeline_dag.py took 0.056 seconds
[2026-10-02T11:13:47.727+0000] {processor.py:186} INFO - Started process (PID=6990) to work on /opt/airflow/dags/water_quality_pipeline_dag.py
[2026-10-02T11:13:47.729+0000] {processor.py:914} INFO - Processing file /opt/airflow/dags/water_quality_pipeline_dag.py for tasks to queue
[2026-10-02T11:13:47.731+0000] {logging_mixin.py:190} INFO - [2026-10-02T11:13:47.731+0000] {dagbag.py:588} INFO - Filling up the DagBag from /opt/airflow/dags/water_quality_pipeline_dag.py
[2026-10-02T11:13:47.738+0000] {processor.py:925} INFO - DAG(s) 'water_quality_training_pipeline' retrieved from /opt/airflow/dags/water_quality_pipeline_dag.py
[2026-10-02T11:13:47.756+0000] {logging_mixin.py:190} INFO - [2026-10-02T11:13:47.756+0000] {dag.py:3239} INFO - Sync 1 DAGs
[2026-10-02T11:13:47.765+0000] {logging_mixin.py:190} INFO - [2026-10-02T11:13:47.765+0000] {dag.py:4180} INFO - Setting next_dagrun for water_quality_training_pipeline to None, run_after=None
[2026-10-02T11:13:47.774+0000] {processor.py:208} INFO - Processing /opt/airflow/dags/water_quality_pipeline_dag.py took 0.052 seconds
[2026-10-02T11:14:17.951+0000] {processor.py:186} INFO - Started process (PID=7012) to work on /opt/airflow/dags/water_quality_pipeline_dag.py
[2026-10-02T11:14:17.953+0000] {processor.py:914} INFO - Processing file /opt/airflow/dags/water_quality_pipeline_dag.py for tasks to queue
[2026-10-02T11:14:17.955+0000] {logging_mixin.py:190} INFO - [2026-10-02T11:14:17.955+0000] {dagbag.py:588} INFO - Filling up the DagBag from /opt/airflow/dags/water_quality_pipeline_dag.py
[2026-10-02T11:14:17.963+0000] {processor.py:925} INFO - DAG(s) 'water_quality_training_pipeline' retrieved from /opt/airflow/dags/water_quality_pipeline_dag.py
[2026-10-02T11:14:17.986+0000] {logging_mixin.py:190} INFO - [2026-10-02T11:14:17.985+0000] {dag.py:3239} INFO - Sync 1 DAGs
[2026-10-02T11:14:17.994+0000] {logging_mixin.py:190} INFO - [2026-10-02T11:14:17.994+0000] {dag.py:4180} INFO - Setting next_dagrun for water_quality_training_pipeline to None, run_after=None
[2026-10-02T11:14:18.119+0000] {processor.py:208} INFO - Processing /opt/airflow/dags/water_quality_pipeline_dag.py took 0.172 seconds
[2026-10-02T11:14:48.285+0000] {processor.py:186} INFO - Started process (PID=7041) to work on /opt/airflow/dags/water_quality_pipeline_dag.py
[2026-10-02T11:14:48.285+0000] {processor.py:914} INFO - Processing file /opt/airflow/dags/water_quality_pipeline_dag.py for tasks to queue
[2026-10-02T11:14:48.287+0000] {logging_mixin.py:190} INFO - [2026-10-02T11:14:48.287+0000] {dagbag.py:588} INFO - Filling up the DagBag from /opt/airflow/dags/water_quality_pipeline_dag.py
[2026-10-02T11:14:48.293+0000] {processor.py:925} INFO - DAG(s) 'water_quality_training_pipeline' retrieved from /opt/airflow/dags/water_quality_pipeline_dag.py
[2026-10-02T11:14:48.312+0000] {logging_mixin.py:190} INFO - [2026-10-02T11:14:48.311+0000] {dag.py:3239} INFO - Sync 1 DAGs
[2026-10-02T11:14:48.432+0000] {logging_mixin.py:190} INFO - [2026-10-02T11:14:48.432+0000] {dag.py:4180} INFO - Setting next_dagrun for water_quality_training_pipeline to None, run_after=None
[2026-10-02T11:14:48.442+0000] {processor.py:208} INFO - Processing /opt/airflow/dags/water_quality_pipeline_dag.py took 0.162 seconds
[2026-10-02T11:15:18.626+0000] {processor.py:186} INFO - Started process (PID=7063) to work on /opt/airflow/dags/water_quality_pipeline_dag.py
[2026-10-02T11:15:18.627+0000] {processor.py:914} INFO - Processing file /opt/airflow/dags/water_quality_pipeline_dag.py for tasks to queue
[2026-10-02T11:15:18.629+0000] {logging_mixin.py:190} INFO - [2026-10-02T11:15:18.629+0000] {dagbag.py:588} INFO - Filling up the DagBag from /opt/airflow/dags/water_quality_pipeline_dag.py
[2026-10-02T11:15:18.640+0000] {processor.py:925} INFO - DAG(s) 'water_quality_training_pipeline' retrieved from /opt/airflow/dags/water_quality_pipeline_dag.py
[2026-10-02T11:15:18.669+0000] {logging_mixin.py:190} INFO - [2026-10-02T11:15:18.669+0000] {dag.py:3239} INFO - Sync 1 DAGs
[2026-10-02T11:15:18.683+0000] {logging_mixin.py:190} INFO - [2026-10-02T11:15:18.683+0000] {dag.py:4180} INFO - Setting next_dagrun for water_quality_training_pipeline to None, run_after=None
[2026-10-02T11:15:18.696+0000] {processor.py:208} INFO - Processing /opt/airflow/dags/water_quality_pipeline_dag.py took 0.077 seconds
[2026-10-02T11:15:48.771+0000] {processor.py:186} INFO - Started process (PID=7092) to work on /opt/airflow/dags/water_quality_pipeline_dag.py
[2026-10-02T11:15:48.771+0000] {processor.py:914} INFO - Processing file /opt/airflow/dags/water_quality_pipeline_dag.py for tasks to queue
[2026-10-02T11:15:48.773+0000] {logging_mixin.py:190} INFO - [2026-10-02T11:15:48.773+0000] {dagbag.py:588} INFO - Filling up the DagBag from /opt/airflow/dags/water_quality_pipeline_dag.py
[2026-10-02T11:15:48.778+0000] {processor.py:925} INFO - DAG(s) 'water_quality_training_pipeline' retrieved from /opt/airflow/dags/water_quality_pipeline_dag.py
[2026-10-02T11:15:48.796+0000] {logging_mixin.py:190} INFO - [2026-10-02T11:15:48.796+0000] {dag.py:3239} INFO - Sync 1 DAGs
[2026-10-02T11:15:48.804+0000] {logging_mixin.py:190} INFO - [2026-10-02T11:15:48.804+0000] {dag.py:4180} INFO - Setting next_dagrun for water_quality_training_pipeline to None, run_after=None
[2026-10-02T11:15:48.814+0000] {processor.py:208} INFO - Processing /opt/airflow/dags/water_quality_pipeline_dag.py took 0.049 seconds
[2026-10-02T11:16:19.039+0000] {processor.py:186} INFO - Started process (PID=7113) to work on /opt/airflow/dags/water_quality_pipeline_dag.py
[2026-10-02T11:16:19.039+0000] {processor.py:914} INFO - Processing file /opt/airflow/dags/water_quality_pipeline_dag.py for tasks to queue
[2026-10-02T11:16:19.042+0000] {logging_mixin.py:190} INFO - [2026-10-02T11:16:19.041+0000] {dagbag.py:588} INFO - Filling up the DagBag from /opt/airflow/dags/water_quality_pipeline_dag.py
[2026-10-02T11:16:19.055+0000] {processor.py:925} INFO - DAG(s) 'water_quality_training_pipeline' retrieved from /opt/airflow/dags/water_quality_pipeline_dag.py
[2026-10-02T11:16:19.092+0000] {logging_mixin.py:190} INFO - [2026-10-02T11:16:19.091+0000] {dag.py:3239} INFO - Sync 1 DAGs
[2026-10-02T11:16:19.106+0000] {logging_mixin.py:190} INFO - [2026-10-02T11:16:19.106+0000] {dag.py:4180} INFO - Setting next_dagrun for water_quality_training_pipeline to None, run_after=None
[2026-10-02T11:16:19.121+0000] {processor.py:208} INFO - Processing /opt/airflow/dags/water_quality_pipeline_dag.py took 0.091 seconds
[2026-10-02T11:16:49.208+0000] {processor.py:186} INFO - Started process (PID=7142) to work on /opt/airflow/dags/water_quality_pipeline_dag.py
[2026-10-02T11:16:49.209+0000] {processor.py:914} INFO - Processing file /opt/airflow/dags/water_quality_pipeline_dag.py for tasks to queue
[2026-10-02T11:16:49.211+0000] {logging_mixin.py:190} INFO - [2026-10-02T11:16:49.211+0000] {dagbag.py:588} INFO - Filling up the DagBag from /opt/airflow/dags/water_quality_pipeline_dag.py
[2026-10-02T11:16:49.224+0000] {processor.py:925} INFO - DAG(s) 'water_quality_training_pipeline' retrieved from /opt/airflow/dags/water_quality_pipeline_dag.py
[2026-10-02T11:16:49.243+0000] {logging_mixin.py:190} INFO - [2026-10-02T11:16:49.243+0000] {dag.py:3239} INFO - Sync 1 DAGs
[2026-10-02T11:16:49.252+0000] {logging_mixin.py:190} INFO - [2026-10-02T11:16:49.252+0000] {dag.py:4180} INFO - Setting next_dagrun for water_quality_training_pipeline to None, run_after=None
[2026-10-02T11:16:49.263+0000] {processor.py:208} INFO - Processing /opt/airflow/dags/water_quality_pipeline_dag.py took 0.060 seconds
[2026-10-02T11:17:19.435+0000] {processor.py:186} INFO - Started process (PID=7163) to work on /opt/airflow/dags/water_quality_pipeline_dag.py
[2026-10-02T11:17:19.435+0000] {processor.py:914} INFO - Processing file /opt/airflow/dags/water_quality_pipeline_dag.py for tasks to queue
[2026-10-02T11:17:19.437+0000] {logging_mixin.py:190} INFO - [2026-10-02T11:17:19.437+0000] {dagbag.py:588} INFO - Filling up the DagBag from /opt/airflow/dags/water_quality_pipeline_dag.py
[2026-10-02T11:17:19.443+0000] {processor.py:925} INFO - DAG(s) 'water_quality_training_pipeline' retrieved from /opt/airflow/dags/water_quality_pipeline_dag.py
[2026-10-02T11:17:19.458+0000] {logging_mixin.py:190} INFO - [2026-10-02T11:17:19.458+0000] {dag.py:3239} INFO - Sync 1 DAGs
[2026-10-02T11:17:19.584+0000] {logging_mixin.py:190} INFO - [2026-10-02T11:17:19.583+0000] {dag.py:4180} INFO - Setting next_dagrun for water_quality_training_pipeline to None, run_after=None
[2026-10-02T11:17:19.595+0000] {processor.py:208} INFO - Processing /opt/airflow/dags/water_quality_pipeline_dag.py took 0.166 seconds
[2026-10-02T11:17:49.789+0000] {processor.py:186} INFO - Started process (PID=7193) to work on /opt/airflow/dags/water_quality_pipeline_dag.py
[2026-10-02T11:17:49.789+0000] {processor.py:914} INFO - Processing file /opt/airflow/dags/water_quality_pipeline_dag.py for tasks to queue
[2026-10-02T11:17:49.791+0000] {logging_mixin.py:190} INFO - [2026-10-02T11:17:49.791+0000] {dagbag.py:588} INFO - Filling up the DagBag from /opt/airflow/dags/water_quality_pipeline_dag.py
[2026-10-02T11:17:49.801+0000] {processor.py:925} INFO - DAG(s) 'water_quality_training_pipeline' retrieved from /opt/airflow/dags/water_quality_pipeline_dag.py
[2026-10-02T11:17:49.822+0000] {logging_mixin.py:190} INFO - [2026-10-02T11:17:49.822+0000] {dag.py:3239} INFO - Sync 1 DAGs
[2026-10-02T11:17:49.951+0000] {logging_mixin.py:190} INFO - [2026-10-02T11:17:49.950+0000] {dag.py:4180} INFO - Setting next_dagrun for water_quality_training_pipeline to None, run_after=None
[2026-10-02T11:17:49.961+0000] {processor.py:208} INFO - Processing /opt/airflow/dags/water_quality_pipeline_dag.py took 0.177 seconds
[2026-10-02T11:18:20.145+0000] {processor.py:186} INFO - Started process (PID=7214) to work on /opt/airflow/dags/water_quality_pipeline_dag.py
[2026-10-02T11:18:20.147+0000] {processor.py:914} INFO - Processing file /opt/airflow/dags/water_quality_pipeline_dag.py for tasks to queue
[2026-10-02T11:18:20.150+0000] {logging_mixin.py:190} INFO - [2026-10-02T11:18:20.149+0000] {dagbag.py:588} INFO - Filling up the DagBag from /opt/airflow/dags/water_quality_pipeline_dag.py
[2026-10-02T11:18:20.166+0000] {processor.py:925} INFO - DAG(s) 'water_quality_training_pipeline' retrieved from /opt/airflow/dags/water_quality_pipeline_dag.py
[2026-10-02T11:18:20.188+0000] {logging_mixin.py:190} INFO - [2026-10-02T11:18:20.188+0000] {dag.py:3239} INFO - Sync 1 DAGs
[2026-10-02T11:18:20.198+0000] {logging_mixin.py:190} INFO - [2026-10-02T11:18:20.198+0000] {dag.py:4180} INFO - Setting next_dagrun for water_quality_training_pipeline to None, run_after=None
[2026-10-02T11:18:20.213+0000] {processor.py:208} INFO - Processing /opt/airflow/dags/water_quality_pipeline_dag.py took 0.075 seconds
[2026-10-02T11:18:50.315+0000] {processor.py:186} INFO - Started process (PID=7243) to work on /opt/airflow/dags/water_quality_pipeline_dag.py
[2026-10-02T11:18:50.316+0000] {processor.py:914} INFO - Processing file /opt/airflow/dags/water_quality_pipeline_dag.py for tasks to queue
[2026-10-02T11:18:50.318+0000] {logging_mixin.py:190} INFO - [2026-10-02T11:18:50.318+0000] {dagbag.py:588} INFO - Filling up the DagBag from /opt/airflow/dags/water_quality_pipeline_dag.py
[2026-10-02T11:18:50.332+0000] {processor.py:925} INFO - DAG(s) 'water_quality_training_pipeline' retrieved from /opt/airflow/dags/water_quality_pipeline_dag.py
[2026-10-02T11:18:50.369+0000] {logging_mixin.py:190} INFO - [2026-10-02T11:18:50.369+0000] {dag.py:3239} INFO - Sync 1 DAGs
[2026-10-02T11:18:50.378+0000] {logging_mixin.py:190} INFO - [2026-10-02T11:18:50.378+0000] {dag.py:4180} INFO - Setting next_dagrun for water_quality_training_pipeline to None, run_after=None
[2026-10-02T11:18:50.388+0000] {processor.py:208} INFO - Processing /opt/airflow/dags/water_quality_pipeline_dag.py took 0.079 seconds
[2026-10-02T11:19:21.402+0000] {processor.py:186} INFO - Started process (PID=7264) to work on /opt/airflow/dags/water_quality_pipeline_dag.py
[2026-10-02T11:19:21.403+0000] {processor.py:914} INFO - Processing file /opt/airflow/dags/water_quality_pipeline_dag.py for tasks to queue
[2026-10-02T11:19:21.406+0000] {logging_mixin.py:190} INFO - [2026-10-02T11:19:21.405+0000] {dagbag.py:588} INFO - Filling up the DagBag from /opt/airflow/dags/water_quality_pipeline_dag.py
[2026-10-02T11:19:21.425+0000] {processor.py:925} INFO - DAG(s) 'water_quality_training_pipeline' retrieved from /opt/airflow/dags/water_quality_pipeline_dag.py
[2026-10-02T11:19:21.473+0000] {logging_mixin.py:190} INFO - [2026-10-02T11:19:21.472+0000] {dag.py:3239} INFO - Sync 1 DAGs
[2026-10-02T11:19:21.494+0000] {logging_mixin.py:190} INFO - [2026-10-02T11:19:21.494+0000] {dag.py:4180} INFO - Setting next_dagrun for water_quality_training_pipeline to None, run_after=None
[2026-10-02T11:19:21.524+0000] {processor.py:208} INFO - Processing /opt/airflow/dags/water_quality_pipeline_dag.py took 0.132 seconds
[2026-10-02T11:22:22.312+0000] {processor.py:186} INFO - Started process (PID=7276) to work on /opt/airflow/dags/water_quality_pipeline_dag.py
[2026-10-02T11:22:22.314+0000] {processor.py:914} INFO - Processing file /opt/airflow/dags/water_quality_pipeline_dag.py for tasks to queue
[2026-10-02T11:22:22.316+0000] {logging_mixin.py:190} INFO - [2026-10-02T11:22:22.316+0000] {dagbag.py:588} INFO - Filling up the DagBag from /opt/airflow/dags/water_quality_pipeline_dag.py
[2026-10-02T11:22:22.387+0000] {processor.py:925} INFO - DAG(s) 'water_quality_training_pipeline' retrieved from /opt/airflow/dags/water_quality_pipeline_dag.py
[2026-10-02T11:22:22.412+0000] {logging_mixin.py:190} INFO - [2026-10-02T11:22:22.411+0000] {dag.py:3239} INFO - Sync 1 DAGs
[2026-10-02T11:22:22.425+0000] {logging_mixin.py:190} INFO - [2026-10-02T11:22:22.425+0000] {dag.py:4180} INFO - Setting next_dagrun for water_quality_training_pipeline to None, run_after=None
[2026-10-02T11:22:22.443+0000] {processor.py:208} INFO - Processing /opt/airflow/dags/water_quality_pipeline_dag.py took 0.139 seconds
[2026-10-02T11:22:52.595+0000] {processor.py:186} INFO - Started process (PID=7298) to work on /opt/airflow/dags/water_quality_pipeline_dag.py
[2026-10-02T11:22:52.595+0000] {processor.py:914} INFO - Processing file /opt/airflow/dags/water_quality_pipeline_dag.py for tasks to queue
[2026-10-02T11:22:52.597+0000] {logging_mixin.py:190} INFO - [2026-10-02T11:22:52.597+0000] {dagbag.py:588} INFO - Filling up the DagBag from /opt/airflow/dags/water_quality_pipeline_dag.py
[2026-10-02T11:22:52.602+0000] {processor.py:925} INFO - DAG(s) 'water_quality_training_pipeline' retrieved from /opt/airflow/dags/water_quality_pipeline_dag.py
[2026-10-02T11:22:52.627+0000] {logging_mixin.py:190} INFO - [2026-10-02T11:22:52.627+0000] {dag.py:3239} INFO - Sync 1 DAGs
[2026-10-02T11:22:52.643+0000] {logging_mixin.py:190} INFO - [2026-10-02T11:22:52.643+0000] {dag.py:4180} INFO - Setting next_dagrun for water_quality_training_pipeline to None, run_after=None
[2026-10-02T11:22:52.781+0000] {processor.py:208} INFO - Processing /opt/airflow/dags/water_quality_pipeline_dag.py took 0.191 seconds
[2026-10-02T12:48:26.396+0000] {processor.py:186} INFO - Started process (PID=7311) to work on /opt/airflow/dags/water_quality_pipeline_dag.py
[2026-10-02T12:48:26.397+0000] {processor.py:914} INFO - Processing file /opt/airflow/dags/water_quality_pipeline_dag.py for tasks to queue
[2026-10-02T12:48:26.399+0000] {logging_mixin.py:190} INFO - [2026-10-02T12:48:26.399+0000] {dagbag.py:588} INFO - Filling up the DagBag from /opt/airflow/dags/water_quality_pipeline_dag.py
[2026-10-02T12:48:26.407+0000] {processor.py:925} INFO - DAG(s) 'water_quality_training_pipeline' retrieved from /opt/airflow/dags/water_quality_pipeline_dag.py
[2026-10-02T12:48:26.436+0000] {logging_mixin.py:190} INFO - [2026-10-02T12:48:26.436+0000] {dag.py:3239} INFO - Sync 1 DAGs
[2026-10-02T12:48:26.618+0000] {logging_mixin.py:190} INFO - [2026-10-02T12:48:26.617+0000] {dag.py:4180} INFO - Setting next_dagrun for water_quality_training_pipeline to None, run_after=None
[2026-10-02T12:48:26.644+0000] {processor.py:208} INFO - Processing /opt/airflow/dags/water_quality_pipeline_dag.py took 0.257 seconds
[2026-10-02T12:48:56.941+0000] {processor.py:186} INFO - Started process (PID=7340) to work on /opt/airflow/dags/water_quality_pipeline_dag.py
[2026-10-02T12:48:56.942+0000] {processor.py:914} INFO - Processing file /opt/airflow/dags/water_quality_pipeline_dag.py for tasks to queue
[2026-10-02T12:48:56.947+0000] {logging_mixin.py:190} INFO - [2026-10-02T12:48:56.946+0000] {dagbag.py:588} INFO - Filling up the DagBag from /opt/airflow/dags/water_quality_pipeline_dag.py
[2026-10-02T12:48:56.965+0000] {processor.py:925} INFO - DAG(s) 'water_quality_training_pipeline' retrieved from /opt/airflow/dags/water_quality_pipeline_dag.py
[2026-10-02T12:48:57.165+0000] {logging_mixin.py:190} INFO - [2026-10-02T12:48:57.165+0000] {dag.py:3239} INFO - Sync 1 DAGs
[2026-10-02T12:48:57.180+0000] {logging_mixin.py:190} INFO - [2026-10-02T12:48:57.180+0000] {dag.py:4180} INFO - Setting next_dagrun for water_quality_training_pipeline to None, run_after=None
[2026-10-02T12:48:57.202+0000] {processor.py:208} INFO - Processing /opt/airflow/dags/water_quality_pipeline_dag.py took 0.277 seconds
[2026-10-02T12:49:27.509+0000] {processor.py:186} INFO - Started process (PID=7361) to work on /opt/airflow/dags/water_quality_pipeline_dag.py
[2026-10-02T12:49:27.512+0000] {processor.py:914} INFO - Processing file /opt/airflow/dags/water_quality_pipeline_dag.py for tasks to queue
[2026-10-02T12:49:27.516+0000] {logging_mixin.py:190} INFO - [2026-10-02T12:49:27.515+0000] {dagbag.py:588} INFO - Filling up the DagBag from /opt/airflow/dags/water_quality_pipeline_dag.py
[2026-10-02T12:49:27.531+0000] {processor.py:925} INFO - DAG(s) 'water_quality_training_pipeline' retrieved from /opt/airflow/dags/water_quality_pipeline_dag.py
[2026-10-02T12:49:27.573+0000] {logging_mixin.py:190} INFO - [2026-10-02T12:49:27.573+0000] {dag.py:3239} INFO - Sync 1 DAGs
[2026-10-02T12:49:27.595+0000] {logging_mixin.py:190} INFO - [2026-10-02T12:49:27.594+0000] {dag.py:4180} INFO - Setting next_dagrun for water_quality_training_pipeline to None, run_after=None
[2026-10-02T12:49:27.617+0000] {processor.py:208} INFO - Processing /opt/airflow/dags/water_quality_pipeline_dag.py took 0.119 seconds
[2026-10-02T12:49:57.755+0000] {processor.py:186} INFO - Started process (PID=7389) to work on /opt/airflow/dags/water_quality_pipeline_dag.py
[2026-10-02T12:49:57.756+0000] {processor.py:914} INFO - Processing file /opt/airflow/dags/water_quality_pipeline_dag.py for tasks to queue
[2026-10-02T12:49:57.758+0000] {logging_mixin.py:190} INFO - [2026-10-02T12:49:57.758+0000] {dagbag.py:588} INFO - Filling up the DagBag from /opt/airflow/dags/water_quality_pipeline_dag.py
[2026-10-02T12:49:57.772+0000] {processor.py:925} INFO - DAG(s) 'water_quality_training_pipeline' retrieved from /opt/airflow/dags/water_quality_pipeline_dag.py
[2026-10-02T12:49:57.813+0000] {logging_mixin.py:190} INFO - [2026-10-02T12:49:57.813+0000] {dag.py:3239} INFO - Sync 1 DAGs
[2026-10-02T12:49:57.832+0000] {logging_mixin.py:190} INFO - [2026-10-02T12:49:57.831+0000] {dag.py:4180} INFO - Setting next_dagrun for water_quality_training_pipeline to None, run_after=None
[2026-10-02T12:49:57.853+0000] {processor.py:208} INFO - Processing /opt/airflow/dags/water_quality_pipeline_dag.py took 0.109 seconds
[2026-10-02T12:50:28.141+0000] {processor.py:186} INFO - Started process (PID=7411) to work on /opt/airflow/dags/water_quality_pipeline_dag.py
[2026-10-02T12:50:28.144+0000] {processor.py:914} INFO - Processing file /opt/airflow/dags/water_quality_pipeline_dag.py for tasks to queue
[2026-10-02T12:50:28.147+0000] {logging_mixin.py:190} INFO - [2026-10-02T12:50:28.147+0000] {dagbag.py:588} INFO - Filling up the DagBag from /opt/airflow/dags/water_quality_pipeline_dag.py
[2026-10-02T12:50:28.162+0000] {processor.py:925} INFO - DAG(s) 'water_quality_training_pipeline' retrieved from /opt/airflow/dags/water_quality_pipeline_dag.py
[2026-10-02T12:50:28.200+0000] {logging_mixin.py:190} INFO - [2026-10-02T12:50:28.200+0000] {dag.py:3239} INFO - Sync 1 DAGs
[2026-10-02T12:50:28.221+0000] {logging_mixin.py:190} INFO - [2026-10-02T12:50:28.220+0000] {dag.py:4180} INFO - Setting next_dagrun for water_quality_training_pipeline to None, run_after=None
[2026-10-02T12:50:28.247+0000] {processor.py:208} INFO - Processing /opt/airflow/dags/water_quality_pipeline_dag.py took 0.117 seconds
[2026-10-02T12:50:58.411+0000] {processor.py:186} INFO - Started process (PID=7431) to work on /opt/airflow/dags/water_quality_pipeline_dag.py
[2026-10-02T12:50:58.412+0000] {processor.py:914} INFO - Processing file /opt/airflow/dags/water_quality_pipeline_dag.py for tasks to queue
[2026-10-02T12:50:58.415+0000] {logging_mixin.py:190} INFO - [2026-10-02T12:50:58.414+0000] {dagbag.py:588} INFO - Filling up the DagBag from /opt/airflow/dags/water_quality_pipeline_dag.py
[2026-10-02T12:50:58.428+0000] {processor.py:925} INFO - DAG(s) 'water_quality_training_pipeline' retrieved from /opt/airflow/dags/water_quality_pipeline_dag.py
[2026-10-02T12:50:58.465+0000] {logging_mixin.py:190} INFO - [2026-10-02T12:50:58.464+0000] {dag.py:3239} INFO - Sync 1 DAGs
[2026-10-02T12:50:58.487+0000] {logging_mixin.py:190} INFO - [2026-10-02T12:50:58.486+0000] {dag.py:4180} INFO - Setting next_dagrun for water_quality_training_pipeline to None, run_after=None
[2026-10-02T12:50:58.674+0000] {processor.py:208} INFO - Processing /opt/airflow/dags/water_quality_pipeline_dag.py took 0.274 seconds
[2026-10-02T12:51:28.764+0000] {processor.py:186} INFO - Started process (PID=7460) to work on /opt/airflow/dags/water_quality_pipeline_dag.py
[2026-10-02T12:51:28.767+0000] {processor.py:914} INFO - Processing file /opt/airflow/dags/water_quality_pipeline_dag.py for tasks to queue
[2026-10-02T12:51:28.771+0000] {logging_mixin.py:190} INFO - [2026-10-02T12:51:28.770+0000] {dagbag.py:588} INFO - Filling up the DagBag from /opt/airflow/dags/water_quality_pipeline_dag.py
[2026-10-02T12:51:28.785+0000] {processor.py:925} INFO - DAG(s) 'water_quality_training_pipeline' retrieved from /opt/airflow/dags/water_quality_pipeline_dag.py
[2026-10-02T12:51:28.827+0000] {logging_mixin.py:190} INFO - [2026-10-02T12:51:28.827+0000] {dag.py:3239} INFO - Sync 1 DAGs
[2026-10-02T12:51:28.979+0000] {logging_mixin.py:190} INFO - [2026-10-02T12:51:28.979+0000] {dag.py:4180} INFO - Setting next_dagrun for water_quality_training_pipeline to None, run_after=None
[2026-10-02T12:51:29.002+0000] {processor.py:208} INFO - Processing /opt/airflow/dags/water_quality_pipeline_dag.py took 0.249 seconds
[2026-10-02T12:51:59.209+0000] {processor.py:186} INFO - Started process (PID=7482) to work on /opt/airflow/dags/water_quality_pipeline_dag.py
[2026-10-02T12:51:59.210+0000] {processor.py:914} INFO - Processing file /opt/airflow/dags/water_quality_pipeline_dag.py for tasks to queue
[2026-10-02T12:51:59.214+0000] {logging_mixin.py:190} INFO - [2026-10-02T12:51:59.213+0000] {dagbag.py:588} INFO - Filling up the DagBag from /opt/airflow/dags/water_quality_pipeline_dag.py
[2026-10-02T12:51:59.228+0000] {processor.py:925} INFO - DAG(s) 'water_quality_training_pipeline' retrieved from /opt/airflow/dags/water_quality_pipeline_dag.py
[2026-10-02T12:51:59.272+0000] {logging_mixin.py:190} INFO - [2026-10-02T12:51:59.272+0000] {dag.py:3239} INFO - Sync 1 DAGs
[2026-10-02T12:51:59.292+0000] {logging_mixin.py:190} INFO - [2026-10-02T12:51:59.292+0000] {dag.py:4180} INFO - Setting next_dagrun for water_quality_training_pipeline to None, run_after=None
[2026-10-02T12:51:59.326+0000] {processor.py:208} INFO - Processing /opt/airflow/dags/water_quality_pipeline_dag.py took 0.129 seconds
[2026-10-02T12:52:29.548+0000] {processor.py:186} INFO - Started process (PID=7503) to work on /opt/airflow/dags/water_quality_pipeline_dag.py
[2026-10-02T12:52:29.550+0000] {processor.py:914} INFO - Processing file /opt/airflow/dags/water_quality_pipeline_dag.py for tasks to queue
[2026-10-02T12:52:29.554+0000] {logging_mixin.py:190} INFO - [2026-10-02T12:52:29.554+0000] {dagbag.py:588} INFO - Filling up the DagBag from /opt/airflow/dags/water_quality_pipeline_dag.py
[2026-10-02T12:52:29.568+0000] {processor.py:925} INFO - DAG(s) 'water_quality_training_pipeline' retrieved from /opt/airflow/dags/water_quality_pipeline_dag.py
[2026-10-02T12:52:29.617+0000] {logging_mixin.py:190} INFO - [2026-10-02T12:52:29.616+0000] {dag.py:3239} INFO - Sync 1 DAGs
[2026-10-02T12:52:29.650+0000] {logging_mixin.py:190} INFO - [2026-10-02T12:52:29.650+0000] {dag.py:4180} INFO - Setting next_dagrun for water_quality_training_pipeline to None, run_after=None
[2026-10-02T12:52:29.678+0000] {processor.py:208} INFO - Processing /opt/airflow/dags/water_quality_pipeline_dag.py took 0.142 seconds
[2026-10-02T12:52:59.874+0000] {processor.py:186} INFO - Started process (PID=7532) to work on /opt/airflow/dags/water_quality_pipeline_dag.py
[2026-10-02T12:52:59.875+0000] {processor.py:914} INFO - Processing file /opt/airflow/dags/water_quality_pipeline_dag.py for tasks to queue
[2026-10-02T12:52:59.879+0000] {logging_mixin.py:190} INFO - [2026-10-02T12:52:59.879+0000] {dagbag.py:588} INFO - Filling up the DagBag from /opt/airflow/dags/water_quality_pipeline_dag.py
[2026-10-02T12:52:59.893+0000] {processor.py:925} INFO - DAG(s) 'water_quality_training_pipeline' retrieved from /opt/airflow/dags/water_quality_pipeline_dag.py
[2026-10-02T12:52:59.934+0000] {logging_mixin.py:190} INFO - [2026-10-02T12:52:59.933+0000] {dag.py:3239} INFO - Sync 1 DAGs
[2026-10-02T12:52:59.955+0000] {logging_mixin.py:190} INFO - [2026-10-02T12:52:59.954+0000] {dag.py:4180} INFO - Setting next_dagrun for water_quality_training_pipeline to None, run_after=None
[2026-10-02T12:52:59.980+0000] {processor.py:208} INFO - Processing /opt/airflow/dags/water_quality_pipeline_dag.py took 0.116 seconds
[2026-10-02T12:53:30.219+0000] {processor.py:186} INFO - Started process (PID=7553) to work on /opt/airflow/dags/water_quality_pipeline_dag.py
[2026-10-02T12:53:30.223+0000] {processor.py:914} INFO - Processing file /opt/airflow/dags/water_quality_pipeline_dag.py for tasks to queue
[2026-10-02T12:53:30.228+0000] {logging_mixin.py:190} INFO - [2026-10-02T12:53:30.228+0000] {dagbag.py:588} INFO - Filling up the DagBag from /opt/airflow/dags/water_quality_pipeline_dag.py
[2026-10-02T12:53:30.240+0000] {processor.py:925} INFO - DAG(s) 'water_quality_training_pipeline' retrieved from /opt/airflow/dags/water_quality_pipeline_dag.py
[2026-10-02T12:53:30.283+0000] {logging_mixin.py:190} INFO - [2026-10-02T12:53:30.283+0000] {dag.py:3239} INFO - Sync 1 DAGs
[2026-10-02T12:53:30.305+0000] {logging_mixin.py:190} INFO - [2026-10-02T12:53:30.304+0000] {dag.py:4180} INFO - Setting next_dagrun for water_quality_training_pipeline to None, run_after=None
[2026-10-02T12:53:30.333+0000] {processor.py:208} INFO - Processing /opt/airflow/dags/water_quality_pipeline_dag.py took 0.128 seconds
[2026-10-02T12:54:00.485+0000] {processor.py:186} INFO - Started process (PID=7580) to work on /opt/airflow/dags/water_quality_pipeline_dag.py
[2026-10-02T12:54:00.486+0000] {processor.py:914} INFO - Processing file /opt/airflow/dags/water_quality_pipeline_dag.py for tasks to queue
[2026-10-02T12:54:00.489+0000] {logging_mixin.py:190} INFO - [2026-10-02T12:54:00.489+0000] {dagbag.py:588} INFO - Filling up the DagBag from /opt/airflow/dags/water_quality_pipeline_dag.py
[2026-10-02T12:54:00.504+0000] {processor.py:925} INFO - DAG(s) 'water_quality_training_pipeline' retrieved from /opt/airflow/dags/water_quality_pipeline_dag.py
[2026-10-02T12:54:00.543+0000] {logging_mixin.py:190} INFO - [2026-10-02T12:54:00.542+0000] {dag.py:3239} INFO - Sync 1 DAGs
[2026-10-02T12:54:00.710+0000] {logging_mixin.py:190} INFO - [2026-10-02T12:54:00.709+0000] {dag.py:4180} INFO - Setting next_dagrun for water_quality_training_pipeline to None, run_after=None
[2026-10-02T12:54:00.734+0000] {processor.py:208} INFO - Processing /opt/airflow/dags/water_quality_pipeline_dag.py took 0.259 seconds
[2026-10-02T12:54:30.857+0000] {processor.py:186} INFO - Started process (PID=7601) to work on /opt/airflow/dags/water_quality_pipeline_dag.py
[2026-10-02T12:54:30.860+0000] {processor.py:914} INFO - Processing file /opt/airflow/dags/water_quality_pipeline_dag.py for tasks to queue
[2026-10-02T12:54:30.863+0000] {logging_mixin.py:190} INFO - [2026-10-02T12:54:30.862+0000] {dagbag.py:588} INFO - Filling up the DagBag from /opt/airflow/dags/water_quality_pipeline_dag.py
[2026-10-02T12:54:30.874+0000] {processor.py:925} INFO - DAG(s) 'water_quality_training_pipeline' retrieved from /opt/airflow/dags/water_quality_pipeline_dag.py
[2026-10-02T12:54:30.918+0000] {logging_mixin.py:190} INFO - [2026-10-02T12:54:30.918+0000] {dag.py:3239} INFO - Sync 1 DAGs
[2026-10-02T12:54:31.087+0000] {logging_mixin.py:190} INFO - [2026-10-02T12:54:31.087+0000] {dag.py:4180} INFO - Setting next_dagrun for water_quality_training_pipeline to None, run_after=None
[2026-10-02T12:54:31.111+0000] {processor.py:208} INFO - Processing /opt/airflow/dags/water_quality_pipeline_dag.py took 0.265 seconds
[2026-10-02T12:55:01.270+0000] {processor.py:186} INFO - Started process (PID=7622) to work on /opt/airflow/dags/water_quality_pipeline_dag.py
[2026-10-02T12:55:01.271+0000] {processor.py:914} INFO - Processing file /opt/airflow/dags/water_quality_pipeline_dag.py for tasks to queue
[2026-10-02T12:55:01.275+0000] {logging_mixin.py:190} INFO - [2026-10-02T12:55:01.274+0000] {dagbag.py:588} INFO - Filling up the DagBag from /opt/airflow/dags/water_quality_pipeline_dag.py
[2026-10-02T12:55:01.287+0000] {processor.py:925} INFO - DAG(s) 'water_quality_training_pipeline' retrieved from /opt/airflow/dags/water_quality_pipeline_dag.py
[2026-10-02T12:55:01.337+0000] {logging_mixin.py:190} INFO - [2026-10-02T12:55:01.336+0000] {dag.py:3239} INFO - Sync 1 DAGs
[2026-10-02T12:55:01.363+0000] {logging_mixin.py:190} INFO - [2026-10-02T12:55:01.363+0000] {dag.py:4180} INFO - Setting next_dagrun for water_quality_training_pipeline to None, run_after=None
[2026-10-02T12:55:01.392+0000] {processor.py:208} INFO - Processing /opt/airflow/dags/water_quality_pipeline_dag.py took 0.133 seconds
[2026-10-02T12:55:31.651+0000] {processor.py:186} INFO - Started process (PID=7650) to work on /opt/airflow/dags/water_quality_pipeline_dag.py
[2026-10-02T12:55:31.654+0000] {processor.py:914} INFO - Processing file /opt/airflow/dags/water_quality_pipeline_dag.py for tasks to queue
[2026-10-02T12:55:31.657+0000] {logging_mixin.py:190} INFO - [2026-10-02T12:55:31.656+0000] {dagbag.py:588} INFO - Filling up the DagBag from /opt/airflow/dags/water_quality_pipeline_dag.py
[2026-10-02T12:55:31.669+0000] {processor.py:925} INFO - DAG(s) 'water_quality_training_pipeline' retrieved from /opt/airflow/dags/water_quality_pipeline_dag.py
[2026-10-02T12:55:31.712+0000] {logging_mixin.py:190} INFO - [2026-10-02T12:55:31.711+0000] {dag.py:3239} INFO - Sync 1 DAGs
[2026-10-02T12:55:31.735+0000] {logging_mixin.py:190} INFO - [2026-10-02T12:55:31.735+0000] {dag.py:4180} INFO - Setting next_dagrun for water_quality_training_pipeline to None, run_after=None
[2026-10-02T12:55:31.760+0000] {processor.py:208} INFO - Processing /opt/airflow/dags/water_quality_pipeline_dag.py took 0.117 seconds
[2026-10-02T12:56:01.927+0000] {processor.py:186} INFO - Started process (PID=7672) to work on /opt/airflow/dags/water_quality_pipeline_dag.py
[2026-10-02T12:56:01.927+0000] {processor.py:914} INFO - Processing file /opt/airflow/dags/water_quality_pipeline_dag.py for tasks to queue
[2026-10-02T12:56:01.931+0000] {logging_mixin.py:190} INFO - [2026-10-02T12:56:01.930+0000] {dagbag.py:588} INFO - Filling up the DagBag from /opt/airflow/dags/water_quality_pipeline_dag.py
[2026-10-02T12:56:01.942+0000] {processor.py:925} INFO - DAG(s) 'water_quality_training_pipeline' retrieved from /opt/airflow/dags/water_quality_pipeline_dag.py
[2026-10-02T12:56:01.985+0000] {logging_mixin.py:190} INFO - [2026-10-02T12:56:01.984+0000] {dag.py:3239} INFO - Sync 1 DAGs
[2026-10-02T12:56:02.004+0000] {logging_mixin.py:190} INFO - [2026-10-02T12:56:02.003+0000] {dag.py:4180} INFO - Setting next_dagrun for water_quality_training_pipeline to None, run_after=None
[2026-10-02T12:56:02.027+0000] {processor.py:208} INFO - Processing /opt/airflow/dags/water_quality_pipeline_dag.py took 0.110 seconds
[2026-10-02T12:56:32.307+0000] {processor.py:186} INFO - Started process (PID=7693) to work on /opt/airflow/dags/water_quality_pipeline_dag.py
[2026-10-02T12:56:32.310+0000] {processor.py:914} INFO - Processing file /opt/airflow/dags/water_quality_pipeline_dag.py for tasks to queue
[2026-10-02T12:56:32.314+0000] {logging_mixin.py:190} INFO - [2026-10-02T12:56:32.313+0000] {dagbag.py:588} INFO - Filling up the DagBag from /opt/airflow/dags/water_quality_pipeline_dag.py
[2026-10-02T12:56:32.325+0000] {processor.py:925} INFO - DAG(s) 'water_quality_training_pipeline' retrieved from /opt/airflow/dags/water_quality_pipeline_dag.py
[2026-10-02T12:56:32.365+0000] {logging_mixin.py:190} INFO - [2026-10-02T12:56:32.364+0000] {dag.py:3239} INFO - Sync 1 DAGs
[2026-10-02T12:56:32.383+0000] {logging_mixin.py:190} INFO - [2026-10-02T12:56:32.383+0000] {dag.py:4180} INFO - Setting next_dagrun for water_quality_training_pipeline to None, run_after=None
[2026-10-02T12:56:32.409+0000] {processor.py:208} INFO - Processing /opt/airflow/dags/water_quality_pipeline_dag.py took 0.111 seconds
[2026-10-02T12:57:02.566+0000] {processor.py:186} INFO - Started process (PID=7722) to work on /opt/airflow/dags/water_quality_pipeline_dag.py
[2026-10-02T12:57:02.567+0000] {processor.py:914} INFO - Processing file /opt/airflow/dags/water_quality_pipeline_dag.py for tasks to queue
[2026-10-02T12:57:02.571+0000] {logging_mixin.py:190} INFO - [2026-10-02T12:57:02.571+0000] {dagbag.py:588} INFO - Filling up the DagBag from /opt/airflow/dags/water_quality_pipeline_dag.py
[2026-10-02T12:57:02.586+0000] {processor.py:925} INFO - DAG(s) 'water_quality_training_pipeline' retrieved from /opt/airflow/dags/water_quality_pipeline_dag.py
[2026-10-02T12:57:02.629+0000] {logging_mixin.py:190} INFO - [2026-10-02T12:57:02.628+0000] {dag.py:3239} INFO - Sync 1 DAGs
[2026-10-02T12:57:02.814+0000] {logging_mixin.py:190} INFO - [2026-10-02T12:57:02.813+0000] {dag.py:4180} INFO - Setting next_dagrun for water_quality_training_pipeline to None, run_after=None
[2026-10-02T12:57:02.837+0000] {processor.py:208} INFO - Processing /opt/airflow/dags/water_quality_pipeline_dag.py took 0.282 seconds
[2026-10-02T12:57:32.922+0000] {processor.py:186} INFO - Started process (PID=7743) to work on /opt/airflow/dags/water_quality_pipeline_dag.py
[2026-10-02T12:57:32.925+0000] {processor.py:914} INFO - Processing file /opt/airflow/dags/water_quality_pipeline_dag.py for tasks to queue
[2026-10-02T12:57:32.927+0000] {logging_mixin.py:190} INFO - [2026-10-02T12:57:32.927+0000] {dagbag.py:588} INFO - Filling up the DagBag from /opt/airflow/dags/water_quality_pipeline_dag.py
[2026-10-02T12:57:32.938+0000] {processor.py:925} INFO - DAG(s) 'water_quality_training_pipeline' retrieved from /opt/airflow/dags/water_quality_pipeline_dag.py
[2026-10-02T12:57:33.158+0000] {logging_mixin.py:190} INFO - [2026-10-02T12:57:33.157+0000] {dag.py:3239} INFO - Sync 1 DAGs
[2026-10-02T12:57:33.169+0000] {logging_mixin.py:190} INFO - [2026-10-02T12:57:33.169+0000] {dag.py:4180} INFO - Setting next_dagrun for water_quality_training_pipeline to None, run_after=None
[2026-10-02T12:57:33.200+0000] {processor.py:208} INFO - Processing /opt/airflow/dags/water_quality_pipeline_dag.py took 0.286 seconds
[2026-10-02T12:58:03.366+0000] {processor.py:186} INFO - Started process (PID=7771) to work on /opt/airflow/dags/water_quality_pipeline_dag.py
[2026-10-02T12:58:03.367+0000] {processor.py:914} INFO - Processing file /opt/airflow/dags/water_quality_pipeline_dag.py for tasks to queue
[2026-10-02T12:58:03.371+0000] {logging_mixin.py:190} INFO - [2026-10-02T12:58:03.370+0000] {dagbag.py:588} INFO - Filling up the DagBag from /opt/airflow/dags/water_quality_pipeline_dag.py
[2026-10-02T12:58:03.385+0000] {processor.py:925} INFO - DAG(s) 'water_quality_training_pipeline' retrieved from /opt/airflow/dags/water_quality_pipeline_dag.py
[2026-10-02T12:58:03.427+0000] {logging_mixin.py:190} INFO - [2026-10-02T12:58:03.426+0000] {dag.py:3239} INFO - Sync 1 DAGs
[2026-10-02T12:58:03.447+0000] {logging_mixin.py:190} INFO - [2026-10-02T12:58:03.446+0000] {dag.py:4180} INFO - Setting next_dagrun for water_quality_training_pipeline to None, run_after=None
[2026-10-02T12:58:03.478+0000] {processor.py:208} INFO - Processing /opt/airflow/dags/water_quality_pipeline_dag.py took 0.120 seconds
[2026-10-02T12:58:33.739+0000] {processor.py:186} INFO - Started process (PID=7793) to work on /opt/airflow/dags/water_quality_pipeline_dag.py
[2026-10-02T12:58:33.741+0000] {processor.py:914} INFO - Processing file /opt/airflow/dags/water_quality_pipeline_dag.py for tasks to queue
[2026-10-02T12:58:33.744+0000] {logging_mixin.py:190} INFO - [2026-10-02T12:58:33.744+0000] {dagbag.py:588} INFO - Filling up the DagBag from /opt/airflow/dags/water_quality_pipeline_dag.py
[2026-10-02T12:58:33.758+0000] {processor.py:925} INFO - DAG(s) 'water_quality_training_pipeline' retrieved from /opt/airflow/dags/water_quality_pipeline_dag.py
[2026-10-02T12:58:33.795+0000] {logging_mixin.py:190} INFO - [2026-10-02T12:58:33.795+0000] {dag.py:3239} INFO - Sync 1 DAGs
[2026-10-02T12:58:33.814+0000] {logging_mixin.py:190} INFO - [2026-10-02T12:58:33.814+0000] {dag.py:4180} INFO - Setting next_dagrun for water_quality_training_pipeline to None, run_after=None
[2026-10-02T12:58:33.835+0000] {processor.py:208} INFO - Processing /opt/airflow/dags/water_quality_pipeline_dag.py took 0.104 seconds
[2026-10-02T12:59:03.995+0000] {processor.py:186} INFO - Started process (PID=7814) to work on /opt/airflow/dags/water_quality_pipeline_dag.py
[2026-10-02T12:59:03.996+0000] {processor.py:914} INFO - Processing file /opt/airflow/dags/water_quality_pipeline_dag.py for tasks to queue
[2026-10-02T12:59:04.000+0000] {logging_mixin.py:190} INFO - [2026-10-02T12:59:03.999+0000] {dagbag.py:588} INFO - Filling up the DagBag from /opt/airflow/dags/water_quality_pipeline_dag.py
[2026-10-02T12:59:04.015+0000] {processor.py:925} INFO - DAG(s) 'water_quality_training_pipeline' retrieved from /opt/airflow/dags/water_quality_pipeline_dag.py
[2026-10-02T12:59:04.056+0000] {logging_mixin.py:190} INFO - [2026-10-02T12:59:04.055+0000] {dag.py:3239} INFO - Sync 1 DAGs
[2026-10-02T12:59:04.077+0000] {logging_mixin.py:190} INFO - [2026-10-02T12:59:04.076+0000] {dag.py:4180} INFO - Setting next_dagrun for water_quality_training_pipeline to None, run_after=None
[2026-10-02T12:59:04.104+0000] {processor.py:208} INFO - Processing /opt/airflow/dags/water_quality_pipeline_dag.py took 0.121 seconds
[2026-10-02T12:59:34.342+0000] {processor.py:186} INFO - Started process (PID=7841) to work on /opt/airflow/dags/water_quality_pipeline_dag.py
[2026-10-02T12:59:34.344+0000] {processor.py:914} INFO - Processing file /opt/airflow/dags/water_quality_pipeline_dag.py for tasks to queue
[2026-10-02T12:59:34.347+0000] {logging_mixin.py:190} INFO - [2026-10-02T12:59:34.347+0000] {dagbag.py:588} INFO - Filling up the DagBag from /opt/airflow/dags/water_quality_pipeline_dag.py
[2026-10-02T12:59:34.360+0000] {processor.py:925} INFO - DAG(s) 'water_quality_training_pipeline' retrieved from /opt/airflow/dags/water_quality_pipeline_dag.py
[2026-10-02T12:59:34.403+0000] {logging_mixin.py:190} INFO - [2026-10-02T12:59:34.403+0000] {dag.py:3239} INFO - Sync 1 DAGs
[2026-10-02T12:59:34.425+0000] {logging_mixin.py:190} INFO - [2026-10-02T12:59:34.424+0000] {dag.py:4180} INFO - Setting next_dagrun for water_quality_training_pipeline to None, run_after=None
[2026-10-02T12:59:34.632+0000] {processor.py:208} INFO - Processing /opt/airflow/dags/water_quality_pipeline_dag.py took 0.302 seconds
[2026-10-02T13:00:04.927+0000] {processor.py:186} INFO - Started process (PID=7863) to work on /opt/airflow/dags/water_quality_pipeline_dag.py
[2026-10-02T13:00:04.928+0000] {processor.py:914} INFO - Processing file /opt/airflow/dags/water_quality_pipeline_dag.py for tasks to queue
[2026-10-02T13:00:04.932+0000] {logging_mixin.py:190} INFO - [2026-10-02T13:00:04.932+0000] {dagbag.py:588} INFO - Filling up the DagBag from /opt/airflow/dags/water_quality_pipeline_dag.py
[2026-10-02T13:00:04.948+0000] {processor.py:925} INFO - DAG(s) 'water_quality_training_pipeline' retrieved from /opt/airflow/dags/water_quality_pipeline_dag.py
[2026-10-02T13:00:04.990+0000] {logging_mixin.py:190} INFO - [2026-10-02T13:00:04.989+0000] {dag.py:3239} INFO - Sync 1 DAGs
[2026-10-02T13:00:05.132+0000] {logging_mixin.py:190} INFO - [2026-10-02T13:00:05.132+0000] {dag.py:4180} INFO - Setting next_dagrun for water_quality_training_pipeline to None, run_after=None
[2026-10-02T13:00:05.153+0000] {processor.py:208} INFO - Processing /opt/airflow/dags/water_quality_pipeline_dag.py took 0.239 seconds
[2026-10-02T13:00:35.436+0000] {processor.py:186} INFO - Started process (PID=7884) to work on /opt/airflow/dags/water_quality_pipeline_dag.py
[2026-10-02T13:00:35.439+0000] {processor.py:914} INFO - Processing file /opt/airflow/dags/water_quality_pipeline_dag.py for tasks to queue
[2026-10-02T13:00:35.443+0000] {logging_mixin.py:190} INFO - [2026-10-02T13:00:35.443+0000] {dagbag.py:588} INFO - Filling up the DagBag from /opt/airflow/dags/water_quality_pipeline_dag.py
[2026-10-02T13:00:35.458+0000] {processor.py:925} INFO - DAG(s) 'water_quality_training_pipeline' retrieved from /opt/airflow/dags/water_quality_pipeline_dag.py
[2026-10-02T13:00:35.659+0000] {logging_mixin.py:190} INFO - [2026-10-02T13:00:35.659+0000] {dag.py:3239} INFO - Sync 1 DAGs
[2026-10-02T13:00:35.674+0000] {logging_mixin.py:190} INFO - [2026-10-02T13:00:35.674+0000] {dag.py:4180} INFO - Setting next_dagrun for water_quality_training_pipeline to None, run_after=None
[2026-10-02T13:00:35.699+0000] {processor.py:208} INFO - Processing /opt/airflow/dags/water_quality_pipeline_dag.py took 0.274 seconds
[2026-10-02T13:01:05.970+0000] {processor.py:186} INFO - Started process (PID=7913) to work on /opt/airflow/dags/water_quality_pipeline_dag.py
[2026-10-02T13:01:05.971+0000] {processor.py:914} INFO - Processing file /opt/airflow/dags/water_quality_pipeline_dag.py for tasks to queue
[2026-10-02T13:01:05.973+0000] {logging_mixin.py:190} INFO - [2026-10-02T13:01:05.973+0000] {dagbag.py:588} INFO - Filling up the DagBag from /opt/airflow/dags/water_quality_pipeline_dag.py
[2026-10-02T13:01:05.984+0000] {processor.py:925} INFO - DAG(s) 'water_quality_training_pipeline' retrieved from /opt/airflow/dags/water_quality_pipeline_dag.py
[2026-10-02T13:01:06.038+0000] {logging_mixin.py:190} INFO - [2026-10-02T13:01:06.038+0000] {dag.py:3239} INFO - Sync 1 DAGs
[2026-10-02T13:01:06.052+0000] {logging_mixin.py:190} INFO - [2026-10-02T13:01:06.052+0000] {dag.py:4180} INFO - Setting next_dagrun for water_quality_training_pipeline to None, run_after=None
[2026-10-02T13:01:06.074+0000] {processor.py:208} INFO - Processing /opt/airflow/dags/water_quality_pipeline_dag.py took 0.114 seconds
[2026-10-02T13:01:36.212+0000] {processor.py:186} INFO - Started process (PID=7934) to work on /opt/airflow/dags/water_quality_pipeline_dag.py
[2026-10-02T13:01:36.213+0000] {processor.py:914} INFO - Processing file /opt/airflow/dags/water_quality_pipeline_dag.py for tasks to queue
[2026-10-02T13:01:36.215+0000] {logging_mixin.py:190} INFO - [2026-10-02T13:01:36.214+0000] {dagbag.py:588} INFO - Filling up the DagBag from /opt/airflow/dags/water_quality_pipeline_dag.py
[2026-10-02T13:01:36.222+0000] {processor.py:925} INFO - DAG(s) 'water_quality_training_pipeline' retrieved from /opt/airflow/dags/water_quality_pipeline_dag.py
[2026-10-02T13:01:36.268+0000] {logging_mixin.py:190} INFO - [2026-10-02T13:01:36.268+0000] {dag.py:3239} INFO - Sync 1 DAGs
[2026-10-02T13:01:36.285+0000] {logging_mixin.py:190} INFO - [2026-10-02T13:01:36.284+0000] {dag.py:4180} INFO - Setting next_dagrun for water_quality_training_pipeline to None, run_after=None
[2026-10-02T13:01:36.315+0000] {processor.py:208} INFO - Processing /opt/airflow/dags/water_quality_pipeline_dag.py took 0.115 seconds
[2026-10-02T13:02:06.596+0000] {processor.py:186} INFO - Started process (PID=7962) to work on /opt/airflow/dags/water_quality_pipeline_dag.py
[2026-10-02T13:02:06.598+0000] {processor.py:914} INFO - Processing file /opt/airflow/dags/water_quality_pipeline_dag.py for tasks to queue
[2026-10-02T13:02:06.603+0000] {logging_mixin.py:190} INFO - [2026-10-02T13:02:06.602+0000] {dagbag.py:588} INFO - Filling up the DagBag from /opt/airflow/dags/water_quality_pipeline_dag.py
[2026-10-02T13:02:06.623+0000] {processor.py:925} INFO - DAG(s) 'water_quality_training_pipeline' retrieved from /opt/airflow/dags/water_quality_pipeline_dag.py
[2026-10-02T13:02:06.675+0000] {logging_mixin.py:190} INFO - [2026-10-02T13:02:06.674+0000] {dag.py:3239} INFO - Sync 1 DAGs
[2026-10-02T13:02:06.696+0000] {logging_mixin.py:190} INFO - [2026-10-02T13:02:06.695+0000] {dag.py:4180} INFO - Setting next_dagrun for water_quality_training_pipeline to None, run_after=None
[2026-10-02T13:02:06.742+0000] {processor.py:208} INFO - Processing /opt/airflow/dags/water_quality_pipeline_dag.py took 0.162 seconds
[2026-10-02T13:02:36.872+0000] {processor.py:186} INFO - Started process (PID=7984) to work on /opt/airflow/dags/water_quality_pipeline_dag.py
[2026-10-02T13:02:36.875+0000] {processor.py:914} INFO - Processing file /opt/airflow/dags/water_quality_pipeline_dag.py for tasks to queue
[2026-10-02T13:02:36.878+0000] {logging_mixin.py:190} INFO - [2026-10-02T13:02:36.877+0000] {dagbag.py:588} INFO - Filling up the DagBag from /opt/airflow/dags/water_quality_pipeline_dag.py
[2026-10-02T13:02:36.892+0000] {processor.py:925} INFO - DAG(s) 'water_quality_training_pipeline' retrieved from /opt/airflow/dags/water_quality_pipeline_dag.py
[2026-10-02T13:02:36.934+0000] {logging_mixin.py:190} INFO - [2026-10-02T13:02:36.933+0000] {dag.py:3239} INFO - Sync 1 DAGs
[2026-10-02T13:02:37.097+0000] {logging_mixin.py:190} INFO - [2026-10-02T13:02:37.097+0000] {dag.py:4180} INFO - Setting next_dagrun for water_quality_training_pipeline to None, run_after=None
[2026-10-02T13:02:37.117+0000] {processor.py:208} INFO - Processing /opt/airflow/dags/water_quality_pipeline_dag.py took 0.257 seconds
[2026-10-02T13:03:07.291+0000] {processor.py:186} INFO - Started process (PID=8005) to work on /opt/airflow/dags/water_quality_pipeline_dag.py
[2026-10-02T13:03:07.293+0000] {processor.py:914} INFO - Processing file /opt/airflow/dags/water_quality_pipeline_dag.py for tasks to queue
[2026-10-02T13:03:07.296+0000] {logging_mixin.py:190} INFO - [2026-10-02T13:03:07.295+0000] {dagbag.py:588} INFO - Filling up the DagBag from /opt/airflow/dags/water_quality_pipeline_dag.py
[2026-10-02T13:03:07.309+0000] {processor.py:925} INFO - DAG(s) 'water_quality_training_pipeline' retrieved from /opt/airflow/dags/water_quality_pipeline_dag.py
[2026-10-02T13:03:07.357+0000] {logging_mixin.py:190} INFO - [2026-10-02T13:03:07.357+0000] {dag.py:3239} INFO - Sync 1 DAGs
[2026-10-02T13:03:07.587+0000] {logging_mixin.py:190} INFO - [2026-10-02T13:03:07.586+0000] {dag.py:4180} INFO - Setting next_dagrun for water_quality_training_pipeline to None, run_after=None
[2026-10-02T13:03:07.614+0000] {processor.py:208} INFO - Processing /opt/airflow/dags/water_quality_pipeline_dag.py took 0.339 seconds
[2026-10-02T13:03:37.937+0000] {processor.py:186} INFO - Started process (PID=8034) to work on /opt/airflow/dags/water_quality_pipeline_dag.py
[2026-10-02T13:03:37.940+0000] {processor.py:914} INFO - Processing file /opt/airflow/dags/water_quality_pipeline_dag.py for tasks to queue
[2026-10-02T13:03:37.944+0000] {logging_mixin.py:190} INFO - [2026-10-02T13:03:37.943+0000] {dagbag.py:588} INFO - Filling up the DagBag from /opt/airflow/dags/water_quality_pipeline_dag.py
[2026-10-02T13:03:37.958+0000] {processor.py:925} INFO - DAG(s) 'water_quality_training_pipeline' retrieved from /opt/airflow/dags/water_quality_pipeline_dag.py
[2026-10-02T13:03:37.995+0000] {logging_mixin.py:190} INFO - [2026-10-02T13:03:37.995+0000] {dag.py:3239} INFO - Sync 1 DAGs
[2026-10-02T13:03:38.013+0000] {logging_mixin.py:190} INFO - [2026-10-02T13:03:38.013+0000] {dag.py:4180} INFO - Setting next_dagrun for water_quality_training_pipeline to None, run_after=None
[2026-10-02T13:03:38.036+0000] {processor.py:208} INFO - Processing /opt/airflow/dags/water_quality_pipeline_dag.py took 0.111 seconds
[2026-10-02T13:04:08.195+0000] {processor.py:186} INFO - Started process (PID=8055) to work on /opt/airflow/dags/water_quality_pipeline_dag.py
[2026-10-02T13:04:08.196+0000] {processor.py:914} INFO - Processing file /opt/airflow/dags/water_quality_pipeline_dag.py for tasks to queue
[2026-10-02T13:04:08.200+0000] {logging_mixin.py:190} INFO - [2026-10-02T13:04:08.200+0000] {dagbag.py:588} INFO - Filling up the DagBag from /opt/airflow/dags/water_quality_pipeline_dag.py
[2026-10-02T13:04:08.214+0000] {processor.py:925} INFO - DAG(s) 'water_quality_training_pipeline' retrieved from /opt/airflow/dags/water_quality_pipeline_dag.py
[2026-10-02T13:04:08.258+0000] {logging_mixin.py:190} INFO - [2026-10-02T13:04:08.257+0000] {dag.py:3239} INFO - Sync 1 DAGs
[2026-10-02T13:04:08.279+0000] {logging_mixin.py:190} INFO - [2026-10-02T13:04:08.279+0000] {dag.py:4180} INFO - Setting next_dagrun for water_quality_training_pipeline to None, run_after=None
[2026-10-02T13:04:08.308+0000] {processor.py:208} INFO - Processing /opt/airflow/dags/water_quality_pipeline_dag.py took 0.123 seconds
[2026-10-02T13:04:38.560+0000] {processor.py:186} INFO - Started process (PID=8076) to work on /opt/airflow/dags/water_quality_pipeline_dag.py
[2026-10-02T13:04:38.564+0000] {processor.py:914} INFO - Processing file /opt/airflow/dags/water_quality_pipeline_dag.py for tasks to queue
[2026-10-02T13:04:38.567+0000] {logging_mixin.py:190} INFO - [2026-10-02T13:04:38.567+0000] {dagbag.py:588} INFO - Filling up the DagBag from /opt/airflow/dags/water_quality_pipeline_dag.py
[2026-10-02T13:04:38.580+0000] {processor.py:925} INFO - DAG(s) 'water_quality_training_pipeline' retrieved from /opt/airflow/dags/water_quality_pipeline_dag.py
[2026-10-02T13:04:38.610+0000] {logging_mixin.py:190} INFO - [2026-10-02T13:04:38.610+0000] {dag.py:3239} INFO - Sync 1 DAGs
[2026-10-02T13:04:38.627+0000] {logging_mixin.py:190} INFO - [2026-10-02T13:04:38.626+0000] {dag.py:4180} INFO - Setting next_dagrun for water_quality_training_pipeline to None, run_after=None
[2026-10-02T13:04:38.650+0000] {processor.py:208} INFO - Processing /opt/airflow/dags/water_quality_pipeline_dag.py took 0.098 seconds
[2026-10-02T13:05:08.816+0000] {processor.py:186} INFO - Started process (PID=8104) to work on /opt/airflow/dags/water_quality_pipeline_dag.py
[2026-10-02T13:05:08.816+0000] {processor.py:914} INFO - Processing file /opt/airflow/dags/water_quality_pipeline_dag.py for tasks to queue
[2026-10-02T13:05:08.819+0000] {logging_mixin.py:190} INFO - [2026-10-02T13:05:08.818+0000] {dagbag.py:588} INFO - Filling up the DagBag from /opt/airflow/dags/water_quality_pipeline_dag.py
[2026-10-02T13:05:08.830+0000] {processor.py:925} INFO - DAG(s) 'water_quality_training_pipeline' retrieved from /opt/airflow/dags/water_quality_pipeline_dag.py
[2026-10-02T13:05:08.866+0000] {logging_mixin.py:190} INFO - [2026-10-02T13:05:08.866+0000] {dag.py:3239} INFO - Sync 1 DAGs
[2026-10-02T13:05:08.883+0000] {logging_mixin.py:190} INFO - [2026-10-02T13:05:08.883+0000] {dag.py:4180} INFO - Setting next_dagrun for water_quality_training_pipeline to None, run_after=None
[2026-10-02T13:05:08.906+0000] {processor.py:208} INFO - Processing /opt/airflow/dags/water_quality_pipeline_dag.py took 0.101 seconds
[2026-10-02T13:05:39.180+0000] {processor.py:186} INFO - Started process (PID=8125) to work on /opt/airflow/dags/water_quality_pipeline_dag.py
[2026-10-02T13:05:39.182+0000] {processor.py:914} INFO - Processing file /opt/airflow/dags/water_quality_pipeline_dag.py for tasks to queue
[2026-10-02T13:05:39.186+0000] {logging_mixin.py:190} INFO - [2026-10-02T13:05:39.185+0000] {dagbag.py:588} INFO - Filling up the DagBag from /opt/airflow/dags/water_quality_pipeline_dag.py
[2026-10-02T13:05:39.198+0000] {processor.py:925} INFO - DAG(s) 'water_quality_training_pipeline' retrieved from /opt/airflow/dags/water_quality_pipeline_dag.py
[2026-10-02T13:05:39.238+0000] {logging_mixin.py:190} INFO - [2026-10-02T13:05:39.237+0000] {dag.py:3239} INFO - Sync 1 DAGs
[2026-10-02T13:05:39.432+0000] {logging_mixin.py:190} INFO - [2026-10-02T13:05:39.432+0000] {dag.py:4180} INFO - Setting next_dagrun for water_quality_training_pipeline to None, run_after=None
[2026-10-02T13:05:39.461+0000] {processor.py:208} INFO - Processing /opt/airflow/dags/water_quality_pipeline_dag.py took 0.292 seconds
[2026-10-02T13:06:09.789+0000] {processor.py:186} INFO - Started process (PID=8146) to work on /opt/airflow/dags/water_quality_pipeline_dag.py
[2026-10-02T13:06:09.790+0000] {processor.py:914} INFO - Processing file /opt/airflow/dags/water_quality_pipeline_dag.py for tasks to queue
[2026-10-02T13:06:09.793+0000] {logging_mixin.py:190} INFO - [2026-10-02T13:06:09.793+0000] {dagbag.py:588} INFO - Filling up the DagBag from /opt/airflow/dags/water_quality_pipeline_dag.py
[2026-10-02T13:06:09.808+0000] {processor.py:925} INFO - DAG(s) 'water_quality_training_pipeline' retrieved from /opt/airflow/dags/water_quality_pipeline_dag.py
[2026-10-02T13:06:09.995+0000] {logging_mixin.py:190} INFO - [2026-10-02T13:06:09.995+0000] {dag.py:3239} INFO - Sync 1 DAGs
[2026-10-02T13:06:10.011+0000] {logging_mixin.py:190} INFO - [2026-10-02T13:06:10.010+0000] {dag.py:4180} INFO - Setting next_dagrun for water_quality_training_pipeline to None, run_after=None
[2026-10-02T13:06:10.028+0000] {processor.py:208} INFO - Processing /opt/airflow/dags/water_quality_pipeline_dag.py took 0.251 seconds
[2026-10-02T13:06:40.323+0000] {processor.py:186} INFO - Started process (PID=8174) to work on /opt/airflow/dags/water_quality_pipeline_dag.py
[2026-10-02T13:06:40.327+0000] {processor.py:914} INFO - Processing file /opt/airflow/dags/water_quality_pipeline_dag.py for tasks to queue
[2026-10-02T13:06:40.330+0000] {logging_mixin.py:190} INFO - [2026-10-02T13:06:40.329+0000] {dagbag.py:588} INFO - Filling up the DagBag from /opt/airflow/dags/water_quality_pipeline_dag.py
[2026-10-02T13:06:40.344+0000] {processor.py:925} INFO - DAG(s) 'water_quality_training_pipeline' retrieved from /opt/airflow/dags/water_quality_pipeline_dag.py
[2026-10-02T13:06:40.385+0000] {logging_mixin.py:190} INFO - [2026-10-02T13:06:40.384+0000] {dag.py:3239} INFO - Sync 1 DAGs
[2026-10-02T13:06:40.406+0000] {logging_mixin.py:190} INFO - [2026-10-02T13:06:40.405+0000] {dag.py:4180} INFO - Setting next_dagrun for water_quality_training_pipeline to None, run_after=None
[2026-10-02T13:06:40.429+0000] {processor.py:208} INFO - Processing /opt/airflow/dags/water_quality_pipeline_dag.py took 0.120 seconds
[2026-10-02T13:07:10.564+0000] {processor.py:186} INFO - Started process (PID=8195) to work on /opt/airflow/dags/water_quality_pipeline_dag.py
[2026-10-02T13:07:10.565+0000] {processor.py:914} INFO - Processing file /opt/airflow/dags/water_quality_pipeline_dag.py for tasks to queue
[2026-10-02T13:07:10.568+0000] {logging_mixin.py:190} INFO - [2026-10-02T13:07:10.568+0000] {dagbag.py:588} INFO - Filling up the DagBag from /opt/airflow/dags/water_quality_pipeline_dag.py
[2026-10-02T13:07:10.582+0000] {processor.py:925} INFO - DAG(s) 'water_quality_training_pipeline' retrieved from /opt/airflow/dags/water_quality_pipeline_dag.py
[2026-10-02T13:07:10.616+0000] {logging_mixin.py:190} INFO - [2026-10-02T13:07:10.616+0000] {dag.py:3239} INFO - Sync 1 DAGs
[2026-10-02T13:07:10.635+0000] {logging_mixin.py:190} INFO - [2026-10-02T13:07:10.635+0000] {dag.py:4180} INFO - Setting next_dagrun for water_quality_training_pipeline to None, run_after=None
[2026-10-02T13:07:10.662+0000] {processor.py:208} INFO - Processing /opt/airflow/dags/water_quality_pipeline_dag.py took 0.107 seconds
[2026-10-02T13:07:40.946+0000] {processor.py:186} INFO - Started process (PID=8223) to work on /opt/airflow/dags/water_quality_pipeline_dag.py
[2026-10-02T13:07:40.947+0000] {processor.py:914} INFO - Processing file /opt/airflow/dags/water_quality_pipeline_dag.py for tasks to queue
[2026-10-02T13:07:40.950+0000] {logging_mixin.py:190} INFO - [2026-10-02T13:07:40.950+0000] {dagbag.py:588} INFO - Filling up the DagBag from /opt/airflow/dags/water_quality_pipeline_dag.py
[2026-10-02T13:07:40.964+0000] {processor.py:925} INFO - DAG(s) 'water_quality_training_pipeline' retrieved from /opt/airflow/dags/water_quality_pipeline_dag.py
[2026-10-02T13:07:41.005+0000] {logging_mixin.py:190} INFO - [2026-10-02T13:07:41.004+0000] {dag.py:3239} INFO - Sync 1 DAGs
[2026-10-02T13:07:41.025+0000] {logging_mixin.py:190} INFO - [2026-10-02T13:07:41.025+0000] {dag.py:4180} INFO - Setting next_dagrun for water_quality_training_pipeline to None, run_after=None
[2026-10-02T13:07:41.050+0000] {processor.py:208} INFO - Processing /opt/airflow/dags/water_quality_pipeline_dag.py took 0.116 seconds
[2026-10-02T13:08:11.227+0000] {processor.py:186} INFO - Started process (PID=8245) to work on /opt/airflow/dags/water_quality_pipeline_dag.py
[2026-10-02T13:08:11.228+0000] {processor.py:914} INFO - Processing file /opt/airflow/dags/water_quality_pipeline_dag.py for tasks to queue
[2026-10-02T13:08:11.232+0000] {logging_mixin.py:190} INFO - [2026-10-02T13:08:11.231+0000] {dagbag.py:588} INFO - Filling up the DagBag from /opt/airflow/dags/water_quality_pipeline_dag.py
[2026-10-02T13:08:11.246+0000] {processor.py:925} INFO - DAG(s) 'water_quality_training_pipeline' retrieved from /opt/airflow/dags/water_quality_pipeline_dag.py
[2026-10-02T13:08:11.285+0000] {logging_mixin.py:190} INFO - [2026-10-02T13:08:11.284+0000] {dag.py:3239} INFO - Sync 1 DAGs
[2026-10-02T13:08:11.307+0000] {logging_mixin.py:190} INFO - [2026-10-02T13:08:11.306+0000] {dag.py:4180} INFO - Setting next_dagrun for water_quality_training_pipeline to None, run_after=None
[2026-10-02T13:08:11.521+0000] {processor.py:208} INFO - Processing /opt/airflow/dags/water_quality_pipeline_dag.py took 0.306 seconds
[2026-10-02T13:08:41.804+0000] {processor.py:186} INFO - Started process (PID=8266) to work on /opt/airflow/dags/water_quality_pipeline_dag.py
[2026-10-02T13:08:41.805+0000] {processor.py:914} INFO - Processing file /opt/airflow/dags/water_quality_pipeline_dag.py for tasks to queue
[2026-10-02T13:08:41.808+0000] {logging_mixin.py:190} INFO - [2026-10-02T13:08:41.808+0000] {dagbag.py:588} INFO - Filling up the DagBag from /opt/airflow/dags/water_quality_pipeline_dag.py
[2026-10-02T13:08:41.821+0000] {processor.py:925} INFO - DAG(s) 'water_quality_training_pipeline' retrieved from /opt/airflow/dags/water_quality_pipeline_dag.py
[2026-10-02T13:08:41.862+0000] {logging_mixin.py:190} INFO - [2026-10-02T13:08:41.861+0000] {dag.py:3239} INFO - Sync 1 DAGs
[2026-10-02T13:08:42.020+0000] {logging_mixin.py:190} INFO - [2026-10-02T13:08:42.020+0000] {dag.py:4180} INFO - Setting next_dagrun for water_quality_training_pipeline to None, run_after=None
[2026-10-02T13:08:42.043+0000] {processor.py:208} INFO - Processing /opt/airflow/dags/water_quality_pipeline_dag.py took 0.249 seconds
[2026-10-02T13:09:12.330+0000] {processor.py:186} INFO - Started process (PID=8295) to work on /opt/airflow/dags/water_quality_pipeline_dag.py
[2026-10-02T13:09:12.331+0000] {processor.py:914} INFO - Processing file /opt/airflow/dags/water_quality_pipeline_dag.py for tasks to queue
[2026-10-02T13:09:12.334+0000] {logging_mixin.py:190} INFO - [2026-10-02T13:09:12.334+0000] {dagbag.py:588} INFO - Filling up the DagBag from /opt/airflow/dags/water_quality_pipeline_dag.py
[2026-10-02T13:09:12.349+0000] {processor.py:925} INFO - DAG(s) 'water_quality_training_pipeline' retrieved from /opt/airflow/dags/water_quality_pipeline_dag.py
[2026-10-02T13:09:12.502+0000] {logging_mixin.py:190} INFO - [2026-10-02T13:09:12.502+0000] {dag.py:3239} INFO - Sync 1 DAGs
[2026-10-02T13:09:12.514+0000] {logging_mixin.py:190} INFO - [2026-10-02T13:09:12.513+0000] {dag.py:4180} INFO - Setting next_dagrun for water_quality_training_pipeline to None, run_after=None
[2026-10-02T13:09:12.530+0000] {processor.py:208} INFO - Processing /opt/airflow/dags/water_quality_pipeline_dag.py took 0.212 seconds
[2026-10-02T13:09:42.815+0000] {processor.py:186} INFO - Started process (PID=8316) to work on /opt/airflow/dags/water_quality_pipeline_dag.py
[2026-10-02T13:09:42.818+0000] {processor.py:914} INFO - Processing file /opt/airflow/dags/water_quality_pipeline_dag.py for tasks to queue
[2026-10-02T13:09:42.821+0000] {logging_mixin.py:190} INFO - [2026-10-02T13:09:42.820+0000] {dagbag.py:588} INFO - Filling up the DagBag from /opt/airflow/dags/water_quality_pipeline_dag.py
[2026-10-02T13:09:42.835+0000] {processor.py:925} INFO - DAG(s) 'water_quality_training_pipeline' retrieved from /opt/airflow/dags/water_quality_pipeline_dag.py
[2026-10-02T13:09:42.881+0000] {logging_mixin.py:190} INFO - [2026-10-02T13:09:42.881+0000] {dag.py:3239} INFO - Sync 1 DAGs
[2026-10-02T13:09:42.901+0000] {logging_mixin.py:190} INFO - [2026-10-02T13:09:42.901+0000] {dag.py:4180} INFO - Setting next_dagrun for water_quality_training_pipeline to None, run_after=None
[2026-10-02T13:09:42.931+0000] {processor.py:208} INFO - Processing /opt/airflow/dags/water_quality_pipeline_dag.py took 0.126 seconds
[2026-10-02T13:10:13.069+0000] {processor.py:186} INFO - Started process (PID=8344) to work on /opt/airflow/dags/water_quality_pipeline_dag.py
[2026-10-02T13:10:13.070+0000] {processor.py:914} INFO - Processing file /opt/airflow/dags/water_quality_pipeline_dag.py for tasks to queue
[2026-10-02T13:10:13.073+0000] {logging_mixin.py:190} INFO - [2026-10-02T13:10:13.073+0000] {dagbag.py:588} INFO - Filling up the DagBag from /opt/airflow/dags/water_quality_pipeline_dag.py
[2026-10-02T13:10:13.089+0000] {processor.py:925} INFO - DAG(s) 'water_quality_training_pipeline' retrieved from /opt/airflow/dags/water_quality_pipeline_dag.py
[2026-10-02T13:10:13.153+0000] {logging_mixin.py:190} INFO - [2026-10-02T13:10:13.152+0000] {dag.py:3239} INFO - Sync 1 DAGs
[2026-10-02T13:10:13.178+0000] {logging_mixin.py:190} INFO - [2026-10-02T13:10:13.177+0000] {dag.py:4180} INFO - Setting next_dagrun for water_quality_training_pipeline to None, run_after=None
[2026-10-02T13:10:13.219+0000] {processor.py:208} INFO - Processing /opt/airflow/dags/water_quality_pipeline_dag.py took 0.160 seconds
[2026-10-02T13:10:43.453+0000] {processor.py:186} INFO - Started process (PID=8366) to work on /opt/airflow/dags/water_quality_pipeline_dag.py
[2026-10-02T13:10:43.455+0000] {processor.py:914} INFO - Processing file /opt/airflow/dags/water_quality_pipeline_dag.py for tasks to queue
[2026-10-02T13:10:43.459+0000] {logging_mixin.py:190} INFO - [2026-10-02T13:10:43.458+0000] {dagbag.py:588} INFO - Filling up the DagBag from /opt/airflow/dags/water_quality_pipeline_dag.py
[2026-10-02T13:10:43.474+0000] {processor.py:925} INFO - DAG(s) 'water_quality_training_pipeline' retrieved from /opt/airflow/dags/water_quality_pipeline_dag.py
[2026-10-02T13:10:43.513+0000] {logging_mixin.py:190} INFO - [2026-10-02T13:10:43.512+0000] {dag.py:3239} INFO - Sync 1 DAGs
[2026-10-02T13:10:43.533+0000] {logging_mixin.py:190} INFO - [2026-10-02T13:10:43.533+0000] {dag.py:4180} INFO - Setting next_dagrun for water_quality_training_pipeline to None, run_after=None
[2026-10-02T13:10:43.556+0000] {processor.py:208} INFO - Processing /opt/airflow/dags/water_quality_pipeline_dag.py took 0.115 seconds
[2026-10-02T13:11:13.726+0000] {processor.py:186} INFO - Started process (PID=8387) to work on /opt/airflow/dags/water_quality_pipeline_dag.py
[2026-10-02T13:11:13.727+0000] {processor.py:914} INFO - Processing file /opt/airflow/dags/water_quality_pipeline_dag.py for tasks to queue
[2026-10-02T13:11:13.730+0000] {logging_mixin.py:190} INFO - [2026-10-02T13:11:13.730+0000] {dagbag.py:588} INFO - Filling up the DagBag from /opt/airflow/dags/water_quality_pipeline_dag.py
[2026-10-02T13:11:13.744+0000] {processor.py:925} INFO - DAG(s) 'water_quality_training_pipeline' retrieved from /opt/airflow/dags/water_quality_pipeline_dag.py
[2026-10-02T13:11:13.784+0000] {logging_mixin.py:190} INFO - [2026-10-02T13:11:13.783+0000] {dag.py:3239} INFO - Sync 1 DAGs
[2026-10-02T13:11:13.946+0000] {logging_mixin.py:190} INFO - [2026-10-02T13:11:13.946+0000] {dag.py:4180} INFO - Setting next_dagrun for water_quality_training_pipeline to None, run_after=None
[2026-10-02T13:11:13.967+0000] {processor.py:208} INFO - Processing /opt/airflow/dags/water_quality_pipeline_dag.py took 0.249 seconds
[2026-10-02T13:11:44.060+0000] {processor.py:186} INFO - Started process (PID=8416) to work on /opt/airflow/dags/water_quality_pipeline_dag.py
[2026-10-02T13:11:44.063+0000] {processor.py:914} INFO - Processing file /opt/airflow/dags/water_quality_pipeline_dag.py for tasks to queue
[2026-10-02T13:11:44.068+0000] {logging_mixin.py:190} INFO - [2026-10-02T13:11:44.067+0000] {dagbag.py:588} INFO - Filling up the DagBag from /opt/airflow/dags/water_quality_pipeline_dag.py
[2026-10-02T13:11:44.080+0000] {processor.py:925} INFO - DAG(s) 'water_quality_training_pipeline' retrieved from /opt/airflow/dags/water_quality_pipeline_dag.py
[2026-10-02T13:11:44.119+0000] {logging_mixin.py:190} INFO - [2026-10-02T13:11:44.119+0000] {dag.py:3239} INFO - Sync 1 DAGs
[2026-10-02T13:11:44.316+0000] {logging_mixin.py:190} INFO - [2026-10-02T13:11:44.316+0000] {dag.py:4180} INFO - Setting next_dagrun for water_quality_training_pipeline to None, run_after=None
[2026-10-02T13:11:44.339+0000] {processor.py:208} INFO - Processing /opt/airflow/dags/water_quality_pipeline_dag.py took 0.290 seconds
[2026-10-02T13:12:14.504+0000] {processor.py:186} INFO - Started process (PID=8436) to work on /opt/airflow/dags/water_quality_pipeline_dag.py
[2026-10-02T13:12:14.505+0000] {processor.py:914} INFO - Processing file /opt/airflow/dags/water_quality_pipeline_dag.py for tasks to queue
[2026-10-02T13:12:14.509+0000] {logging_mixin.py:190} INFO - [2026-10-02T13:12:14.508+0000] {dagbag.py:588} INFO - Filling up the DagBag from /opt/airflow/dags/water_quality_pipeline_dag.py
[2026-10-02T13:12:14.520+0000] {processor.py:925} INFO - DAG(s) 'water_quality_training_pipeline' retrieved from /opt/airflow/dags/water_quality_pipeline_dag.py
[2026-10-02T13:12:14.723+0000] {logging_mixin.py:190} INFO - [2026-10-02T13:12:14.723+0000] {dag.py:3239} INFO - Sync 1 DAGs
[2026-10-02T13:12:14.740+0000] {logging_mixin.py:190} INFO - [2026-10-02T13:12:14.740+0000] {dag.py:4180} INFO - Setting next_dagrun for water_quality_training_pipeline to None, run_after=None
[2026-10-02T13:12:14.766+0000] {processor.py:208} INFO - Processing /opt/airflow/dags/water_quality_pipeline_dag.py took 0.273 seconds
[2026-10-02T13:12:44.857+0000] {processor.py:186} INFO - Started process (PID=8464) to work on /opt/airflow/dags/water_quality_pipeline_dag.py
[2026-10-02T13:12:44.859+0000] {processor.py:914} INFO - Processing file /opt/airflow/dags/water_quality_pipeline_dag.py for tasks to queue
[2026-10-02T13:12:44.863+0000] {logging_mixin.py:190} INFO - [2026-10-02T13:12:44.863+0000] {dagbag.py:588} INFO - Filling up the DagBag from /opt/airflow/dags/water_quality_pipeline_dag.py
[2026-10-02T13:12:44.876+0000] {processor.py:925} INFO - DAG(s) 'water_quality_training_pipeline' retrieved from /opt/airflow/dags/water_quality_pipeline_dag.py
[2026-10-02T13:12:44.915+0000] {logging_mixin.py:190} INFO - [2026-10-02T13:12:44.915+0000] {dag.py:3239} INFO - Sync 1 DAGs
[2026-10-02T13:12:44.933+0000] {logging_mixin.py:190} INFO - [2026-10-02T13:12:44.933+0000] {dag.py:4180} INFO - Setting next_dagrun for water_quality_training_pipeline to None, run_after=None
[2026-10-02T13:12:44.954+0000] {processor.py:208} INFO - Processing /opt/airflow/dags/water_quality_pipeline_dag.py took 0.109 seconds
[2026-10-02T13:13:15.100+0000] {processor.py:186} INFO - Started process (PID=8486) to work on /opt/airflow/dags/water_quality_pipeline_dag.py
[2026-10-02T13:13:15.101+0000] {processor.py:914} INFO - Processing file /opt/airflow/dags/water_quality_pipeline_dag.py for tasks to queue
[2026-10-02T13:13:15.105+0000] {logging_mixin.py:190} INFO - [2026-10-02T13:13:15.105+0000] {dagbag.py:588} INFO - Filling up the DagBag from /opt/airflow/dags/water_quality_pipeline_dag.py
[2026-10-02T13:13:15.118+0000] {processor.py:925} INFO - DAG(s) 'water_quality_training_pipeline' retrieved from /opt/airflow/dags/water_quality_pipeline_dag.py
[2026-10-02T13:13:15.168+0000] {logging_mixin.py:190} INFO - [2026-10-02T13:13:15.168+0000] {dag.py:3239} INFO - Sync 1 DAGs
[2026-10-02T13:13:15.187+0000] {logging_mixin.py:190} INFO - [2026-10-02T13:13:15.186+0000] {dag.py:4180} INFO - Setting next_dagrun for water_quality_training_pipeline to None, run_after=None
[2026-10-02T13:13:15.209+0000] {processor.py:208} INFO - Processing /opt/airflow/dags/water_quality_pipeline_dag.py took 0.120 seconds
[2026-10-02T13:13:45.466+0000] {processor.py:186} INFO - Started process (PID=8507) to work on /opt/airflow/dags/water_quality_pipeline_dag.py
[2026-10-02T13:13:45.469+0000] {processor.py:914} INFO - Processing file /opt/airflow/dags/water_quality_pipeline_dag.py for tasks to queue
[2026-10-02T13:13:45.472+0000] {logging_mixin.py:190} INFO - [2026-10-02T13:13:45.471+0000] {dagbag.py:588} INFO - Filling up the DagBag from /opt/airflow/dags/water_quality_pipeline_dag.py
[2026-10-02T13:13:45.483+0000] {processor.py:925} INFO - DAG(s) 'water_quality_training_pipeline' retrieved from /opt/airflow/dags/water_quality_pipeline_dag.py
[2026-10-02T13:13:45.518+0000] {logging_mixin.py:190} INFO - [2026-10-02T13:13:45.518+0000] {dag.py:3239} INFO - Sync 1 DAGs
[2026-10-02T13:13:45.536+0000] {logging_mixin.py:190} INFO - [2026-10-02T13:13:45.535+0000] {dag.py:4180} INFO - Setting next_dagrun for water_quality_training_pipeline to None, run_after=None
[2026-10-02T13:13:45.772+0000] {processor.py:208} INFO - Processing /opt/airflow/dags/water_quality_pipeline_dag.py took 0.315 seconds
[2026-10-02T13:14:16.061+0000] {processor.py:186} INFO - Started process (PID=8536) to work on /opt/airflow/dags/water_quality_pipeline_dag.py
[2026-10-02T13:14:16.062+0000] {processor.py:914} INFO - Processing file /opt/airflow/dags/water_quality_pipeline_dag.py for tasks to queue
[2026-10-02T13:14:16.065+0000] {logging_mixin.py:190} INFO - [2026-10-02T13:14:16.064+0000] {dagbag.py:588} INFO - Filling up the DagBag from /opt/airflow/dags/water_quality_pipeline_dag.py
[2026-10-02T13:14:16.076+0000] {processor.py:925} INFO - DAG(s) 'water_quality_training_pipeline' retrieved from /opt/airflow/dags/water_quality_pipeline_dag.py
[2026-10-02T13:14:16.117+0000] {logging_mixin.py:190} INFO - [2026-10-02T13:14:16.116+0000] {dag.py:3239} INFO - Sync 1 DAGs
[2026-10-02T13:14:16.273+0000] {logging_mixin.py:190} INFO - [2026-10-02T13:14:16.273+0000] {dag.py:4180} INFO - Setting next_dagrun for water_quality_training_pipeline to None, run_after=None
[2026-10-02T13:14:16.295+0000] {processor.py:208} INFO - Processing /opt/airflow/dags/water_quality_pipeline_dag.py took 0.241 seconds
[2026-10-02T13:14:46.583+0000] {processor.py:186} INFO - Started process (PID=8557) to work on /opt/airflow/dags/water_quality_pipeline_dag.py
[2026-10-02T13:14:46.584+0000] {processor.py:914} INFO - Processing file /opt/airflow/dags/water_quality_pipeline_dag.py for tasks to queue
[2026-10-02T13:14:46.587+0000] {logging_mixin.py:190} INFO - [2026-10-02T13:14:46.587+0000] {dagbag.py:588} INFO - Filling up the DagBag from /opt/airflow/dags/water_quality_pipeline_dag.py
[2026-10-02T13:14:46.600+0000] {processor.py:925} INFO - DAG(s) 'water_quality_training_pipeline' retrieved from /opt/airflow/dags/water_quality_pipeline_dag.py
[2026-10-02T13:14:46.782+0000] {logging_mixin.py:190} INFO - [2026-10-02T13:14:46.782+0000] {dag.py:3239} INFO - Sync 1 DAGs
[2026-10-02T13:14:46.795+0000] {logging_mixin.py:190} INFO - [2026-10-02T13:14:46.795+0000] {dag.py:4180} INFO - Setting next_dagrun for water_quality_training_pipeline to None, run_after=None
[2026-10-02T13:14:46.818+0000] {processor.py:208} INFO - Processing /opt/airflow/dags/water_quality_pipeline_dag.py took 0.244 seconds
[2026-10-02T13:15:17.125+0000] {processor.py:186} INFO - Started process (PID=8578) to work on /opt/airflow/dags/water_quality_pipeline_dag.py
[2026-10-02T13:15:17.126+0000] {processor.py:914} INFO - Processing file /opt/airflow/dags/water_quality_pipeline_dag.py for tasks to queue
[2026-10-02T13:15:17.129+0000] {logging_mixin.py:190} INFO - [2026-10-02T13:15:17.129+0000] {dagbag.py:588} INFO - Filling up the DagBag from /opt/airflow/dags/water_quality_pipeline_dag.py
[2026-10-02T13:15:17.144+0000] {processor.py:925} INFO - DAG(s) 'water_quality_training_pipeline' retrieved from /opt/airflow/dags/water_quality_pipeline_dag.py
[2026-10-02T13:15:17.191+0000] {logging_mixin.py:190} INFO - [2026-10-02T13:15:17.191+0000] {dag.py:3239} INFO - Sync 1 DAGs
[2026-10-02T13:15:17.212+0000] {logging_mixin.py:190} INFO - [2026-10-02T13:15:17.211+0000] {dag.py:4180} INFO - Setting next_dagrun for water_quality_training_pipeline to None, run_after=None
[2026-10-02T13:15:17.248+0000] {processor.py:208} INFO - Processing /opt/airflow/dags/water_quality_pipeline_dag.py took 0.135 seconds
[2026-10-02T13:15:47.366+0000] {processor.py:186} INFO - Started process (PID=8607) to work on /opt/airflow/dags/water_quality_pipeline_dag.py
[2026-10-02T13:15:47.369+0000] {processor.py:914} INFO - Processing file /opt/airflow/dags/water_quality_pipeline_dag.py for tasks to queue
[2026-10-02T13:15:47.372+0000] {logging_mixin.py:190} INFO - [2026-10-02T13:15:47.371+0000] {dagbag.py:588} INFO - Filling up the DagBag from /opt/airflow/dags/water_quality_pipeline_dag.py
[2026-10-02T13:15:47.383+0000] {processor.py:925} INFO - DAG(s) 'water_quality_training_pipeline' retrieved from /opt/airflow/dags/water_quality_pipeline_dag.py
[2026-10-02T13:15:47.429+0000] {logging_mixin.py:190} INFO - [2026-10-02T13:15:47.429+0000] {dag.py:3239} INFO - Sync 1 DAGs
[2026-10-02T13:15:47.448+0000] {logging_mixin.py:190} INFO - [2026-10-02T13:15:47.447+0000] {dag.py:4180} INFO - Setting next_dagrun for water_quality_training_pipeline to None, run_after=None
[2026-10-02T13:15:47.481+0000] {processor.py:208} INFO - Processing /opt/airflow/dags/water_quality_pipeline_dag.py took 0.126 seconds
[2026-10-02T13:16:17.769+0000] {processor.py:186} INFO - Started process (PID=8627) to work on /opt/airflow/dags/water_quality_pipeline_dag.py
[2026-10-02T13:16:17.770+0000] {processor.py:914} INFO - Processing file /opt/airflow/dags/water_quality_pipeline_dag.py for tasks to queue
[2026-10-02T13:16:17.774+0000] {logging_mixin.py:190} INFO - [2026-10-02T13:16:17.774+0000] {dagbag.py:588} INFO - Filling up the DagBag from /opt/airflow/dags/water_quality_pipeline_dag.py
[2026-10-02T13:16:17.785+0000] {processor.py:925} INFO - DAG(s) 'water_quality_training_pipeline' retrieved from /opt/airflow/dags/water_quality_pipeline_dag.py
[2026-10-02T13:16:17.833+0000] {logging_mixin.py:190} INFO - [2026-10-02T13:16:17.833+0000] {dag.py:3239} INFO - Sync 1 DAGs
[2026-10-02T13:16:17.851+0000] {logging_mixin.py:190} INFO - [2026-10-02T13:16:17.851+0000] {dag.py:4180} INFO - Setting next_dagrun for water_quality_training_pipeline to None, run_after=None
[2026-10-02T13:16:17.875+0000] {processor.py:208} INFO - Processing /opt/airflow/dags/water_quality_pipeline_dag.py took 0.117 seconds
[2026-10-02T13:16:48.028+0000] {processor.py:186} INFO - Started process (PID=8655) to work on /opt/airflow/dags/water_quality_pipeline_dag.py
[2026-10-02T13:16:48.029+0000] {processor.py:914} INFO - Processing file /opt/airflow/dags/water_quality_pipeline_dag.py for tasks to queue
[2026-10-02T13:16:48.033+0000] {logging_mixin.py:190} INFO - [2026-10-02T13:16:48.032+0000] {dagbag.py:588} INFO - Filling up the DagBag from /opt/airflow/dags/water_quality_pipeline_dag.py
[2026-10-02T13:16:48.044+0000] {processor.py:925} INFO - DAG(s) 'water_quality_training_pipeline' retrieved from /opt/airflow/dags/water_quality_pipeline_dag.py
[2026-10-02T13:16:48.094+0000] {logging_mixin.py:190} INFO - [2026-10-02T13:16:48.093+0000] {dag.py:3239} INFO - Sync 1 DAGs
[2026-10-02T13:16:48.116+0000] {logging_mixin.py:190} INFO - [2026-10-02T13:16:48.115+0000] {dag.py:4180} INFO - Setting next_dagrun for water_quality_training_pipeline to None, run_after=None
[2026-10-02T13:16:48.354+0000] {processor.py:208} INFO - Processing /opt/airflow/dags/water_quality_pipeline_dag.py took 0.339 seconds
[2026-10-02T13:17:18.635+0000] {processor.py:186} INFO - Started process (PID=8677) to work on /opt/airflow/dags/water_quality_pipeline_dag.py
[2026-10-02T13:17:18.636+0000] {processor.py:914} INFO - Processing file /opt/airflow/dags/water_quality_pipeline_dag.py for tasks to queue
[2026-10-02T13:17:18.641+0000] {logging_mixin.py:190} INFO - [2026-10-02T13:17:18.640+0000] {dagbag.py:588} INFO - Filling up the DagBag from /opt/airflow/dags/water_quality_pipeline_dag.py
[2026-10-02T13:17:18.655+0000] {processor.py:925} INFO - DAG(s) 'water_quality_training_pipeline' retrieved from /opt/airflow/dags/water_quality_pipeline_dag.py
[2026-10-02T13:17:18.696+0000] {logging_mixin.py:190} INFO - [2026-10-02T13:17:18.696+0000] {dag.py:3239} INFO - Sync 1 DAGs
[2026-10-02T13:17:18.864+0000] {logging_mixin.py:190} INFO - [2026-10-02T13:17:18.863+0000] {dag.py:4180} INFO - Setting next_dagrun for water_quality_training_pipeline to None, run_after=None
[2026-10-02T13:17:18.886+0000] {processor.py:208} INFO - Processing /opt/airflow/dags/water_quality_pipeline_dag.py took 0.260 seconds
[2026-10-02T13:17:49.169+0000] {processor.py:186} INFO - Started process (PID=8698) to work on /opt/airflow/dags/water_quality_pipeline_dag.py
[2026-10-02T13:17:49.171+0000] {processor.py:914} INFO - Processing file /opt/airflow/dags/water_quality_pipeline_dag.py for tasks to queue
[2026-10-02T13:17:49.175+0000] {logging_mixin.py:190} INFO - [2026-10-02T13:17:49.174+0000] {dagbag.py:588} INFO - Filling up the DagBag from /opt/airflow/dags/water_quality_pipeline_dag.py
[2026-10-02T13:17:49.196+0000] {processor.py:925} INFO - DAG(s) 'water_quality_training_pipeline' retrieved from /opt/airflow/dags/water_quality_pipeline_dag.py
[2026-10-02T13:17:49.469+0000] {logging_mixin.py:190} INFO - [2026-10-02T13:17:49.469+0000] {dag.py:3239} INFO - Sync 1 DAGs
[2026-10-02T13:17:49.488+0000] {logging_mixin.py:190} INFO - [2026-10-02T13:17:49.488+0000] {dag.py:4180} INFO - Setting next_dagrun for water_quality_training_pipeline to None, run_after=None
[2026-10-02T13:17:49.509+0000] {processor.py:208} INFO - Processing /opt/airflow/dags/water_quality_pipeline_dag.py took 0.351 seconds
[2026-10-02T13:18:20.036+0000] {processor.py:186} INFO - Started process (PID=8726) to work on /opt/airflow/dags/water_quality_pipeline_dag.py
[2026-10-02T13:18:20.037+0000] {processor.py:914} INFO - Processing file /opt/airflow/dags/water_quality_pipeline_dag.py for tasks to queue
[2026-10-02T13:18:20.040+0000] {logging_mixin.py:190} INFO - [2026-10-02T13:18:20.040+0000] {dagbag.py:588} INFO - Filling up the DagBag from /opt/airflow/dags/water_quality_pipeline_dag.py
[2026-10-02T13:18:20.051+0000] {processor.py:925} INFO - DAG(s) 'water_quality_training_pipeline' retrieved from /opt/airflow/dags/water_quality_pipeline_dag.py
[2026-10-02T13:18:20.097+0000] {logging_mixin.py:190} INFO - [2026-10-02T13:18:20.096+0000] {dag.py:3239} INFO - Sync 1 DAGs
[2026-10-02T13:18:20.115+0000] {logging_mixin.py:190} INFO - [2026-10-02T13:18:20.115+0000] {dag.py:4180} INFO - Setting next_dagrun for water_quality_training_pipeline to None, run_after=None
[2026-10-02T13:18:20.141+0000] {processor.py:208} INFO - Processing /opt/airflow/dags/water_quality_pipeline_dag.py took 0.117 seconds
[2026-10-02T13:18:50.319+0000] {processor.py:186} INFO - Started process (PID=8747) to work on /opt/airflow/dags/water_quality_pipeline_dag.py
[2026-10-02T13:18:50.321+0000] {processor.py:914} INFO - Processing file /opt/airflow/dags/water_quality_pipeline_dag.py for tasks to queue
[2026-10-02T13:18:50.324+0000] {logging_mixin.py:190} INFO - [2026-10-02T13:18:50.323+0000] {dagbag.py:588} INFO - Filling up the DagBag from /opt/airflow/dags/water_quality_pipeline_dag.py
[2026-10-02T13:18:50.336+0000] {processor.py:925} INFO - DAG(s) 'water_quality_training_pipeline' retrieved from /opt/airflow/dags/water_quality_pipeline_dag.py
[2026-10-02T13:18:50.378+0000] {logging_mixin.py:190} INFO - [2026-10-02T13:18:50.377+0000] {dag.py:3239} INFO - Sync 1 DAGs
[2026-10-02T13:18:50.395+0000] {logging_mixin.py:190} INFO - [2026-10-02T13:18:50.395+0000] {dag.py:4180} INFO - Setting next_dagrun for water_quality_training_pipeline to None, run_after=None
[2026-10-02T13:18:50.423+0000] {processor.py:208} INFO - Processing /opt/airflow/dags/water_quality_pipeline_dag.py took 0.114 seconds
[2026-10-02T13:19:20.676+0000] {processor.py:186} INFO - Started process (PID=8777) to work on /opt/airflow/dags/water_quality_pipeline_dag.py
[2026-10-02T13:19:20.677+0000] {processor.py:914} INFO - Processing file /opt/airflow/dags/water_quality_pipeline_dag.py for tasks to queue
[2026-10-02T13:19:20.681+0000] {logging_mixin.py:190} INFO - [2026-10-02T13:19:20.680+0000] {dagbag.py:588} INFO - Filling up the DagBag from /opt/airflow/dags/water_quality_pipeline_dag.py
[2026-10-02T13:19:20.693+0000] {processor.py:925} INFO - DAG(s) 'water_quality_training_pipeline' retrieved from /opt/airflow/dags/water_quality_pipeline_dag.py
[2026-10-02T13:19:20.733+0000] {logging_mixin.py:190} INFO - [2026-10-02T13:19:20.732+0000] {dag.py:3239} INFO - Sync 1 DAGs
[2026-10-02T13:19:20.751+0000] {logging_mixin.py:190} INFO - [2026-10-02T13:19:20.750+0000] {dag.py:4180} INFO - Setting next_dagrun for water_quality_training_pipeline to None, run_after=None
[2026-10-02T13:19:20.770+0000] {processor.py:208} INFO - Processing /opt/airflow/dags/water_quality_pipeline_dag.py took 0.103 seconds
[2026-10-02T13:19:50.922+0000] {processor.py:186} INFO - Started process (PID=8798) to work on /opt/airflow/dags/water_quality_pipeline_dag.py
[2026-10-02T13:19:50.923+0000] {processor.py:914} INFO - Processing file /opt/airflow/dags/water_quality_pipeline_dag.py for tasks to queue
[2026-10-02T13:19:50.927+0000] {logging_mixin.py:190} INFO - [2026-10-02T13:19:50.927+0000] {dagbag.py:588} INFO - Filling up the DagBag from /opt/airflow/dags/water_quality_pipeline_dag.py
[2026-10-02T13:19:50.938+0000] {processor.py:925} INFO - DAG(s) 'water_quality_training_pipeline' retrieved from /opt/airflow/dags/water_quality_pipeline_dag.py
[2026-10-02T13:19:50.980+0000] {logging_mixin.py:190} INFO - [2026-10-02T13:19:50.979+0000] {dag.py:3239} INFO - Sync 1 DAGs
[2026-10-02T13:19:50.998+0000] {logging_mixin.py:190} INFO - [2026-10-02T13:19:50.998+0000] {dag.py:4180} INFO - Setting next_dagrun for water_quality_training_pipeline to None, run_after=None
[2026-10-02T13:19:51.022+0000] {processor.py:208} INFO - Processing /opt/airflow/dags/water_quality_pipeline_dag.py took 0.112 seconds
[2026-10-02T13:20:21.293+0000] {processor.py:186} INFO - Started process (PID=8819) to work on /opt/airflow/dags/water_quality_pipeline_dag.py
[2026-10-02T13:20:21.294+0000] {processor.py:914} INFO - Processing file /opt/airflow/dags/water_quality_pipeline_dag.py for tasks to queue
[2026-10-02T13:20:21.297+0000] {logging_mixin.py:190} INFO - [2026-10-02T13:20:21.297+0000] {dagbag.py:588} INFO - Filling up the DagBag from /opt/airflow/dags/water_quality_pipeline_dag.py
[2026-10-02T13:20:21.310+0000] {processor.py:925} INFO - DAG(s) 'water_quality_training_pipeline' retrieved from /opt/airflow/dags/water_quality_pipeline_dag.py
[2026-10-02T13:20:21.345+0000] {logging_mixin.py:190} INFO - [2026-10-02T13:20:21.345+0000] {dag.py:3239} INFO - Sync 1 DAGs
[2026-10-02T13:20:21.362+0000] {logging_mixin.py:190} INFO - [2026-10-02T13:20:21.362+0000] {dag.py:4180} INFO - Setting next_dagrun for water_quality_training_pipeline to None, run_after=None
[2026-10-02T13:20:21.389+0000] {processor.py:208} INFO - Processing /opt/airflow/dags/water_quality_pipeline_dag.py took 0.110 seconds
[2026-10-02T13:20:51.542+0000] {processor.py:186} INFO - Started process (PID=8849) to work on /opt/airflow/dags/water_quality_pipeline_dag.py
[2026-10-02T13:20:51.544+0000] {processor.py:914} INFO - Processing file /opt/airflow/dags/water_quality_pipeline_dag.py for tasks to queue
[2026-10-02T13:20:51.547+0000] {logging_mixin.py:190} INFO - [2026-10-02T13:20:51.546+0000] {dagbag.py:588} INFO - Filling up the DagBag from /opt/airflow/dags/water_quality_pipeline_dag.py
[2026-10-02T13:20:51.559+0000] {processor.py:925} INFO - DAG(s) 'water_quality_training_pipeline' retrieved from /opt/airflow/dags/water_quality_pipeline_dag.py
[2026-10-02T13:20:51.598+0000] {logging_mixin.py:190} INFO - [2026-10-02T13:20:51.598+0000] {dag.py:3239} INFO - Sync 1 DAGs
[2026-10-02T13:20:51.617+0000] {logging_mixin.py:190} INFO - [2026-10-02T13:20:51.616+0000] {dag.py:4180} INFO - Setting next_dagrun for water_quality_training_pipeline to None, run_after=None
[2026-10-02T13:20:51.642+0000] {processor.py:208} INFO - Processing /opt/airflow/dags/water_quality_pipeline_dag.py took 0.110 seconds
[2026-10-02T13:21:21.934+0000] {processor.py:186} INFO - Started process (PID=8869) to work on /opt/airflow/dags/water_quality_pipeline_dag.py
[2026-10-02T13:21:21.935+0000] {processor.py:914} INFO - Processing file /opt/airflow/dags/water_quality_pipeline_dag.py for tasks to queue
[2026-10-02T13:21:21.938+0000] {logging_mixin.py:190} INFO - [2026-10-02T13:21:21.938+0000] {dagbag.py:588} INFO - Filling up the DagBag from /opt/airflow/dags/water_quality_pipeline_dag.py
[2026-10-02T13:21:21.951+0000] {processor.py:925} INFO - DAG(s) 'water_quality_training_pipeline' retrieved from /opt/airflow/dags/water_quality_pipeline_dag.py
[2026-10-02T13:21:21.990+0000] {logging_mixin.py:190} INFO - [2026-10-02T13:21:21.990+0000] {dag.py:3239} INFO - Sync 1 DAGs
[2026-10-02T13:21:22.009+0000] {logging_mixin.py:190} INFO - [2026-10-02T13:21:22.009+0000] {dag.py:4180} INFO - Setting next_dagrun for water_quality_training_pipeline to None, run_after=None
[2026-10-02T13:21:22.037+0000] {processor.py:208} INFO - Processing /opt/airflow/dags/water_quality_pipeline_dag.py took 0.117 seconds
[2026-10-02T13:21:52.203+0000] {processor.py:186} INFO - Started process (PID=8898) to work on /opt/airflow/dags/water_quality_pipeline_dag.py
[2026-10-02T13:21:52.204+0000] {processor.py:914} INFO - Processing file /opt/airflow/dags/water_quality_pipeline_dag.py for tasks to queue
[2026-10-02T13:21:52.207+0000] {logging_mixin.py:190} INFO - [2026-10-02T13:21:52.206+0000] {dagbag.py:588} INFO - Filling up the DagBag from /opt/airflow/dags/water_quality_pipeline_dag.py
[2026-10-02T13:21:52.218+0000] {processor.py:925} INFO - DAG(s) 'water_quality_training_pipeline' retrieved from /opt/airflow/dags/water_quality_pipeline_dag.py
[2026-10-02T13:21:52.258+0000] {logging_mixin.py:190} INFO - [2026-10-02T13:21:52.258+0000] {dag.py:3239} INFO - Sync 1 DAGs
[2026-10-02T13:21:52.276+0000] {logging_mixin.py:190} INFO - [2026-10-02T13:21:52.276+0000] {dag.py:4180} INFO - Setting next_dagrun for water_quality_training_pipeline to None, run_after=None
[2026-10-02T13:21:52.309+0000] {processor.py:208} INFO - Processing /opt/airflow/dags/water_quality_pipeline_dag.py took 0.114 seconds
[2026-10-02T13:22:22.582+0000] {processor.py:186} INFO - Started process (PID=8921) to work on /opt/airflow/dags/water_quality_pipeline_dag.py
[2026-10-02T13:22:22.583+0000] {processor.py:914} INFO - Processing file /opt/airflow/dags/water_quality_pipeline_dag.py for tasks to queue
[2026-10-02T13:22:22.585+0000] {logging_mixin.py:190} INFO - [2026-10-02T13:22:22.585+0000] {dagbag.py:588} INFO - Filling up the DagBag from /opt/airflow/dags/water_quality_pipeline_dag.py
[2026-10-02T13:22:22.598+0000] {processor.py:925} INFO - DAG(s) 'water_quality_training_pipeline' retrieved from /opt/airflow/dags/water_quality_pipeline_dag.py
[2026-10-02T13:22:22.631+0000] {logging_mixin.py:190} INFO - [2026-10-02T13:22:22.631+0000] {dag.py:3239} INFO - Sync 1 DAGs
[2026-10-02T13:22:22.651+0000] {logging_mixin.py:190} INFO - [2026-10-02T13:22:22.651+0000] {dag.py:4180} INFO - Setting next_dagrun for water_quality_training_pipeline to None, run_after=None
[2026-10-02T13:22:22.684+0000] {processor.py:208} INFO - Processing /opt/airflow/dags/water_quality_pipeline_dag.py took 0.110 seconds
[2026-10-02T13:22:53.614+0000] {processor.py:186} INFO - Started process (PID=8943) to work on /opt/airflow/dags/water_quality_pipeline_dag.py
[2026-10-02T13:22:53.615+0000] {processor.py:914} INFO - Processing file /opt/airflow/dags/water_quality_pipeline_dag.py for tasks to queue
[2026-10-02T13:22:53.618+0000] {logging_mixin.py:190} INFO - [2026-10-02T13:22:53.618+0000] {dagbag.py:588} INFO - Filling up the DagBag from /opt/airflow/dags/water_quality_pipeline_dag.py
[2026-10-02T13:22:53.631+0000] {processor.py:925} INFO - DAG(s) 'water_quality_training_pipeline' retrieved from /opt/airflow/dags/water_quality_pipeline_dag.py
[2026-10-02T13:22:53.674+0000] {logging_mixin.py:190} INFO - [2026-10-02T13:22:53.673+0000] {dag.py:3239} INFO - Sync 1 DAGs
[2026-10-02T13:22:53.697+0000] {logging_mixin.py:190} INFO - [2026-10-02T13:22:53.696+0000] {dag.py:4180} INFO - Setting next_dagrun for water_quality_training_pipeline to None, run_after=None
[2026-10-02T13:22:53.724+0000] {processor.py:208} INFO - Processing /opt/airflow/dags/water_quality_pipeline_dag.py took 0.124 seconds
[2026-10-02T13:23:23.970+0000] {processor.py:186} INFO - Started process (PID=8972) to work on /opt/airflow/dags/water_quality_pipeline_dag.py
[2026-10-02T13:23:23.973+0000] {processor.py:914} INFO - Processing file /opt/airflow/dags/water_quality_pipeline_dag.py for tasks to queue
[2026-10-02T13:23:23.978+0000] {logging_mixin.py:190} INFO - [2026-10-02T13:23:23.977+0000] {dagbag.py:588} INFO - Filling up the DagBag from /opt/airflow/dags/water_quality_pipeline_dag.py
[2026-10-02T13:23:23.992+0000] {processor.py:925} INFO - DAG(s) 'water_quality_training_pipeline' retrieved from /opt/airflow/dags/water_quality_pipeline_dag.py
[2026-10-02T13:23:24.034+0000] {logging_mixin.py:190} INFO - [2026-10-02T13:23:24.034+0000] {dag.py:3239} INFO - Sync 1 DAGs
[2026-10-02T13:23:24.048+0000] {logging_mixin.py:190} INFO - [2026-10-02T13:23:24.048+0000] {dag.py:4180} INFO - Setting next_dagrun for water_quality_training_pipeline to None, run_after=None
[2026-10-02T13:23:24.078+0000] {processor.py:208} INFO - Processing /opt/airflow/dags/water_quality_pipeline_dag.py took 0.124 seconds
[2026-10-02T13:23:54.247+0000] {processor.py:186} INFO - Started process (PID=8993) to work on /opt/airflow/dags/water_quality_pipeline_dag.py
[2026-10-02T13:23:54.248+0000] {processor.py:914} INFO - Processing file /opt/airflow/dags/water_quality_pipeline_dag.py for tasks to queue
[2026-10-02T13:23:54.252+0000] {logging_mixin.py:190} INFO - [2026-10-02T13:23:54.252+0000] {dagbag.py:588} INFO - Filling up the DagBag from /opt/airflow/dags/water_quality_pipeline_dag.py
[2026-10-02T13:23:54.267+0000] {processor.py:925} INFO - DAG(s) 'water_quality_training_pipeline' retrieved from /opt/airflow/dags/water_quality_pipeline_dag.py
[2026-10-02T13:23:54.312+0000] {logging_mixin.py:190} INFO - [2026-10-02T13:23:54.312+0000] {dag.py:3239} INFO - Sync 1 DAGs
[2026-10-02T13:23:54.332+0000] {logging_mixin.py:190} INFO - [2026-10-02T13:23:54.332+0000] {dag.py:4180} INFO - Setting next_dagrun for water_quality_training_pipeline to None, run_after=None
[2026-10-02T13:23:54.358+0000] {processor.py:208} INFO - Processing /opt/airflow/dags/water_quality_pipeline_dag.py took 0.124 seconds
[2026-10-02T13:24:24.581+0000] {processor.py:186} INFO - Started process (PID=9014) to work on /opt/airflow/dags/water_quality_pipeline_dag.py
[2026-10-02T13:24:24.584+0000] {processor.py:914} INFO - Processing file /opt/airflow/dags/water_quality_pipeline_dag.py for tasks to queue
[2026-10-02T13:24:24.587+0000] {logging_mixin.py:190} INFO - [2026-10-02T13:24:24.587+0000] {dagbag.py:588} INFO - Filling up the DagBag from /opt/airflow/dags/water_quality_pipeline_dag.py
[2026-10-02T13:24:24.600+0000] {processor.py:925} INFO - DAG(s) 'water_quality_training_pipeline' retrieved from /opt/airflow/dags/water_quality_pipeline_dag.py
[2026-10-02T13:24:24.643+0000] {logging_mixin.py:190} INFO - [2026-10-02T13:24:24.643+0000] {dag.py:3239} INFO - Sync 1 DAGs
[2026-10-02T13:24:24.668+0000] {logging_mixin.py:190} INFO - [2026-10-02T13:24:24.668+0000] {dag.py:4180} INFO - Setting next_dagrun for water_quality_training_pipeline to None, run_after=None
[2026-10-02T13:24:24.700+0000] {processor.py:208} INFO - Processing /opt/airflow/dags/water_quality_pipeline_dag.py took 0.130 seconds
[2026-10-02T13:24:54.836+0000] {processor.py:186} INFO - Started process (PID=9043) to work on /opt/airflow/dags/water_quality_pipeline_dag.py
[2026-10-02T13:24:54.837+0000] {processor.py:914} INFO - Processing file /opt/airflow/dags/water_quality_pipeline_dag.py for tasks to queue
[2026-10-02T13:24:54.840+0000] {logging_mixin.py:190} INFO - [2026-10-02T13:24:54.839+0000] {dagbag.py:588} INFO - Filling up the DagBag from /opt/airflow/dags/water_quality_pipeline_dag.py
[2026-10-02T13:24:54.852+0000] {processor.py:925} INFO - DAG(s) 'water_quality_training_pipeline' retrieved from /opt/airflow/dags/water_quality_pipeline_dag.py
[2026-10-02T13:24:54.896+0000] {logging_mixin.py:190} INFO - [2026-10-02T13:24:54.896+0000] {dag.py:3239} INFO - Sync 1 DAGs
[2026-10-02T13:24:54.914+0000] {logging_mixin.py:190} INFO - [2026-10-02T13:24:54.914+0000] {dag.py:4180} INFO - Setting next_dagrun for water_quality_training_pipeline to None, run_after=None
[2026-10-02T13:24:54.943+0000] {processor.py:208} INFO - Processing /opt/airflow/dags/water_quality_pipeline_dag.py took 0.119 seconds
[2026-10-02T13:25:25.168+0000] {processor.py:186} INFO - Started process (PID=9063) to work on /opt/airflow/dags/water_quality_pipeline_dag.py
[2026-10-02T13:25:25.170+0000] {processor.py:914} INFO - Processing file /opt/airflow/dags/water_quality_pipeline_dag.py for tasks to queue
[2026-10-02T13:25:25.173+0000] {logging_mixin.py:190} INFO - [2026-10-02T13:25:25.173+0000] {dagbag.py:588} INFO - Filling up the DagBag from /opt/airflow/dags/water_quality_pipeline_dag.py
[2026-10-02T13:25:25.186+0000] {processor.py:925} INFO - DAG(s) 'water_quality_training_pipeline' retrieved from /opt/airflow/dags/water_quality_pipeline_dag.py
[2026-10-02T13:25:25.224+0000] {logging_mixin.py:190} INFO - [2026-10-02T13:25:25.224+0000] {dag.py:3239} INFO - Sync 1 DAGs
[2026-10-02T13:25:25.250+0000] {logging_mixin.py:190} INFO - [2026-10-02T13:25:25.249+0000] {dag.py:4180} INFO - Setting next_dagrun for water_quality_training_pipeline to None, run_after=None
[2026-10-02T13:25:25.276+0000] {processor.py:208} INFO - Processing /opt/airflow/dags/water_quality_pipeline_dag.py took 0.118 seconds
[2026-10-02T13:25:55.450+0000] {processor.py:186} INFO - Started process (PID=9084) to work on /opt/airflow/dags/water_quality_pipeline_dag.py
[2026-10-02T13:25:55.451+0000] {processor.py:914} INFO - Processing file /opt/airflow/dags/water_quality_pipeline_dag.py for tasks to queue
[2026-10-02T13:25:55.454+0000] {logging_mixin.py:190} INFO - [2026-10-02T13:25:55.454+0000] {dagbag.py:588} INFO - Filling up the DagBag from /opt/airflow/dags/water_quality_pipeline_dag.py
[2026-10-02T13:25:55.468+0000] {processor.py:925} INFO - DAG(s) 'water_quality_training_pipeline' retrieved from /opt/airflow/dags/water_quality_pipeline_dag.py
[2026-10-02T13:25:55.511+0000] {logging_mixin.py:190} INFO - [2026-10-02T13:25:55.511+0000] {dag.py:3239} INFO - Sync 1 DAGs
[2026-10-02T13:25:55.533+0000] {logging_mixin.py:190} INFO - [2026-10-02T13:25:55.532+0000] {dag.py:4180} INFO - Setting next_dagrun for water_quality_training_pipeline to None, run_after=None
[2026-10-02T13:25:55.555+0000] {processor.py:208} INFO - Processing /opt/airflow/dags/water_quality_pipeline_dag.py took 0.118 seconds
[2026-10-02T13:26:25.791+0000] {processor.py:186} INFO - Started process (PID=9112) to work on /opt/airflow/dags/water_quality_pipeline_dag.py
[2026-10-02T13:26:25.794+0000] {processor.py:914} INFO - Processing file /opt/airflow/dags/water_quality_pipeline_dag.py for tasks to queue
[2026-10-02T13:26:25.797+0000] {logging_mixin.py:190} INFO - [2026-10-02T13:26:25.796+0000] {dagbag.py:588} INFO - Filling up the DagBag from /opt/airflow/dags/water_quality_pipeline_dag.py
[2026-10-02T13:26:25.809+0000] {processor.py:925} INFO - DAG(s) 'water_quality_training_pipeline' retrieved from /opt/airflow/dags/water_quality_pipeline_dag.py
[2026-10-02T13:26:25.845+0000] {logging_mixin.py:190} INFO - [2026-10-02T13:26:25.844+0000] {dag.py:3239} INFO - Sync 1 DAGs
[2026-10-02T13:26:25.864+0000] {logging_mixin.py:190} INFO - [2026-10-02T13:26:25.864+0000] {dag.py:4180} INFO - Setting next_dagrun for water_quality_training_pipeline to None, run_after=None
[2026-10-02T13:26:25.889+0000] {processor.py:208} INFO - Processing /opt/airflow/dags/water_quality_pipeline_dag.py took 0.108 seconds
[2026-10-02T13:26:56.061+0000] {processor.py:186} INFO - Started process (PID=9132) to work on /opt/airflow/dags/water_quality_pipeline_dag.py
[2026-10-02T13:26:56.062+0000] {processor.py:914} INFO - Processing file /opt/airflow/dags/water_quality_pipeline_dag.py for tasks to queue
[2026-10-02T13:26:56.066+0000] {logging_mixin.py:190} INFO - [2026-10-02T13:26:56.065+0000] {dagbag.py:588} INFO - Filling up the DagBag from /opt/airflow/dags/water_quality_pipeline_dag.py
[2026-10-02T13:26:56.078+0000] {processor.py:925} INFO - DAG(s) 'water_quality_training_pipeline' retrieved from /opt/airflow/dags/water_quality_pipeline_dag.py
[2026-10-02T13:26:56.116+0000] {logging_mixin.py:190} INFO - [2026-10-02T13:26:56.115+0000] {dag.py:3239} INFO - Sync 1 DAGs
[2026-10-02T13:26:56.136+0000] {logging_mixin.py:190} INFO - [2026-10-02T13:26:56.136+0000] {dag.py:4180} INFO - Setting next_dagrun for water_quality_training_pipeline to None, run_after=None
[2026-10-02T13:26:56.170+0000] {processor.py:208} INFO - Processing /opt/airflow/dags/water_quality_pipeline_dag.py took 0.117 seconds
[2026-10-02T13:27:26.419+0000] {processor.py:186} INFO - Started process (PID=9160) to work on /opt/airflow/dags/water_quality_pipeline_dag.py
[2026-10-02T13:27:26.422+0000] {processor.py:914} INFO - Processing file /opt/airflow/dags/water_quality_pipeline_dag.py for tasks to queue
[2026-10-02T13:27:26.426+0000] {logging_mixin.py:190} INFO - [2026-10-02T13:27:26.425+0000] {dagbag.py:588} INFO - Filling up the DagBag from /opt/airflow/dags/water_quality_pipeline_dag.py
[2026-10-02T13:27:26.440+0000] {processor.py:925} INFO - DAG(s) 'water_quality_training_pipeline' retrieved from /opt/airflow/dags/water_quality_pipeline_dag.py
[2026-10-02T13:27:26.488+0000] {logging_mixin.py:190} INFO - [2026-10-02T13:27:26.487+0000] {dag.py:3239} INFO - Sync 1 DAGs
[2026-10-02T13:27:26.511+0000] {logging_mixin.py:190} INFO - [2026-10-02T13:27:26.510+0000] {dag.py:4180} INFO - Setting next_dagrun for water_quality_training_pipeline to None, run_after=None
[2026-10-02T13:27:26.548+0000] {processor.py:208} INFO - Processing /opt/airflow/dags/water_quality_pipeline_dag.py took 0.137 seconds
[2026-10-02T13:27:56.683+0000] {processor.py:186} INFO - Started process (PID=9182) to work on /opt/airflow/dags/water_quality_pipeline_dag.py
[2026-10-02T13:27:56.684+0000] {processor.py:914} INFO - Processing file /opt/airflow/dags/water_quality_pipeline_dag.py for tasks to queue
[2026-10-02T13:27:56.688+0000] {logging_mixin.py:190} INFO - [2026-10-02T13:27:56.687+0000] {dagbag.py:588} INFO - Filling up the DagBag from /opt/airflow/dags/water_quality_pipeline_dag.py
[2026-10-02T13:27:56.700+0000] {processor.py:925} INFO - DAG(s) 'water_quality_training_pipeline' retrieved from /opt/airflow/dags/water_quality_pipeline_dag.py
[2026-10-02T13:27:56.742+0000] {logging_mixin.py:190} INFO - [2026-10-02T13:27:56.742+0000] {dag.py:3239} INFO - Sync 1 DAGs
[2026-10-02T13:27:56.762+0000] {logging_mixin.py:190} INFO - [2026-10-02T13:27:56.762+0000] {dag.py:4180} INFO - Setting next_dagrun for water_quality_training_pipeline to None, run_after=None
[2026-10-02T13:27:56.785+0000] {processor.py:208} INFO - Processing /opt/airflow/dags/water_quality_pipeline_dag.py took 0.114 seconds
[2026-10-02T13:28:27.078+0000] {processor.py:186} INFO - Started process (PID=9202) to work on /opt/airflow/dags/water_quality_pipeline_dag.py
[2026-10-02T13:28:27.081+0000] {processor.py:914} INFO - Processing file /opt/airflow/dags/water_quality_pipeline_dag.py for tasks to queue
[2026-10-02T13:28:27.084+0000] {logging_mixin.py:190} INFO - [2026-10-02T13:28:27.083+0000] {dagbag.py:588} INFO - Filling up the DagBag from /opt/airflow/dags/water_quality_pipeline_dag.py
[2026-10-02T13:28:27.095+0000] {processor.py:925} INFO - DAG(s) 'water_quality_training_pipeline' retrieved from /opt/airflow/dags/water_quality_pipeline_dag.py
[2026-10-02T13:28:27.139+0000] {logging_mixin.py:190} INFO - [2026-10-02T13:28:27.138+0000] {dag.py:3239} INFO - Sync 1 DAGs
[2026-10-02T13:28:27.160+0000] {logging_mixin.py:190} INFO - [2026-10-02T13:28:27.160+0000] {dag.py:4180} INFO - Setting next_dagrun for water_quality_training_pipeline to None, run_after=None
[2026-10-02T13:28:27.185+0000] {processor.py:208} INFO - Processing /opt/airflow/dags/water_quality_pipeline_dag.py took 0.119 seconds
[2026-10-02T13:28:57.359+0000] {processor.py:186} INFO - Started process (PID=9232) to work on /opt/airflow/dags/water_quality_pipeline_dag.py
[2026-10-02T13:28:57.360+0000] {processor.py:914} INFO - Processing file /opt/airflow/dags/water_quality_pipeline_dag.py for tasks to queue
[2026-10-02T13:28:57.363+0000] {logging_mixin.py:190} INFO - [2026-10-02T13:28:57.363+0000] {dagbag.py:588} INFO - Filling up the DagBag from /opt/airflow/dags/water_quality_pipeline_dag.py
[2026-10-02T13:28:57.377+0000] {processor.py:925} INFO - DAG(s) 'water_quality_training_pipeline' retrieved from /opt/airflow/dags/water_quality_pipeline_dag.py
[2026-10-02T13:28:57.422+0000] {logging_mixin.py:190} INFO - [2026-10-02T13:28:57.421+0000] {dag.py:3239} INFO - Sync 1 DAGs
[2026-10-02T13:28:57.446+0000] {logging_mixin.py:190} INFO - [2026-10-02T13:28:57.445+0000] {dag.py:4180} INFO - Setting next_dagrun for water_quality_training_pipeline to None, run_after=None
[2026-10-02T13:28:57.475+0000] {processor.py:208} INFO - Processing /opt/airflow/dags/water_quality_pipeline_dag.py took 0.127 seconds
[2026-10-02T13:29:27.754+0000] {processor.py:186} INFO - Started process (PID=9253) to work on /opt/airflow/dags/water_quality_pipeline_dag.py
[2026-10-02T13:29:27.755+0000] {processor.py:914} INFO - Processing file /opt/airflow/dags/water_quality_pipeline_dag.py for tasks to queue
[2026-10-02T13:29:27.758+0000] {logging_mixin.py:190} INFO - [2026-10-02T13:29:27.758+0000] {dagbag.py:588} INFO - Filling up the DagBag from /opt/airflow/dags/water_quality_pipeline_dag.py
[2026-10-02T13:29:27.772+0000] {processor.py:925} INFO - DAG(s) 'water_quality_training_pipeline' retrieved from /opt/airflow/dags/water_quality_pipeline_dag.py
[2026-10-02T13:29:27.820+0000] {logging_mixin.py:190} INFO - [2026-10-02T13:29:27.820+0000] {dag.py:3239} INFO - Sync 1 DAGs
[2026-10-02T13:29:27.839+0000] {logging_mixin.py:190} INFO - [2026-10-02T13:29:27.838+0000] {dag.py:4180} INFO - Setting next_dagrun for water_quality_training_pipeline to None, run_after=None
[2026-10-02T13:29:27.859+0000] {processor.py:208} INFO - Processing /opt/airflow/dags/water_quality_pipeline_dag.py took 0.113 seconds
[2026-10-02T13:29:58.025+0000] {processor.py:186} INFO - Started process (PID=9274) to work on /opt/airflow/dags/water_quality_pipeline_dag.py
[2026-10-02T13:29:58.026+0000] {processor.py:914} INFO - Processing file /opt/airflow/dags/water_quality_pipeline_dag.py for tasks to queue
[2026-10-02T13:29:58.029+0000] {logging_mixin.py:190} INFO - [2026-10-02T13:29:58.028+0000] {dagbag.py:588} INFO - Filling up the DagBag from /opt/airflow/dags/water_quality_pipeline_dag.py
[2026-10-02T13:29:58.041+0000] {processor.py:925} INFO - DAG(s) 'water_quality_training_pipeline' retrieved from /opt/airflow/dags/water_quality_pipeline_dag.py
[2026-10-02T13:29:58.088+0000] {logging_mixin.py:190} INFO - [2026-10-02T13:29:58.087+0000] {dag.py:3239} INFO - Sync 1 DAGs
[2026-10-02T13:29:58.107+0000] {logging_mixin.py:190} INFO - [2026-10-02T13:29:58.107+0000] {dag.py:4180} INFO - Setting next_dagrun for water_quality_training_pipeline to None, run_after=None
[2026-10-02T13:29:58.138+0000] {processor.py:208} INFO - Processing /opt/airflow/dags/water_quality_pipeline_dag.py took 0.122 seconds
[2026-10-02T13:30:28.394+0000] {processor.py:186} INFO - Started process (PID=9303) to work on /opt/airflow/dags/water_quality_pipeline_dag.py
[2026-10-02T13:30:28.396+0000] {processor.py:914} INFO - Processing file /opt/airflow/dags/water_quality_pipeline_dag.py for tasks to queue
[2026-10-02T13:30:28.401+0000] {logging_mixin.py:190} INFO - [2026-10-02T13:30:28.400+0000] {dagbag.py:588} INFO - Filling up the DagBag from /opt/airflow/dags/water_quality_pipeline_dag.py
[2026-10-02T13:30:28.417+0000] {processor.py:925} INFO - DAG(s) 'water_quality_training_pipeline' retrieved from /opt/airflow/dags/water_quality_pipeline_dag.py
[2026-10-02T13:30:28.466+0000] {logging_mixin.py:190} INFO - [2026-10-02T13:30:28.465+0000] {dag.py:3239} INFO - Sync 1 DAGs
[2026-10-02T13:30:28.485+0000] {logging_mixin.py:190} INFO - [2026-10-02T13:30:28.484+0000] {dag.py:4180} INFO - Setting next_dagrun for water_quality_training_pipeline to None, run_after=None
[2026-10-02T13:30:28.503+0000] {processor.py:208} INFO - Processing /opt/airflow/dags/water_quality_pipeline_dag.py took 0.125 seconds
[2026-10-02T13:30:58.681+0000] {processor.py:186} INFO - Started process (PID=9324) to work on /opt/airflow/dags/water_quality_pipeline_dag.py
[2026-10-02T13:30:58.684+0000] {processor.py:914} INFO - Processing file /opt/airflow/dags/water_quality_pipeline_dag.py for tasks to queue
[2026-10-02T13:30:58.687+0000] {logging_mixin.py:190} INFO - [2026-10-02T13:30:58.686+0000] {dagbag.py:588} INFO - Filling up the DagBag from /opt/airflow/dags/water_quality_pipeline_dag.py
[2026-10-02T13:30:58.701+0000] {processor.py:925} INFO - DAG(s) 'water_quality_training_pipeline' retrieved from /opt/airflow/dags/water_quality_pipeline_dag.py
[2026-10-02T13:30:58.743+0000] {logging_mixin.py:190} INFO - [2026-10-02T13:30:58.743+0000] {dag.py:3239} INFO - Sync 1 DAGs
[2026-10-02T13:30:58.765+0000] {logging_mixin.py:190} INFO - [2026-10-02T13:30:58.765+0000] {dag.py:4180} INFO - Setting next_dagrun for water_quality_training_pipeline to None, run_after=None
[2026-10-02T13:30:58.790+0000] {processor.py:208} INFO - Processing /opt/airflow/dags/water_quality_pipeline_dag.py took 0.118 seconds
[2026-10-02T13:31:29.024+0000] {processor.py:186} INFO - Started process (PID=9345) to work on /opt/airflow/dags/water_quality_pipeline_dag.py
[2026-10-02T13:31:29.025+0000] {processor.py:914} INFO - Processing file /opt/airflow/dags/water_quality_pipeline_dag.py for tasks to queue
[2026-10-02T13:31:29.029+0000] {logging_mixin.py:190} INFO - [2026-10-02T13:31:29.029+0000] {dagbag.py:588} INFO - Filling up the DagBag from /opt/airflow/dags/water_quality_pipeline_dag.py
[2026-10-02T13:31:29.040+0000] {processor.py:925} INFO - DAG(s) 'water_quality_training_pipeline' retrieved from /opt/airflow/dags/water_quality_pipeline_dag.py
[2026-10-02T13:31:29.078+0000] {logging_mixin.py:190} INFO - [2026-10-02T13:31:29.077+0000] {dag.py:3239} INFO - Sync 1 DAGs
[2026-10-02T13:31:29.097+0000] {logging_mixin.py:190} INFO - [2026-10-02T13:31:29.096+0000] {dag.py:4180} INFO - Setting next_dagrun for water_quality_training_pipeline to None, run_after=None
[2026-10-02T13:31:29.122+0000] {processor.py:208} INFO - Processing /opt/airflow/dags/water_quality_pipeline_dag.py took 0.107 seconds
[2026-10-02T13:31:59.337+0000] {processor.py:186} INFO - Started process (PID=9373) to work on /opt/airflow/dags/water_quality_pipeline_dag.py
[2026-10-02T13:31:59.338+0000] {processor.py:914} INFO - Processing file /opt/airflow/dags/water_quality_pipeline_dag.py for tasks to queue
[2026-10-02T13:31:59.342+0000] {logging_mixin.py:190} INFO - [2026-10-02T13:31:59.341+0000] {dagbag.py:588} INFO - Filling up the DagBag from /opt/airflow/dags/water_quality_pipeline_dag.py
[2026-10-02T13:31:59.356+0000] {processor.py:925} INFO - DAG(s) 'water_quality_training_pipeline' retrieved from /opt/airflow/dags/water_quality_pipeline_dag.py
[2026-10-02T13:31:59.400+0000] {logging_mixin.py:190} INFO - [2026-10-02T13:31:59.400+0000] {dag.py:3239} INFO - Sync 1 DAGs
[2026-10-02T13:31:59.434+0000] {logging_mixin.py:190} INFO - [2026-10-02T13:31:59.434+0000] {dag.py:4180} INFO - Setting next_dagrun for water_quality_training_pipeline to None, run_after=None
[2026-10-02T13:31:59.464+0000] {processor.py:208} INFO - Processing /opt/airflow/dags/water_quality_pipeline_dag.py took 0.137 seconds
[2026-10-02T13:32:29.639+0000] {processor.py:186} INFO - Started process (PID=9394) to work on /opt/airflow/dags/water_quality_pipeline_dag.py
[2026-10-02T13:32:29.641+0000] {processor.py:914} INFO - Processing file /opt/airflow/dags/water_quality_pipeline_dag.py for tasks to queue
[2026-10-02T13:32:29.644+0000] {logging_mixin.py:190} INFO - [2026-10-02T13:32:29.644+0000] {dagbag.py:588} INFO - Filling up the DagBag from /opt/airflow/dags/water_quality_pipeline_dag.py
[2026-10-02T13:32:29.655+0000] {processor.py:925} INFO - DAG(s) 'water_quality_training_pipeline' retrieved from /opt/airflow/dags/water_quality_pipeline_dag.py
[2026-10-02T13:32:29.693+0000] {logging_mixin.py:190} INFO - [2026-10-02T13:32:29.693+0000] {dag.py:3239} INFO - Sync 1 DAGs
[2026-10-02T13:32:29.715+0000] {logging_mixin.py:190} INFO - [2026-10-02T13:32:29.714+0000] {dag.py:4180} INFO - Setting next_dagrun for water_quality_training_pipeline to None, run_after=None
[2026-10-02T13:32:29.736+0000] {processor.py:208} INFO - Processing /opt/airflow/dags/water_quality_pipeline_dag.py took 0.106 seconds
[2026-10-02T13:32:59.998+0000] {processor.py:186} INFO - Started process (PID=9422) to work on /opt/airflow/dags/water_quality_pipeline_dag.py
[2026-10-02T13:32:59.999+0000] {processor.py:914} INFO - Processing file /opt/airflow/dags/water_quality_pipeline_dag.py for tasks to queue
[2026-10-02T13:33:00.002+0000] {logging_mixin.py:190} INFO - [2026-10-02T13:33:00.002+0000] {dagbag.py:588} INFO - Filling up the DagBag from /opt/airflow/dags/water_quality_pipeline_dag.py
[2026-10-02T13:33:00.013+0000] {processor.py:925} INFO - DAG(s) 'water_quality_training_pipeline' retrieved from /opt/airflow/dags/water_quality_pipeline_dag.py
[2026-10-02T13:33:00.056+0000] {logging_mixin.py:190} INFO - [2026-10-02T13:33:00.055+0000] {dag.py:3239} INFO - Sync 1 DAGs
[2026-10-02T13:33:00.076+0000] {logging_mixin.py:190} INFO - [2026-10-02T13:33:00.075+0000] {dag.py:4180} INFO - Setting next_dagrun for water_quality_training_pipeline to None, run_after=None
[2026-10-02T13:33:00.100+0000] {processor.py:208} INFO - Processing /opt/airflow/dags/water_quality_pipeline_dag.py took 0.114 seconds
[2026-10-02T13:33:30.250+0000] {processor.py:186} INFO - Started process (PID=9444) to work on /opt/airflow/dags/water_quality_pipeline_dag.py
[2026-10-02T13:33:30.252+0000] {processor.py:914} INFO - Processing file /opt/airflow/dags/water_quality_pipeline_dag.py for tasks to queue
[2026-10-02T13:33:30.255+0000] {logging_mixin.py:190} INFO - [2026-10-02T13:33:30.254+0000] {dagbag.py:588} INFO - Filling up the DagBag from /opt/airflow/dags/water_quality_pipeline_dag.py
[2026-10-02T13:33:30.267+0000] {processor.py:925} INFO - DAG(s) 'water_quality_training_pipeline' retrieved from /opt/airflow/dags/water_quality_pipeline_dag.py
[2026-10-02T13:33:30.311+0000] {logging_mixin.py:190} INFO - [2026-10-02T13:33:30.311+0000] {dag.py:3239} INFO - Sync 1 DAGs
[2026-10-02T13:33:30.329+0000] {logging_mixin.py:190} INFO - [2026-10-02T13:33:30.329+0000] {dag.py:4180} INFO - Setting next_dagrun for water_quality_training_pipeline to None, run_after=None
[2026-10-02T13:33:30.349+0000] {processor.py:208} INFO - Processing /opt/airflow/dags/water_quality_pipeline_dag.py took 0.113 seconds
[2026-10-02T13:34:00.622+0000] {processor.py:186} INFO - Started process (PID=9465) to work on /opt/airflow/dags/water_quality_pipeline_dag.py
[2026-10-02T13:34:00.624+0000] {processor.py:914} INFO - Processing file /opt/airflow/dags/water_quality_pipeline_dag.py for tasks to queue
[2026-10-02T13:34:00.628+0000] {logging_mixin.py:190} INFO - [2026-10-02T13:34:00.628+0000] {dagbag.py:588} INFO - Filling up the DagBag from /opt/airflow/dags/water_quality_pipeline_dag.py
[2026-10-02T13:34:00.641+0000] {processor.py:925} INFO - DAG(s) 'water_quality_training_pipeline' retrieved from /opt/airflow/dags/water_quality_pipeline_dag.py
[2026-10-02T13:34:00.677+0000] {logging_mixin.py:190} INFO - [2026-10-02T13:34:00.677+0000] {dag.py:3239} INFO - Sync 1 DAGs
[2026-10-02T13:34:00.696+0000] {logging_mixin.py:190} INFO - [2026-10-02T13:34:00.696+0000] {dag.py:4180} INFO - Setting next_dagrun for water_quality_training_pipeline to None, run_after=None
[2026-10-02T13:34:00.722+0000] {processor.py:208} INFO - Processing /opt/airflow/dags/water_quality_pipeline_dag.py took 0.114 seconds
[2026-10-02T13:34:30.876+0000] {processor.py:186} INFO - Started process (PID=9494) to work on /opt/airflow/dags/water_quality_pipeline_dag.py
[2026-10-02T13:34:30.878+0000] {processor.py:914} INFO - Processing file /opt/airflow/dags/water_quality_pipeline_dag.py for tasks to queue
[2026-10-02T13:34:30.881+0000] {logging_mixin.py:190} INFO - [2026-10-02T13:34:30.881+0000] {dagbag.py:588} INFO - Filling up the DagBag from /opt/airflow/dags/water_quality_pipeline_dag.py
[2026-10-02T13:34:30.894+0000] {processor.py:925} INFO - DAG(s) 'water_quality_training_pipeline' retrieved from /opt/airflow/dags/water_quality_pipeline_dag.py
[2026-10-02T13:34:30.937+0000] {logging_mixin.py:190} INFO - [2026-10-02T13:34:30.937+0000] {dag.py:3239} INFO - Sync 1 DAGs
[2026-10-02T13:34:30.956+0000] {logging_mixin.py:190} INFO - [2026-10-02T13:34:30.956+0000] {dag.py:4180} INFO - Setting next_dagrun for water_quality_training_pipeline to None, run_after=None
[2026-10-02T13:34:30.979+0000] {processor.py:208} INFO - Processing /opt/airflow/dags/water_quality_pipeline_dag.py took 0.114 seconds
[2026-10-02T13:35:01.236+0000] {processor.py:186} INFO - Started process (PID=9515) to work on /opt/airflow/dags/water_quality_pipeline_dag.py
[2026-10-02T13:35:01.238+0000] {processor.py:914} INFO - Processing file /opt/airflow/dags/water_quality_pipeline_dag.py for tasks to queue
[2026-10-02T13:35:01.241+0000] {logging_mixin.py:190} INFO - [2026-10-02T13:35:01.240+0000] {dagbag.py:588} INFO - Filling up the DagBag from /opt/airflow/dags/water_quality_pipeline_dag.py
[2026-10-02T13:35:01.252+0000] {processor.py:925} INFO - DAG(s) 'water_quality_training_pipeline' retrieved from /opt/airflow/dags/water_quality_pipeline_dag.py
[2026-10-02T13:35:01.295+0000] {logging_mixin.py:190} INFO - [2026-10-02T13:35:01.295+0000] {dag.py:3239} INFO - Sync 1 DAGs
[2026-10-02T13:35:01.313+0000] {logging_mixin.py:190} INFO - [2026-10-02T13:35:01.313+0000] {dag.py:4180} INFO - Setting next_dagrun for water_quality_training_pipeline to None, run_after=None
[2026-10-02T13:35:01.337+0000] {processor.py:208} INFO - Processing /opt/airflow/dags/water_quality_pipeline_dag.py took 0.112 seconds
[2026-10-02T13:35:31.488+0000] {processor.py:186} INFO - Started process (PID=9543) to work on /opt/airflow/dags/water_quality_pipeline_dag.py
[2026-10-02T13:35:31.489+0000] {processor.py:914} INFO - Processing file /opt/airflow/dags/water_quality_pipeline_dag.py for tasks to queue
[2026-10-02T13:35:31.493+0000] {logging_mixin.py:190} INFO - [2026-10-02T13:35:31.492+0000] {dagbag.py:588} INFO - Filling up the DagBag from /opt/airflow/dags/water_quality_pipeline_dag.py
[2026-10-02T13:35:31.507+0000] {processor.py:925} INFO - DAG(s) 'water_quality_training_pipeline' retrieved from /opt/airflow/dags/water_quality_pipeline_dag.py
[2026-10-02T13:35:31.541+0000] {logging_mixin.py:190} INFO - [2026-10-02T13:35:31.540+0000] {dag.py:3239} INFO - Sync 1 DAGs
[2026-10-02T13:35:31.559+0000] {logging_mixin.py:190} INFO - [2026-10-02T13:35:31.559+0000] {dag.py:4180} INFO - Setting next_dagrun for water_quality_training_pipeline to None, run_after=None
[2026-10-02T13:35:31.584+0000] {processor.py:208} INFO - Processing /opt/airflow/dags/water_quality_pipeline_dag.py took 0.105 seconds
[2026-10-02T13:36:01.866+0000] {processor.py:186} INFO - Started process (PID=9565) to work on /opt/airflow/dags/water_quality_pipeline_dag.py
[2026-10-02T13:36:01.867+0000] {processor.py:914} INFO - Processing file /opt/airflow/dags/water_quality_pipeline_dag.py for tasks to queue
[2026-10-02T13:36:01.871+0000] {logging_mixin.py:190} INFO - [2026-10-02T13:36:01.870+0000] {dagbag.py:588} INFO - Filling up the DagBag from /opt/airflow/dags/water_quality_pipeline_dag.py
[2026-10-02T13:36:01.882+0000] {processor.py:925} INFO - DAG(s) 'water_quality_training_pipeline' retrieved from /opt/airflow/dags/water_quality_pipeline_dag.py
[2026-10-02T13:36:01.923+0000] {logging_mixin.py:190} INFO - [2026-10-02T13:36:01.923+0000] {dag.py:3239} INFO - Sync 1 DAGs
[2026-10-02T13:36:01.942+0000] {logging_mixin.py:190} INFO - [2026-10-02T13:36:01.942+0000] {dag.py:4180} INFO - Setting next_dagrun for water_quality_training_pipeline to None, run_after=None
[2026-10-02T13:36:01.969+0000] {processor.py:208} INFO - Processing /opt/airflow/dags/water_quality_pipeline_dag.py took 0.115 seconds
[2026-10-02T13:36:32.116+0000] {processor.py:186} INFO - Started process (PID=9586) to work on /opt/airflow/dags/water_quality_pipeline_dag.py
[2026-10-02T13:36:32.118+0000] {processor.py:914} INFO - Processing file /opt/airflow/dags/water_quality_pipeline_dag.py for tasks to queue
[2026-10-02T13:36:32.122+0000] {logging_mixin.py:190} INFO - [2026-10-02T13:36:32.121+0000] {dagbag.py:588} INFO - Filling up the DagBag from /opt/airflow/dags/water_quality_pipeline_dag.py
[2026-10-02T13:36:32.133+0000] {processor.py:925} INFO - DAG(s) 'water_quality_training_pipeline' retrieved from /opt/airflow/dags/water_quality_pipeline_dag.py
[2026-10-02T13:36:32.173+0000] {logging_mixin.py:190} INFO - [2026-10-02T13:36:32.173+0000] {dag.py:3239} INFO - Sync 1 DAGs
[2026-10-02T13:36:32.192+0000] {logging_mixin.py:190} INFO - [2026-10-02T13:36:32.191+0000] {dag.py:4180} INFO - Setting next_dagrun for water_quality_training_pipeline to None, run_after=None
[2026-10-02T13:36:32.211+0000] {processor.py:208} INFO - Processing /opt/airflow/dags/water_quality_pipeline_dag.py took 0.107 seconds
[2026-10-02T13:37:02.488+0000] {processor.py:186} INFO - Started process (PID=9616) to work on /opt/airflow/dags/water_quality_pipeline_dag.py
[2026-10-02T13:37:02.489+0000] {processor.py:914} INFO - Processing file /opt/airflow/dags/water_quality_pipeline_dag.py for tasks to queue
[2026-10-02T13:37:02.494+0000] {logging_mixin.py:190} INFO - [2026-10-02T13:37:02.493+0000] {dagbag.py:588} INFO - Filling up the DagBag from /opt/airflow/dags/water_quality_pipeline_dag.py
[2026-10-02T13:37:02.508+0000] {processor.py:925} INFO - DAG(s) 'water_quality_training_pipeline' retrieved from /opt/airflow/dags/water_quality_pipeline_dag.py
[2026-10-02T13:37:02.561+0000] {logging_mixin.py:190} INFO - [2026-10-02T13:37:02.561+0000] {dag.py:3239} INFO - Sync 1 DAGs
[2026-10-02T13:37:02.582+0000] {logging_mixin.py:190} INFO - [2026-10-02T13:37:02.581+0000] {dag.py:4180} INFO - Setting next_dagrun for water_quality_training_pipeline to None, run_after=None
[2026-10-02T13:37:02.608+0000] {processor.py:208} INFO - Processing /opt/airflow/dags/water_quality_pipeline_dag.py took 0.136 seconds
[2026-10-02T13:37:32.738+0000] {processor.py:186} INFO - Started process (PID=9638) to work on /opt/airflow/dags/water_quality_pipeline_dag.py
[2026-10-02T13:37:32.740+0000] {processor.py:914} INFO - Processing file /opt/airflow/dags/water_quality_pipeline_dag.py for tasks to queue
[2026-10-02T13:37:32.743+0000] {logging_mixin.py:190} INFO - [2026-10-02T13:37:32.742+0000] {dagbag.py:588} INFO - Filling up the DagBag from /opt/airflow/dags/water_quality_pipeline_dag.py
[2026-10-02T13:37:32.755+0000] {processor.py:925} INFO - DAG(s) 'water_quality_training_pipeline' retrieved from /opt/airflow/dags/water_quality_pipeline_dag.py
[2026-10-02T13:37:32.788+0000] {logging_mixin.py:190} INFO - [2026-10-02T13:37:32.788+0000] {dag.py:3239} INFO - Sync 1 DAGs
[2026-10-02T13:37:32.800+0000] {logging_mixin.py:190} INFO - [2026-10-02T13:37:32.800+0000] {dag.py:4180} INFO - Setting next_dagrun for water_quality_training_pipeline to None, run_after=None
[2026-10-02T13:37:32.824+0000] {processor.py:208} INFO - Processing /opt/airflow/dags/water_quality_pipeline_dag.py took 0.095 seconds
[2026-10-02T13:38:02.991+0000] {processor.py:186} INFO - Started process (PID=9666) to work on /opt/airflow/dags/water_quality_pipeline_dag.py
[2026-10-02T13:38:02.992+0000] {processor.py:914} INFO - Processing file /opt/airflow/dags/water_quality_pipeline_dag.py for tasks to queue
[2026-10-02T13:38:02.995+0000] {logging_mixin.py:190} INFO - [2026-10-02T13:38:02.995+0000] {dagbag.py:588} INFO - Filling up the DagBag from /opt/airflow/dags/water_quality_pipeline_dag.py
[2026-10-02T13:38:03.009+0000] {processor.py:925} INFO - DAG(s) 'water_quality_training_pipeline' retrieved from /opt/airflow/dags/water_quality_pipeline_dag.py
[2026-10-02T13:38:03.051+0000] {logging_mixin.py:190} INFO - [2026-10-02T13:38:03.050+0000] {dag.py:3239} INFO - Sync 1 DAGs
[2026-10-02T13:38:03.072+0000] {logging_mixin.py:190} INFO - [2026-10-02T13:38:03.071+0000] {dag.py:4180} INFO - Setting next_dagrun for water_quality_training_pipeline to None, run_after=None
[2026-10-02T13:38:03.096+0000] {processor.py:208} INFO - Processing /opt/airflow/dags/water_quality_pipeline_dag.py took 0.116 seconds
[2026-10-02T13:38:33.357+0000] {processor.py:186} INFO - Started process (PID=9688) to work on /opt/airflow/dags/water_quality_pipeline_dag.py
[2026-10-02T13:38:33.359+0000] {processor.py:914} INFO - Processing file /opt/airflow/dags/water_quality_pipeline_dag.py for tasks to queue
[2026-10-02T13:38:33.362+0000] {logging_mixin.py:190} INFO - [2026-10-02T13:38:33.362+0000] {dagbag.py:588} INFO - Filling up the DagBag from /opt/airflow/dags/water_quality_pipeline_dag.py
[2026-10-02T13:38:33.376+0000] {processor.py:925} INFO - DAG(s) 'water_quality_training_pipeline' retrieved from /opt/airflow/dags/water_quality_pipeline_dag.py
[2026-10-02T13:38:33.412+0000] {logging_mixin.py:190} INFO - [2026-10-02T13:38:33.412+0000] {dag.py:3239} INFO - Sync 1 DAGs
[2026-10-02T13:38:33.429+0000] {logging_mixin.py:190} INFO - [2026-10-02T13:38:33.429+0000] {dag.py:4180} INFO - Setting next_dagrun for water_quality_training_pipeline to None, run_after=None
[2026-10-02T13:38:33.449+0000] {processor.py:208} INFO - Processing /opt/airflow/dags/water_quality_pipeline_dag.py took 0.102 seconds
[2026-10-02T13:39:03.623+0000] {processor.py:186} INFO - Started process (PID=9709) to work on /opt/airflow/dags/water_quality_pipeline_dag.py
[2026-10-02T13:39:03.624+0000] {processor.py:914} INFO - Processing file /opt/airflow/dags/water_quality_pipeline_dag.py for tasks to queue
[2026-10-02T13:39:03.628+0000] {logging_mixin.py:190} INFO - [2026-10-02T13:39:03.627+0000] {dagbag.py:588} INFO - Filling up the DagBag from /opt/airflow/dags/water_quality_pipeline_dag.py
[2026-10-02T13:39:03.641+0000] {processor.py:925} INFO - DAG(s) 'water_quality_training_pipeline' retrieved from /opt/airflow/dags/water_quality_pipeline_dag.py
[2026-10-02T13:39:03.680+0000] {logging_mixin.py:190} INFO - [2026-10-02T13:39:03.680+0000] {dag.py:3239} INFO - Sync 1 DAGs
[2026-10-02T13:39:03.702+0000] {logging_mixin.py:190} INFO - [2026-10-02T13:39:03.702+0000] {dag.py:4180} INFO - Setting next_dagrun for water_quality_training_pipeline to None, run_after=None
[2026-10-02T13:39:03.730+0000] {processor.py:208} INFO - Processing /opt/airflow/dags/water_quality_pipeline_dag.py took 0.118 seconds
[2026-10-02T13:39:33.972+0000] {processor.py:186} INFO - Started process (PID=9738) to work on /opt/airflow/dags/water_quality_pipeline_dag.py
[2026-10-02T13:39:33.973+0000] {processor.py:914} INFO - Processing file /opt/airflow/dags/water_quality_pipeline_dag.py for tasks to queue
[2026-10-02T13:39:33.977+0000] {logging_mixin.py:190} INFO - [2026-10-02T13:39:33.977+0000] {dagbag.py:588} INFO - Filling up the DagBag from /opt/airflow/dags/water_quality_pipeline_dag.py
[2026-10-02T13:39:33.988+0000] {processor.py:925} INFO - DAG(s) 'water_quality_training_pipeline' retrieved from /opt/airflow/dags/water_quality_pipeline_dag.py
[2026-10-02T13:39:34.027+0000] {logging_mixin.py:190} INFO - [2026-10-02T13:39:34.027+0000] {dag.py:3239} INFO - Sync 1 DAGs
[2026-10-02T13:39:34.047+0000] {logging_mixin.py:190} INFO - [2026-10-02T13:39:34.047+0000] {dag.py:4180} INFO - Setting next_dagrun for water_quality_training_pipeline to None, run_after=None
[2026-10-02T13:39:34.072+0000] {processor.py:208} INFO - Processing /opt/airflow/dags/water_quality_pipeline_dag.py took 0.111 seconds
[2026-10-02T13:40:04.226+0000] {processor.py:186} INFO - Started process (PID=9758) to work on /opt/airflow/dags/water_quality_pipeline_dag.py
[2026-10-02T13:40:04.227+0000] {processor.py:914} INFO - Processing file /opt/airflow/dags/water_quality_pipeline_dag.py for tasks to queue
[2026-10-02T13:40:04.231+0000] {logging_mixin.py:190} INFO - [2026-10-02T13:40:04.231+0000] {dagbag.py:588} INFO - Filling up the DagBag from /opt/airflow/dags/water_quality_pipeline_dag.py
[2026-10-02T13:40:04.244+0000] {processor.py:925} INFO - DAG(s) 'water_quality_training_pipeline' retrieved from /opt/airflow/dags/water_quality_pipeline_dag.py
[2026-10-02T13:40:04.294+0000] {logging_mixin.py:190} INFO - [2026-10-02T13:40:04.294+0000] {dag.py:3239} INFO - Sync 1 DAGs
[2026-10-02T13:40:04.313+0000] {logging_mixin.py:190} INFO - [2026-10-02T13:40:04.313+0000] {dag.py:4180} INFO - Setting next_dagrun for water_quality_training_pipeline to None, run_after=None
[2026-10-02T13:40:04.341+0000] {processor.py:208} INFO - Processing /opt/airflow/dags/water_quality_pipeline_dag.py took 0.125 seconds
[2026-10-02T13:40:34.593+0000] {processor.py:186} INFO - Started process (PID=9787) to work on /opt/airflow/dags/water_quality_pipeline_dag.py
[2026-10-02T13:40:34.596+0000] {processor.py:914} INFO - Processing file /opt/airflow/dags/water_quality_pipeline_dag.py for tasks to queue
[2026-10-02T13:40:34.600+0000] {logging_mixin.py:190} INFO - [2026-10-02T13:40:34.599+0000] {dagbag.py:588} INFO - Filling up the DagBag from /opt/airflow/dags/water_quality_pipeline_dag.py
[2026-10-02T13:40:34.613+0000] {processor.py:925} INFO - DAG(s) 'water_quality_training_pipeline' retrieved from /opt/airflow/dags/water_quality_pipeline_dag.py
[2026-10-02T13:40:34.668+0000] {logging_mixin.py:190} INFO - [2026-10-02T13:40:34.667+0000] {dag.py:3239} INFO - Sync 1 DAGs
[2026-10-02T13:40:34.691+0000] {logging_mixin.py:190} INFO - [2026-10-02T13:40:34.690+0000] {dag.py:4180} INFO - Setting next_dagrun for water_quality_training_pipeline to None, run_after=None
[2026-10-02T13:40:34.721+0000] {processor.py:208} INFO - Processing /opt/airflow/dags/water_quality_pipeline_dag.py took 0.140 seconds
[2026-10-02T13:41:04.869+0000] {processor.py:186} INFO - Started process (PID=9809) to work on /opt/airflow/dags/water_quality_pipeline_dag.py
[2026-10-02T13:41:04.871+0000] {processor.py:914} INFO - Processing file /opt/airflow/dags/water_quality_pipeline_dag.py for tasks to queue
[2026-10-02T13:41:04.874+0000] {logging_mixin.py:190} INFO - [2026-10-02T13:41:04.874+0000] {dagbag.py:588} INFO - Filling up the DagBag from /opt/airflow/dags/water_quality_pipeline_dag.py
[2026-10-02T13:41:04.888+0000] {processor.py:925} INFO - DAG(s) 'water_quality_training_pipeline' retrieved from /opt/airflow/dags/water_quality_pipeline_dag.py
[2026-10-02T13:41:04.937+0000] {logging_mixin.py:190} INFO - [2026-10-02T13:41:04.936+0000] {dag.py:3239} INFO - Sync 1 DAGs
[2026-10-02T13:41:04.957+0000] {logging_mixin.py:190} INFO - [2026-10-02T13:41:04.956+0000] {dag.py:4180} INFO - Setting next_dagrun for water_quality_training_pipeline to None, run_after=None
[2026-10-02T13:41:04.972+0000] {processor.py:208} INFO - Processing /opt/airflow/dags/water_quality_pipeline_dag.py took 0.116 seconds
[2026-10-02T13:41:35.269+0000] {processor.py:186} INFO - Started process (PID=9830) to work on /opt/airflow/dags/water_quality_pipeline_dag.py
[2026-10-02T13:41:35.271+0000] {processor.py:914} INFO - Processing file /opt/airflow/dags/water_quality_pipeline_dag.py for tasks to queue
[2026-10-02T13:41:35.274+0000] {logging_mixin.py:190} INFO - [2026-10-02T13:41:35.273+0000] {dagbag.py:588} INFO - Filling up the DagBag from /opt/airflow/dags/water_quality_pipeline_dag.py
[2026-10-02T13:41:35.285+0000] {processor.py:925} INFO - DAG(s) 'water_quality_training_pipeline' retrieved from /opt/airflow/dags/water_quality_pipeline_dag.py
[2026-10-02T13:41:35.324+0000] {logging_mixin.py:190} INFO - [2026-10-02T13:41:35.324+0000] {dag.py:3239} INFO - Sync 1 DAGs
[2026-10-02T13:41:35.341+0000] {logging_mixin.py:190} INFO - [2026-10-02T13:41:35.341+0000] {dag.py:4180} INFO - Setting next_dagrun for water_quality_training_pipeline to None, run_after=None
[2026-10-02T13:41:35.359+0000] {processor.py:208} INFO - Processing /opt/airflow/dags/water_quality_pipeline_dag.py took 0.104 seconds
[2026-10-02T13:42:05.537+0000] {processor.py:186} INFO - Started process (PID=9858) to work on /opt/airflow/dags/water_quality_pipeline_dag.py
[2026-10-02T13:42:05.538+0000] {processor.py:914} INFO - Processing file /opt/airflow/dags/water_quality_pipeline_dag.py for tasks to queue
[2026-10-02T13:42:05.542+0000] {logging_mixin.py:190} INFO - [2026-10-02T13:42:05.541+0000] {dagbag.py:588} INFO - Filling up the DagBag from /opt/airflow/dags/water_quality_pipeline_dag.py
[2026-10-02T13:42:05.558+0000] {processor.py:925} INFO - DAG(s) 'water_quality_training_pipeline' retrieved from /opt/airflow/dags/water_quality_pipeline_dag.py
[2026-10-02T13:42:05.596+0000] {logging_mixin.py:190} INFO - [2026-10-02T13:42:05.596+0000] {dag.py:3239} INFO - Sync 1 DAGs
[2026-10-02T13:42:05.615+0000] {logging_mixin.py:190} INFO - [2026-10-02T13:42:05.614+0000] {dag.py:4180} INFO - Setting next_dagrun for water_quality_training_pipeline to None, run_after=None
[2026-10-02T13:42:05.636+0000] {processor.py:208} INFO - Processing /opt/airflow/dags/water_quality_pipeline_dag.py took 0.117 seconds
[2026-10-02T13:42:35.876+0000] {processor.py:186} INFO - Started process (PID=9880) to work on /opt/airflow/dags/water_quality_pipeline_dag.py
[2026-10-02T13:42:35.879+0000] {processor.py:914} INFO - Processing file /opt/airflow/dags/water_quality_pipeline_dag.py for tasks to queue
[2026-10-02T13:42:35.882+0000] {logging_mixin.py:190} INFO - [2026-10-02T13:42:35.881+0000] {dagbag.py:588} INFO - Filling up the DagBag from /opt/airflow/dags/water_quality_pipeline_dag.py
[2026-10-02T13:42:35.894+0000] {processor.py:925} INFO - DAG(s) 'water_quality_training_pipeline' retrieved from /opt/airflow/dags/water_quality_pipeline_dag.py
[2026-10-02T13:42:35.931+0000] {logging_mixin.py:190} INFO - [2026-10-02T13:42:35.930+0000] {dag.py:3239} INFO - Sync 1 DAGs
[2026-10-02T13:42:35.950+0000] {logging_mixin.py:190} INFO - [2026-10-02T13:42:35.949+0000] {dag.py:4180} INFO - Setting next_dagrun for water_quality_training_pipeline to None, run_after=None
[2026-10-02T13:42:35.975+0000] {processor.py:208} INFO - Processing /opt/airflow/dags/water_quality_pipeline_dag.py took 0.108 seconds
[2026-10-02T13:43:06.170+0000] {processor.py:186} INFO - Started process (PID=9900) to work on /opt/airflow/dags/water_quality_pipeline_dag.py
[2026-10-02T13:43:06.171+0000] {processor.py:914} INFO - Processing file /opt/airflow/dags/water_quality_pipeline_dag.py for tasks to queue
[2026-10-02T13:43:06.173+0000] {logging_mixin.py:190} INFO - [2026-10-02T13:43:06.173+0000] {dagbag.py:588} INFO - Filling up the DagBag from /opt/airflow/dags/water_quality_pipeline_dag.py
[2026-10-02T13:43:06.185+0000] {processor.py:925} INFO - DAG(s) 'water_quality_training_pipeline' retrieved from /opt/airflow/dags/water_quality_pipeline_dag.py
[2026-10-02T13:43:06.231+0000] {logging_mixin.py:190} INFO - [2026-10-02T13:43:06.230+0000] {dag.py:3239} INFO - Sync 1 DAGs
[2026-10-02T13:43:06.250+0000] {logging_mixin.py:190} INFO - [2026-10-02T13:43:06.249+0000] {dag.py:4180} INFO - Setting next_dagrun for water_quality_training_pipeline to None, run_after=None
[2026-10-02T13:43:06.277+0000] {processor.py:208} INFO - Processing /opt/airflow/dags/water_quality_pipeline_dag.py took 0.120 seconds
[2026-10-02T13:43:36.548+0000] {processor.py:186} INFO - Started process (PID=9929) to work on /opt/airflow/dags/water_quality_pipeline_dag.py
[2026-10-02T13:43:36.549+0000] {processor.py:914} INFO - Processing file /opt/airflow/dags/water_quality_pipeline_dag.py for tasks to queue
[2026-10-02T13:43:36.551+0000] {logging_mixin.py:190} INFO - [2026-10-02T13:43:36.551+0000] {dagbag.py:588} INFO - Filling up the DagBag from /opt/airflow/dags/water_quality_pipeline_dag.py
[2026-10-02T13:43:36.559+0000] {processor.py:925} INFO - DAG(s) 'water_quality_training_pipeline' retrieved from /opt/airflow/dags/water_quality_pipeline_dag.py
[2026-10-02T13:43:36.582+0000] {logging_mixin.py:190} INFO - [2026-10-02T13:43:36.582+0000] {dag.py:3239} INFO - Sync 1 DAGs
[2026-10-02T13:43:36.594+0000] {logging_mixin.py:190} INFO - [2026-10-02T13:43:36.594+0000] {dag.py:4180} INFO - Setting next_dagrun for water_quality_training_pipeline to None, run_after=None
[2026-10-02T13:43:36.609+0000] {processor.py:208} INFO - Processing /opt/airflow/dags/water_quality_pipeline_dag.py took 0.066 seconds
[2026-10-02T13:44:06.843+0000] {processor.py:186} INFO - Started process (PID=9949) to work on /opt/airflow/dags/water_quality_pipeline_dag.py
[2026-10-02T13:44:06.844+0000] {processor.py:914} INFO - Processing file /opt/airflow/dags/water_quality_pipeline_dag.py for tasks to queue
[2026-10-02T13:44:06.847+0000] {logging_mixin.py:190} INFO - [2026-10-02T13:44:06.847+0000] {dagbag.py:588} INFO - Filling up the DagBag from /opt/airflow/dags/water_quality_pipeline_dag.py
[2026-10-02T13:44:06.859+0000] {processor.py:925} INFO - DAG(s) 'water_quality_training_pipeline' retrieved from /opt/airflow/dags/water_quality_pipeline_dag.py
[2026-10-02T13:44:06.909+0000] {logging_mixin.py:190} INFO - [2026-10-02T13:44:06.909+0000] {dag.py:3239} INFO - Sync 1 DAGs
[2026-10-02T13:44:06.930+0000] {logging_mixin.py:190} INFO - [2026-10-02T13:44:06.929+0000] {dag.py:4180} INFO - Setting next_dagrun for water_quality_training_pipeline to None, run_after=None
[2026-10-02T13:44:06.952+0000] {processor.py:208} INFO - Processing /opt/airflow/dags/water_quality_pipeline_dag.py took 0.119 seconds
[2026-10-02T13:44:37.164+0000] {processor.py:186} INFO - Started process (PID=9970) to work on /opt/airflow/dags/water_quality_pipeline_dag.py
[2026-10-02T13:44:37.167+0000] {processor.py:914} INFO - Processing file /opt/airflow/dags/water_quality_pipeline_dag.py for tasks to queue
[2026-10-02T13:44:37.172+0000] {logging_mixin.py:190} INFO - [2026-10-02T13:44:37.171+0000] {dagbag.py:588} INFO - Filling up the DagBag from /opt/airflow/dags/water_quality_pipeline_dag.py
[2026-10-02T13:44:37.184+0000] {processor.py:925} INFO - DAG(s) 'water_quality_training_pipeline' retrieved from /opt/airflow/dags/water_quality_pipeline_dag.py
[2026-10-02T13:44:37.236+0000] {logging_mixin.py:190} INFO - [2026-10-02T13:44:37.236+0000] {dag.py:3239} INFO - Sync 1 DAGs
[2026-10-02T13:44:37.257+0000] {logging_mixin.py:190} INFO - [2026-10-02T13:44:37.257+0000] {dag.py:4180} INFO - Setting next_dagrun for water_quality_training_pipeline to None, run_after=None
[2026-10-02T13:44:37.283+0000] {processor.py:208} INFO - Processing /opt/airflow/dags/water_quality_pipeline_dag.py took 0.135 seconds
[2026-10-02T13:45:07.491+0000] {processor.py:186} INFO - Started process (PID=9999) to work on /opt/airflow/dags/water_quality_pipeline_dag.py
[2026-10-02T13:45:07.492+0000] {processor.py:914} INFO - Processing file /opt/airflow/dags/water_quality_pipeline_dag.py for tasks to queue
[2026-10-02T13:45:07.495+0000] {logging_mixin.py:190} INFO - [2026-10-02T13:45:07.494+0000] {dagbag.py:588} INFO - Filling up the DagBag from /opt/airflow/dags/water_quality_pipeline_dag.py
[2026-10-02T13:45:07.509+0000] {processor.py:925} INFO - DAG(s) 'water_quality_training_pipeline' retrieved from /opt/airflow/dags/water_quality_pipeline_dag.py
[2026-10-02T13:45:07.556+0000] {logging_mixin.py:190} INFO - [2026-10-02T13:45:07.556+0000] {dag.py:3239} INFO - Sync 1 DAGs
[2026-10-02T13:45:07.575+0000] {logging_mixin.py:190} INFO - [2026-10-02T13:45:07.575+0000] {dag.py:4180} INFO - Setting next_dagrun for water_quality_training_pipeline to None, run_after=None
[2026-10-02T13:45:07.596+0000] {processor.py:208} INFO - Processing /opt/airflow/dags/water_quality_pipeline_dag.py took 0.114 seconds
[2026-10-02T13:45:37.827+0000] {processor.py:186} INFO - Started process (PID=10020) to work on /opt/airflow/dags/water_quality_pipeline_dag.py
[2026-10-02T13:45:37.830+0000] {processor.py:914} INFO - Processing file /opt/airflow/dags/water_quality_pipeline_dag.py for tasks to queue
[2026-10-02T13:45:37.833+0000] {logging_mixin.py:190} INFO - [2026-10-02T13:45:37.833+0000] {dagbag.py:588} INFO - Filling up the DagBag from /opt/airflow/dags/water_quality_pipeline_dag.py
[2026-10-02T13:45:37.848+0000] {processor.py:925} INFO - DAG(s) 'water_quality_training_pipeline' retrieved from /opt/airflow/dags/water_quality_pipeline_dag.py
[2026-10-02T13:45:37.898+0000] {logging_mixin.py:190} INFO - [2026-10-02T13:45:37.898+0000] {dag.py:3239} INFO - Sync 1 DAGs
[2026-10-02T13:45:37.919+0000] {logging_mixin.py:190} INFO - [2026-10-02T13:45:37.918+0000] {dag.py:4180} INFO - Setting next_dagrun for water_quality_training_pipeline to None, run_after=None
[2026-10-02T13:45:37.939+0000] {processor.py:208} INFO - Processing /opt/airflow/dags/water_quality_pipeline_dag.py took 0.125 seconds
[2026-10-02T13:46:08.113+0000] {processor.py:186} INFO - Started process (PID=10041) to work on /opt/airflow/dags/water_quality_pipeline_dag.py
[2026-10-02T13:46:08.114+0000] {processor.py:914} INFO - Processing file /opt/airflow/dags/water_quality_pipeline_dag.py for tasks to queue
[2026-10-02T13:46:08.117+0000] {logging_mixin.py:190} INFO - [2026-10-02T13:46:08.117+0000] {dagbag.py:588} INFO - Filling up the DagBag from /opt/airflow/dags/water_quality_pipeline_dag.py
[2026-10-02T13:46:08.133+0000] {processor.py:925} INFO - DAG(s) 'water_quality_training_pipeline' retrieved from /opt/airflow/dags/water_quality_pipeline_dag.py
[2026-10-02T13:46:08.185+0000] {logging_mixin.py:190} INFO - [2026-10-02T13:46:08.184+0000] {dag.py:3239} INFO - Sync 1 DAGs
[2026-10-02T13:46:08.222+0000] {logging_mixin.py:190} INFO - [2026-10-02T13:46:08.221+0000] {dag.py:4180} INFO - Setting next_dagrun for water_quality_training_pipeline to None, run_after=None
[2026-10-02T13:46:08.254+0000] {processor.py:208} INFO - Processing /opt/airflow/dags/water_quality_pipeline_dag.py took 0.151 seconds
[2026-10-02T13:46:38.464+0000] {processor.py:186} INFO - Started process (PID=10070) to work on /opt/airflow/dags/water_quality_pipeline_dag.py
[2026-10-02T13:46:38.467+0000] {processor.py:914} INFO - Processing file /opt/airflow/dags/water_quality_pipeline_dag.py for tasks to queue
[2026-10-02T13:46:38.470+0000] {logging_mixin.py:190} INFO - [2026-10-02T13:46:38.469+0000] {dagbag.py:588} INFO - Filling up the DagBag from /opt/airflow/dags/water_quality_pipeline_dag.py
[2026-10-02T13:46:38.485+0000] {processor.py:925} INFO - DAG(s) 'water_quality_training_pipeline' retrieved from /opt/airflow/dags/water_quality_pipeline_dag.py
[2026-10-02T13:46:38.543+0000] {logging_mixin.py:190} INFO - [2026-10-02T13:46:38.543+0000] {dag.py:3239} INFO - Sync 1 DAGs
[2026-10-02T13:46:38.567+0000] {logging_mixin.py:190} INFO - [2026-10-02T13:46:38.567+0000] {dag.py:4180} INFO - Setting next_dagrun for water_quality_training_pipeline to None, run_after=None
[2026-10-02T13:46:38.595+0000] {processor.py:208} INFO - Processing /opt/airflow/dags/water_quality_pipeline_dag.py took 0.142 seconds
[2026-10-02T13:47:08.781+0000] {processor.py:186} INFO - Started process (PID=10091) to work on /opt/airflow/dags/water_quality_pipeline_dag.py
[2026-10-02T13:47:08.782+0000] {processor.py:914} INFO - Processing file /opt/airflow/dags/water_quality_pipeline_dag.py for tasks to queue
[2026-10-02T13:47:08.785+0000] {logging_mixin.py:190} INFO - [2026-10-02T13:47:08.784+0000] {dagbag.py:588} INFO - Filling up the DagBag from /opt/airflow/dags/water_quality_pipeline_dag.py
[2026-10-02T13:47:08.796+0000] {processor.py:925} INFO - DAG(s) 'water_quality_training_pipeline' retrieved from /opt/airflow/dags/water_quality_pipeline_dag.py
[2026-10-02T13:47:08.840+0000] {logging_mixin.py:190} INFO - [2026-10-02T13:47:08.840+0000] {dag.py:3239} INFO - Sync 1 DAGs
[2026-10-02T13:47:08.860+0000] {logging_mixin.py:190} INFO - [2026-10-02T13:47:08.859+0000] {dag.py:4180} INFO - Setting next_dagrun for water_quality_training_pipeline to None, run_after=None
[2026-10-02T13:47:08.885+0000] {processor.py:208} INFO - Processing /opt/airflow/dags/water_quality_pipeline_dag.py took 0.113 seconds
[2026-10-02T13:47:39.126+0000] {processor.py:186} INFO - Started process (PID=10119) to work on /opt/airflow/dags/water_quality_pipeline_dag.py
[2026-10-02T13:47:39.129+0000] {processor.py:914} INFO - Processing file /opt/airflow/dags/water_quality_pipeline_dag.py for tasks to queue
[2026-10-02T13:47:39.132+0000] {logging_mixin.py:190} INFO - [2026-10-02T13:47:39.131+0000] {dagbag.py:588} INFO - Filling up the DagBag from /opt/airflow/dags/water_quality_pipeline_dag.py
[2026-10-02T13:47:39.144+0000] {processor.py:925} INFO - DAG(s) 'water_quality_training_pipeline' retrieved from /opt/airflow/dags/water_quality_pipeline_dag.py
[2026-10-02T13:47:39.189+0000] {logging_mixin.py:190} INFO - [2026-10-02T13:47:39.189+0000] {dag.py:3239} INFO - Sync 1 DAGs
[2026-10-02T13:47:39.210+0000] {logging_mixin.py:190} INFO - [2026-10-02T13:47:39.209+0000] {dag.py:4180} INFO - Setting next_dagrun for water_quality_training_pipeline to None, run_after=None
[2026-10-02T13:47:39.236+0000] {processor.py:208} INFO - Processing /opt/airflow/dags/water_quality_pipeline_dag.py took 0.121 seconds
[2026-10-02T13:48:09.387+0000] {processor.py:186} INFO - Started process (PID=10142) to work on /opt/airflow/dags/water_quality_pipeline_dag.py
[2026-10-02T13:48:09.388+0000] {processor.py:914} INFO - Processing file /opt/airflow/dags/water_quality_pipeline_dag.py for tasks to queue
[2026-10-02T13:48:09.391+0000] {logging_mixin.py:190} INFO - [2026-10-02T13:48:09.391+0000] {dagbag.py:588} INFO - Filling up the DagBag from /opt/airflow/dags/water_quality_pipeline_dag.py
[2026-10-02T13:48:09.405+0000] {processor.py:925} INFO - DAG(s) 'water_quality_training_pipeline' retrieved from /opt/airflow/dags/water_quality_pipeline_dag.py
[2026-10-02T13:48:09.448+0000] {logging_mixin.py:190} INFO - [2026-10-02T13:48:09.447+0000] {dag.py:3239} INFO - Sync 1 DAGs
[2026-10-02T13:48:09.466+0000] {logging_mixin.py:190} INFO - [2026-10-02T13:48:09.466+0000] {dag.py:4180} INFO - Setting next_dagrun for water_quality_training_pipeline to None, run_after=None
[2026-10-02T13:48:09.494+0000] {processor.py:208} INFO - Processing /opt/airflow/dags/water_quality_pipeline_dag.py took 0.116 seconds
[2026-10-02T13:48:39.786+0000] {processor.py:186} INFO - Started process (PID=10163) to work on /opt/airflow/dags/water_quality_pipeline_dag.py
[2026-10-02T13:48:39.788+0000] {processor.py:914} INFO - Processing file /opt/airflow/dags/water_quality_pipeline_dag.py for tasks to queue
[2026-10-02T13:48:39.792+0000] {logging_mixin.py:190} INFO - [2026-10-02T13:48:39.791+0000] {dagbag.py:588} INFO - Filling up the DagBag from /opt/airflow/dags/water_quality_pipeline_dag.py
[2026-10-02T13:48:39.808+0000] {processor.py:925} INFO - DAG(s) 'water_quality_training_pipeline' retrieved from /opt/airflow/dags/water_quality_pipeline_dag.py
[2026-10-02T13:48:39.851+0000] {logging_mixin.py:190} INFO - [2026-10-02T13:48:39.850+0000] {dag.py:3239} INFO - Sync 1 DAGs
[2026-10-02T13:48:39.870+0000] {logging_mixin.py:190} INFO - [2026-10-02T13:48:39.870+0000] {dag.py:4180} INFO - Setting next_dagrun for water_quality_training_pipeline to None, run_after=None
[2026-10-02T13:48:39.892+0000] {processor.py:208} INFO - Processing /opt/airflow/dags/water_quality_pipeline_dag.py took 0.120 seconds
[2026-10-02T13:49:10.055+0000] {processor.py:186} INFO - Started process (PID=10192) to work on /opt/airflow/dags/water_quality_pipeline_dag.py
[2026-10-02T13:49:10.056+0000] {processor.py:914} INFO - Processing file /opt/airflow/dags/water_quality_pipeline_dag.py for tasks to queue
[2026-10-02T13:49:10.059+0000] {logging_mixin.py:190} INFO - [2026-10-02T13:49:10.059+0000] {dagbag.py:588} INFO - Filling up the DagBag from /opt/airflow/dags/water_quality_pipeline_dag.py
[2026-10-02T13:49:10.072+0000] {processor.py:925} INFO - DAG(s) 'water_quality_training_pipeline' retrieved from /opt/airflow/dags/water_quality_pipeline_dag.py
[2026-10-02T13:49:10.121+0000] {logging_mixin.py:190} INFO - [2026-10-02T13:49:10.121+0000] {dag.py:3239} INFO - Sync 1 DAGs
[2026-10-02T13:49:10.143+0000] {logging_mixin.py:190} INFO - [2026-10-02T13:49:10.143+0000] {dag.py:4180} INFO - Setting next_dagrun for water_quality_training_pipeline to None, run_after=None
[2026-10-02T13:49:10.168+0000] {processor.py:208} INFO - Processing /opt/airflow/dags/water_quality_pipeline_dag.py took 0.128 seconds
[2026-10-02T13:49:40.400+0000] {processor.py:186} INFO - Started process (PID=10215) to work on /opt/airflow/dags/water_quality_pipeline_dag.py
[2026-10-02T13:49:40.402+0000] {processor.py:914} INFO - Processing file /opt/airflow/dags/water_quality_pipeline_dag.py for tasks to queue
[2026-10-02T13:49:40.405+0000] {logging_mixin.py:190} INFO - [2026-10-02T13:49:40.405+0000] {dagbag.py:588} INFO - Filling up the DagBag from /opt/airflow/dags/water_quality_pipeline_dag.py
[2026-10-02T13:49:40.418+0000] {processor.py:925} INFO - DAG(s) 'water_quality_training_pipeline' retrieved from /opt/airflow/dags/water_quality_pipeline_dag.py
[2026-10-02T13:49:40.455+0000] {logging_mixin.py:190} INFO - [2026-10-02T13:49:40.455+0000] {dag.py:3239} INFO - Sync 1 DAGs
[2026-10-02T13:49:40.473+0000] {logging_mixin.py:190} INFO - [2026-10-02T13:49:40.473+0000] {dag.py:4180} INFO - Setting next_dagrun for water_quality_training_pipeline to None, run_after=None
[2026-10-02T13:49:40.493+0000] {processor.py:208} INFO - Processing /opt/airflow/dags/water_quality_pipeline_dag.py took 0.106 seconds
[2026-10-02T13:50:10.671+0000] {processor.py:186} INFO - Started process (PID=10236) to work on /opt/airflow/dags/water_quality_pipeline_dag.py
[2026-10-02T13:50:10.672+0000] {processor.py:914} INFO - Processing file /opt/airflow/dags/water_quality_pipeline_dag.py for tasks to queue
[2026-10-02T13:50:10.675+0000] {logging_mixin.py:190} INFO - [2026-10-02T13:50:10.674+0000] {dagbag.py:588} INFO - Filling up the DagBag from /opt/airflow/dags/water_quality_pipeline_dag.py
[2026-10-02T13:50:10.688+0000] {processor.py:925} INFO - DAG(s) 'water_quality_training_pipeline' retrieved from /opt/airflow/dags/water_quality_pipeline_dag.py
[2026-10-02T13:50:10.737+0000] {logging_mixin.py:190} INFO - [2026-10-02T13:50:10.737+0000] {dag.py:3239} INFO - Sync 1 DAGs
[2026-10-02T13:50:10.764+0000] {logging_mixin.py:190} INFO - [2026-10-02T13:50:10.764+0000] {dag.py:4180} INFO - Setting next_dagrun for water_quality_training_pipeline to None, run_after=None
[2026-10-02T13:50:10.790+0000] {processor.py:208} INFO - Processing /opt/airflow/dags/water_quality_pipeline_dag.py took 0.131 seconds
[2026-10-02T13:50:41.029+0000] {processor.py:186} INFO - Started process (PID=10265) to work on /opt/airflow/dags/water_quality_pipeline_dag.py
[2026-10-02T13:50:41.032+0000] {processor.py:914} INFO - Processing file /opt/airflow/dags/water_quality_pipeline_dag.py for tasks to queue
[2026-10-02T13:50:41.035+0000] {logging_mixin.py:190} INFO - [2026-10-02T13:50:41.035+0000] {dagbag.py:588} INFO - Filling up the DagBag from /opt/airflow/dags/water_quality_pipeline_dag.py
[2026-10-02T13:50:41.048+0000] {processor.py:925} INFO - DAG(s) 'water_quality_training_pipeline' retrieved from /opt/airflow/dags/water_quality_pipeline_dag.py
[2026-10-02T13:50:41.090+0000] {logging_mixin.py:190} INFO - [2026-10-02T13:50:41.090+0000] {dag.py:3239} INFO - Sync 1 DAGs
[2026-10-02T13:50:41.112+0000] {logging_mixin.py:190} INFO - [2026-10-02T13:50:41.111+0000] {dag.py:4180} INFO - Setting next_dagrun for water_quality_training_pipeline to None, run_after=None
[2026-10-02T13:50:41.138+0000] {processor.py:208} INFO - Processing /opt/airflow/dags/water_quality_pipeline_dag.py took 0.121 seconds
[2026-10-02T13:51:11.318+0000] {processor.py:186} INFO - Started process (PID=10287) to work on /opt/airflow/dags/water_quality_pipeline_dag.py
[2026-10-02T13:51:11.319+0000] {processor.py:914} INFO - Processing file /opt/airflow/dags/water_quality_pipeline_dag.py for tasks to queue
[2026-10-02T13:51:11.322+0000] {logging_mixin.py:190} INFO - [2026-10-02T13:51:11.322+0000] {dagbag.py:588} INFO - Filling up the DagBag from /opt/airflow/dags/water_quality_pipeline_dag.py
[2026-10-02T13:51:11.336+0000] {processor.py:925} INFO - DAG(s) 'water_quality_training_pipeline' retrieved from /opt/airflow/dags/water_quality_pipeline_dag.py
[2026-10-02T13:51:11.382+0000] {logging_mixin.py:190} INFO - [2026-10-02T13:51:11.382+0000] {dag.py:3239} INFO - Sync 1 DAGs
[2026-10-02T13:51:11.404+0000] {logging_mixin.py:190} INFO - [2026-10-02T13:51:11.403+0000] {dag.py:4180} INFO - Setting next_dagrun for water_quality_training_pipeline to None, run_after=None
[2026-10-02T13:51:11.429+0000] {processor.py:208} INFO - Processing /opt/airflow/dags/water_quality_pipeline_dag.py took 0.123 seconds
[2026-10-02T13:51:41.652+0000] {processor.py:186} INFO - Started process (PID=10308) to work on /opt/airflow/dags/water_quality_pipeline_dag.py
[2026-10-02T13:51:41.655+0000] {processor.py:914} INFO - Processing file /opt/airflow/dags/water_quality_pipeline_dag.py for tasks to queue
[2026-10-02T13:51:41.658+0000] {logging_mixin.py:190} INFO - [2026-10-02T13:51:41.657+0000] {dagbag.py:588} INFO - Filling up the DagBag from /opt/airflow/dags/water_quality_pipeline_dag.py
[2026-10-02T13:51:41.672+0000] {processor.py:925} INFO - DAG(s) 'water_quality_training_pipeline' retrieved from /opt/airflow/dags/water_quality_pipeline_dag.py
[2026-10-02T13:51:41.714+0000] {logging_mixin.py:190} INFO - [2026-10-02T13:51:41.713+0000] {dag.py:3239} INFO - Sync 1 DAGs
[2026-10-02T13:51:41.733+0000] {logging_mixin.py:190} INFO - [2026-10-02T13:51:41.733+0000] {dag.py:4180} INFO - Setting next_dagrun for water_quality_training_pipeline to None, run_after=None
[2026-10-02T13:51:41.757+0000] {processor.py:208} INFO - Processing /opt/airflow/dags/water_quality_pipeline_dag.py took 0.117 seconds
[2026-10-02T13:52:11.960+0000] {processor.py:186} INFO - Started process (PID=10338) to work on /opt/airflow/dags/water_quality_pipeline_dag.py
[2026-10-02T13:52:11.961+0000] {processor.py:914} INFO - Processing file /opt/airflow/dags/water_quality_pipeline_dag.py for tasks to queue
[2026-10-02T13:52:11.963+0000] {logging_mixin.py:190} INFO - [2026-10-02T13:52:11.963+0000] {dagbag.py:588} INFO - Filling up the DagBag from /opt/airflow/dags/water_quality_pipeline_dag.py
[2026-10-02T13:52:11.977+0000] {processor.py:925} INFO - DAG(s) 'water_quality_training_pipeline' retrieved from /opt/airflow/dags/water_quality_pipeline_dag.py
[2026-10-02T13:52:12.022+0000] {logging_mixin.py:190} INFO - [2026-10-02T13:52:12.022+0000] {dag.py:3239} INFO - Sync 1 DAGs
[2026-10-02T13:52:12.042+0000] {logging_mixin.py:190} INFO - [2026-10-02T13:52:12.042+0000] {dag.py:4180} INFO - Setting next_dagrun for water_quality_training_pipeline to None, run_after=None
[2026-10-02T13:52:12.068+0000] {processor.py:208} INFO - Processing /opt/airflow/dags/water_quality_pipeline_dag.py took 0.119 seconds
[2026-10-02T13:52:42.289+0000] {processor.py:186} INFO - Started process (PID=10359) to work on /opt/airflow/dags/water_quality_pipeline_dag.py
[2026-10-02T13:52:42.292+0000] {processor.py:914} INFO - Processing file /opt/airflow/dags/water_quality_pipeline_dag.py for tasks to queue
[2026-10-02T13:52:42.296+0000] {logging_mixin.py:190} INFO - [2026-10-02T13:52:42.296+0000] {dagbag.py:588} INFO - Filling up the DagBag from /opt/airflow/dags/water_quality_pipeline_dag.py
[2026-10-02T13:52:42.309+0000] {processor.py:925} INFO - DAG(s) 'water_quality_training_pipeline' retrieved from /opt/airflow/dags/water_quality_pipeline_dag.py
[2026-10-02T13:52:42.350+0000] {logging_mixin.py:190} INFO - [2026-10-02T13:52:42.350+0000] {dag.py:3239} INFO - Sync 1 DAGs
[2026-10-02T13:52:42.368+0000] {logging_mixin.py:190} INFO - [2026-10-02T13:52:42.367+0000] {dag.py:4180} INFO - Setting next_dagrun for water_quality_training_pipeline to None, run_after=None
[2026-10-02T13:52:42.390+0000] {processor.py:208} INFO - Processing /opt/airflow/dags/water_quality_pipeline_dag.py took 0.112 seconds
[2026-10-02T13:53:12.613+0000] {processor.py:186} INFO - Started process (PID=10387) to work on /opt/airflow/dags/water_quality_pipeline_dag.py
[2026-10-02T13:53:12.615+0000] {processor.py:914} INFO - Processing file /opt/airflow/dags/water_quality_pipeline_dag.py for tasks to queue
[2026-10-02T13:53:12.618+0000] {logging_mixin.py:190} INFO - [2026-10-02T13:53:12.618+0000] {dagbag.py:588} INFO - Filling up the DagBag from /opt/airflow/dags/water_quality_pipeline_dag.py
[2026-10-02T13:53:12.631+0000] {processor.py:925} INFO - DAG(s) 'water_quality_training_pipeline' retrieved from /opt/airflow/dags/water_quality_pipeline_dag.py
[2026-10-02T13:53:12.670+0000] {logging_mixin.py:190} INFO - [2026-10-02T13:53:12.670+0000] {dag.py:3239} INFO - Sync 1 DAGs
[2026-10-02T13:53:12.688+0000] {logging_mixin.py:190} INFO - [2026-10-02T13:53:12.688+0000] {dag.py:4180} INFO - Setting next_dagrun for water_quality_training_pipeline to None, run_after=None
[2026-10-02T13:53:12.708+0000] {processor.py:208} INFO - Processing /opt/airflow/dags/water_quality_pipeline_dag.py took 0.108 seconds
[2026-10-02T13:53:42.930+0000] {processor.py:186} INFO - Started process (PID=10409) to work on /opt/airflow/dags/water_quality_pipeline_dag.py
[2026-10-02T13:53:42.933+0000] {processor.py:914} INFO - Processing file /opt/airflow/dags/water_quality_pipeline_dag.py for tasks to queue
[2026-10-02T13:53:42.936+0000] {logging_mixin.py:190} INFO - [2026-10-02T13:53:42.936+0000] {dagbag.py:588} INFO - Filling up the DagBag from /opt/airflow/dags/water_quality_pipeline_dag.py
[2026-10-02T13:53:42.950+0000] {processor.py:925} INFO - DAG(s) 'water_quality_training_pipeline' retrieved from /opt/airflow/dags/water_quality_pipeline_dag.py
[2026-10-02T13:53:42.988+0000] {logging_mixin.py:190} INFO - [2026-10-02T13:53:42.988+0000] {dag.py:3239} INFO - Sync 1 DAGs
[2026-10-02T13:53:43.006+0000] {logging_mixin.py:190} INFO - [2026-10-02T13:53:43.006+0000] {dag.py:4180} INFO - Setting next_dagrun for water_quality_training_pipeline to None, run_after=None
[2026-10-02T13:53:43.027+0000] {processor.py:208} INFO - Processing /opt/airflow/dags/water_quality_pipeline_dag.py took 0.110 seconds
[2026-10-02T13:54:13.224+0000] {processor.py:186} INFO - Started process (PID=10430) to work on /opt/airflow/dags/water_quality_pipeline_dag.py
[2026-10-02T13:54:13.226+0000] {processor.py:914} INFO - Processing file /opt/airflow/dags/water_quality_pipeline_dag.py for tasks to queue
[2026-10-02T13:54:13.231+0000] {logging_mixin.py:190} INFO - [2026-10-02T13:54:13.230+0000] {dagbag.py:588} INFO - Filling up the DagBag from /opt/airflow/dags/water_quality_pipeline_dag.py
[2026-10-02T13:54:13.251+0000] {processor.py:925} INFO - DAG(s) 'water_quality_training_pipeline' retrieved from /opt/airflow/dags/water_quality_pipeline_dag.py
[2026-10-02T13:54:13.290+0000] {logging_mixin.py:190} INFO - [2026-10-02T13:54:13.290+0000] {dag.py:3239} INFO - Sync 1 DAGs
[2026-10-02T13:54:13.310+0000] {logging_mixin.py:190} INFO - [2026-10-02T13:54:13.310+0000] {dag.py:4180} INFO - Setting next_dagrun for water_quality_training_pipeline to None, run_after=None
[2026-10-02T13:54:13.334+0000] {processor.py:208} INFO - Processing /opt/airflow/dags/water_quality_pipeline_dag.py took 0.126 seconds
[2026-10-02T13:54:43.567+0000] {processor.py:186} INFO - Started process (PID=10459) to work on /opt/airflow/dags/water_quality_pipeline_dag.py
[2026-10-02T13:54:43.569+0000] {processor.py:914} INFO - Processing file /opt/airflow/dags/water_quality_pipeline_dag.py for tasks to queue
[2026-10-02T13:54:43.572+0000] {logging_mixin.py:190} INFO - [2026-10-02T13:54:43.572+0000] {dagbag.py:588} INFO - Filling up the DagBag from /opt/airflow/dags/water_quality_pipeline_dag.py
[2026-10-02T13:54:43.587+0000] {processor.py:925} INFO - DAG(s) 'water_quality_training_pipeline' retrieved from /opt/airflow/dags/water_quality_pipeline_dag.py
[2026-10-02T13:54:43.624+0000] {logging_mixin.py:190} INFO - [2026-10-02T13:54:43.624+0000] {dag.py:3239} INFO - Sync 1 DAGs
[2026-10-02T13:54:43.639+0000] {logging_mixin.py:190} INFO - [2026-10-02T13:54:43.639+0000] {dag.py:4180} INFO - Setting next_dagrun for water_quality_training_pipeline to None, run_after=None
[2026-10-02T13:54:43.657+0000] {processor.py:208} INFO - Processing /opt/airflow/dags/water_quality_pipeline_dag.py took 0.103 seconds
[2026-10-02T13:55:13.854+0000] {processor.py:186} INFO - Started process (PID=10480) to work on /opt/airflow/dags/water_quality_pipeline_dag.py
[2026-10-02T13:55:13.855+0000] {processor.py:914} INFO - Processing file /opt/airflow/dags/water_quality_pipeline_dag.py for tasks to queue
[2026-10-02T13:55:13.858+0000] {logging_mixin.py:190} INFO - [2026-10-02T13:55:13.858+0000] {dagbag.py:588} INFO - Filling up the DagBag from /opt/airflow/dags/water_quality_pipeline_dag.py
[2026-10-02T13:55:13.871+0000] {processor.py:925} INFO - DAG(s) 'water_quality_training_pipeline' retrieved from /opt/airflow/dags/water_quality_pipeline_dag.py
[2026-10-02T13:55:13.906+0000] {logging_mixin.py:190} INFO - [2026-10-02T13:55:13.906+0000] {dag.py:3239} INFO - Sync 1 DAGs
[2026-10-02T13:55:13.924+0000] {logging_mixin.py:190} INFO - [2026-10-02T13:55:13.924+0000] {dag.py:4180} INFO - Setting next_dagrun for water_quality_training_pipeline to None, run_after=None
[2026-10-02T13:55:13.949+0000] {processor.py:208} INFO - Processing /opt/airflow/dags/water_quality_pipeline_dag.py took 0.105 seconds
[2026-10-02T13:55:44.170+0000] {processor.py:186} INFO - Started process (PID=10508) to work on /opt/airflow/dags/water_quality_pipeline_dag.py
[2026-10-02T13:55:44.171+0000] {processor.py:914} INFO - Processing file /opt/airflow/dags/water_quality_pipeline_dag.py for tasks to queue
[2026-10-02T13:55:44.175+0000] {logging_mixin.py:190} INFO - [2026-10-02T13:55:44.174+0000] {dagbag.py:588} INFO - Filling up the DagBag from /opt/airflow/dags/water_quality_pipeline_dag.py
[2026-10-02T13:55:44.190+0000] {processor.py:925} INFO - DAG(s) 'water_quality_training_pipeline' retrieved from /opt/airflow/dags/water_quality_pipeline_dag.py
[2026-10-02T13:55:44.226+0000] {logging_mixin.py:190} INFO - [2026-10-02T13:55:44.226+0000] {dag.py:3239} INFO - Sync 1 DAGs
[2026-10-02T13:55:44.245+0000] {logging_mixin.py:190} INFO - [2026-10-02T13:55:44.245+0000] {dag.py:4180} INFO - Setting next_dagrun for water_quality_training_pipeline to None, run_after=None
[2026-10-02T13:55:44.267+0000] {processor.py:208} INFO - Processing /opt/airflow/dags/water_quality_pipeline_dag.py took 0.108 seconds
[2026-10-02T13:56:14.485+0000] {processor.py:186} INFO - Started process (PID=10530) to work on /opt/airflow/dags/water_quality_pipeline_dag.py
[2026-10-02T13:56:14.487+0000] {processor.py:914} INFO - Processing file /opt/airflow/dags/water_quality_pipeline_dag.py for tasks to queue
[2026-10-02T13:56:14.490+0000] {logging_mixin.py:190} INFO - [2026-10-02T13:56:14.489+0000] {dagbag.py:588} INFO - Filling up the DagBag from /opt/airflow/dags/water_quality_pipeline_dag.py
[2026-10-02T13:56:14.502+0000] {processor.py:925} INFO - DAG(s) 'water_quality_training_pipeline' retrieved from /opt/airflow/dags/water_quality_pipeline_dag.py
[2026-10-02T13:56:14.536+0000] {logging_mixin.py:190} INFO - [2026-10-02T13:56:14.536+0000] {dag.py:3239} INFO - Sync 1 DAGs
[2026-10-02T13:56:14.556+0000] {logging_mixin.py:190} INFO - [2026-10-02T13:56:14.555+0000] {dag.py:4180} INFO - Setting next_dagrun for water_quality_training_pipeline to None, run_after=None
[2026-10-02T13:56:14.586+0000] {processor.py:208} INFO - Processing /opt/airflow/dags/water_quality_pipeline_dag.py took 0.112 seconds
[2026-10-02T13:56:44.778+0000] {processor.py:186} INFO - Started process (PID=10551) to work on /opt/airflow/dags/water_quality_pipeline_dag.py
[2026-10-02T13:56:44.781+0000] {processor.py:914} INFO - Processing file /opt/airflow/dags/water_quality_pipeline_dag.py for tasks to queue
[2026-10-02T13:56:44.784+0000] {logging_mixin.py:190} INFO - [2026-10-02T13:56:44.784+0000] {dagbag.py:588} INFO - Filling up the DagBag from /opt/airflow/dags/water_quality_pipeline_dag.py
[2026-10-02T13:56:44.797+0000] {processor.py:925} INFO - DAG(s) 'water_quality_training_pipeline' retrieved from /opt/airflow/dags/water_quality_pipeline_dag.py
[2026-10-02T13:56:44.834+0000] {logging_mixin.py:190} INFO - [2026-10-02T13:56:44.833+0000] {dag.py:3239} INFO - Sync 1 DAGs
[2026-10-02T13:56:44.853+0000] {logging_mixin.py:190} INFO - [2026-10-02T13:56:44.852+0000] {dag.py:4180} INFO - Setting next_dagrun for water_quality_training_pipeline to None, run_after=None
[2026-10-02T13:56:44.877+0000] {processor.py:208} INFO - Processing /opt/airflow/dags/water_quality_pipeline_dag.py took 0.108 seconds
[2026-10-02T13:57:15.122+0000] {processor.py:186} INFO - Started process (PID=10581) to work on /opt/airflow/dags/water_quality_pipeline_dag.py
[2026-10-02T13:57:15.123+0000] {processor.py:914} INFO - Processing file /opt/airflow/dags/water_quality_pipeline_dag.py for tasks to queue
[2026-10-02T13:57:15.127+0000] {logging_mixin.py:190} INFO - [2026-10-02T13:57:15.127+0000] {dagbag.py:588} INFO - Filling up the DagBag from /opt/airflow/dags/water_quality_pipeline_dag.py
[2026-10-02T13:57:15.139+0000] {processor.py:925} INFO - DAG(s) 'water_quality_training_pipeline' retrieved from /opt/airflow/dags/water_quality_pipeline_dag.py
[2026-10-02T13:57:15.183+0000] {logging_mixin.py:190} INFO - [2026-10-02T13:57:15.183+0000] {dag.py:3239} INFO - Sync 1 DAGs
[2026-10-02T13:57:15.203+0000] {logging_mixin.py:190} INFO - [2026-10-02T13:57:15.203+0000] {dag.py:4180} INFO - Setting next_dagrun for water_quality_training_pipeline to None, run_after=None
[2026-10-02T13:57:15.231+0000] {processor.py:208} INFO - Processing /opt/airflow/dags/water_quality_pipeline_dag.py took 0.121 seconds
[2026-10-02T13:57:45.386+0000] {processor.py:186} INFO - Started process (PID=10602) to work on /opt/airflow/dags/water_quality_pipeline_dag.py
[2026-10-02T13:57:45.389+0000] {processor.py:914} INFO - Processing file /opt/airflow/dags/water_quality_pipeline_dag.py for tasks to queue
[2026-10-02T13:57:45.393+0000] {logging_mixin.py:190} INFO - [2026-10-02T13:57:45.393+0000] {dagbag.py:588} INFO - Filling up the DagBag from /opt/airflow/dags/water_quality_pipeline_dag.py
[2026-10-02T13:57:45.405+0000] {processor.py:925} INFO - DAG(s) 'water_quality_training_pipeline' retrieved from /opt/airflow/dags/water_quality_pipeline_dag.py
[2026-10-02T13:57:45.451+0000] {logging_mixin.py:190} INFO - [2026-10-02T13:57:45.450+0000] {dag.py:3239} INFO - Sync 1 DAGs
[2026-10-02T13:57:45.469+0000] {logging_mixin.py:190} INFO - [2026-10-02T13:57:45.468+0000] {dag.py:4180} INFO - Setting next_dagrun for water_quality_training_pipeline to None, run_after=None
[2026-10-02T13:57:45.489+0000] {processor.py:208} INFO - Processing /opt/airflow/dags/water_quality_pipeline_dag.py took 0.115 seconds
[2026-10-02T13:58:15.771+0000] {processor.py:186} INFO - Started process (PID=10630) to work on /opt/airflow/dags/water_quality_pipeline_dag.py
[2026-10-02T13:58:15.772+0000] {processor.py:914} INFO - Processing file /opt/airflow/dags/water_quality_pipeline_dag.py for tasks to queue
[2026-10-02T13:58:15.775+0000] {logging_mixin.py:190} INFO - [2026-10-02T13:58:15.774+0000] {dagbag.py:588} INFO - Filling up the DagBag from /opt/airflow/dags/water_quality_pipeline_dag.py
[2026-10-02T13:58:15.789+0000] {processor.py:925} INFO - DAG(s) 'water_quality_training_pipeline' retrieved from /opt/airflow/dags/water_quality_pipeline_dag.py
[2026-10-02T13:58:15.831+0000] {logging_mixin.py:190} INFO - [2026-10-02T13:58:15.830+0000] {dag.py:3239} INFO - Sync 1 DAGs
[2026-10-02T13:58:15.847+0000] {logging_mixin.py:190} INFO - [2026-10-02T13:58:15.847+0000] {dag.py:4180} INFO - Setting next_dagrun for water_quality_training_pipeline to None, run_after=None
[2026-10-02T13:58:15.865+0000] {processor.py:208} INFO - Processing /opt/airflow/dags/water_quality_pipeline_dag.py took 0.106 seconds
[2026-10-02T13:58:46.026+0000] {processor.py:186} INFO - Started process (PID=10652) to work on /opt/airflow/dags/water_quality_pipeline_dag.py
[2026-10-02T13:58:46.029+0000] {processor.py:914} INFO - Processing file /opt/airflow/dags/water_quality_pipeline_dag.py for tasks to queue
[2026-10-02T13:58:46.032+0000] {logging_mixin.py:190} INFO - [2026-10-02T13:58:46.031+0000] {dagbag.py:588} INFO - Filling up the DagBag from /opt/airflow/dags/water_quality_pipeline_dag.py
[2026-10-02T13:58:46.045+0000] {processor.py:925} INFO - DAG(s) 'water_quality_training_pipeline' retrieved from /opt/airflow/dags/water_quality_pipeline_dag.py
[2026-10-02T13:58:46.089+0000] {logging_mixin.py:190} INFO - [2026-10-02T13:58:46.089+0000] {dag.py:3239} INFO - Sync 1 DAGs
[2026-10-02T13:58:46.107+0000] {logging_mixin.py:190} INFO - [2026-10-02T13:58:46.107+0000] {dag.py:4180} INFO - Setting next_dagrun for water_quality_training_pipeline to None, run_after=None
[2026-10-02T13:58:46.131+0000] {processor.py:208} INFO - Processing /opt/airflow/dags/water_quality_pipeline_dag.py took 0.116 seconds
[2026-10-02T13:59:16.382+0000] {processor.py:186} INFO - Started process (PID=10672) to work on /opt/airflow/dags/water_quality_pipeline_dag.py
[2026-10-02T13:59:16.383+0000] {processor.py:914} INFO - Processing file /opt/airflow/dags/water_quality_pipeline_dag.py for tasks to queue
[2026-10-02T13:59:16.387+0000] {logging_mixin.py:190} INFO - [2026-10-02T13:59:16.386+0000] {dagbag.py:588} INFO - Filling up the DagBag from /opt/airflow/dags/water_quality_pipeline_dag.py
[2026-10-02T13:59:16.399+0000] {processor.py:925} INFO - DAG(s) 'water_quality_training_pipeline' retrieved from /opt/airflow/dags/water_quality_pipeline_dag.py
[2026-10-02T13:59:16.441+0000] {logging_mixin.py:190} INFO - [2026-10-02T13:59:16.440+0000] {dag.py:3239} INFO - Sync 1 DAGs
[2026-10-02T13:59:16.458+0000] {logging_mixin.py:190} INFO - [2026-10-02T13:59:16.457+0000] {dag.py:4180} INFO - Setting next_dagrun for water_quality_training_pipeline to None, run_after=None
[2026-10-02T13:59:16.476+0000] {processor.py:208} INFO - Processing /opt/airflow/dags/water_quality_pipeline_dag.py took 0.104 seconds
[2026-10-02T13:59:46.638+0000] {processor.py:186} INFO - Started process (PID=10701) to work on /opt/airflow/dags/water_quality_pipeline_dag.py
[2026-10-02T13:59:46.641+0000] {processor.py:914} INFO - Processing file /opt/airflow/dags/water_quality_pipeline_dag.py for tasks to queue
[2026-10-02T13:59:46.644+0000] {logging_mixin.py:190} INFO - [2026-10-02T13:59:46.643+0000] {dagbag.py:588} INFO - Filling up the DagBag from /opt/airflow/dags/water_quality_pipeline_dag.py
[2026-10-02T13:59:46.658+0000] {processor.py:925} INFO - DAG(s) 'water_quality_training_pipeline' retrieved from /opt/airflow/dags/water_quality_pipeline_dag.py
[2026-10-02T13:59:46.691+0000] {logging_mixin.py:190} INFO - [2026-10-02T13:59:46.691+0000] {dag.py:3239} INFO - Sync 1 DAGs
[2026-10-02T13:59:46.708+0000] {logging_mixin.py:190} INFO - [2026-10-02T13:59:46.708+0000] {dag.py:4180} INFO - Setting next_dagrun for water_quality_training_pipeline to None, run_after=None
[2026-10-02T13:59:46.725+0000] {processor.py:208} INFO - Processing /opt/airflow/dags/water_quality_pipeline_dag.py took 0.098 seconds
[2026-10-02T14:00:17.002+0000] {processor.py:186} INFO - Started process (PID=10722) to work on /opt/airflow/dags/water_quality_pipeline_dag.py
[2026-10-02T14:00:17.003+0000] {processor.py:914} INFO - Processing file /opt/airflow/dags/water_quality_pipeline_dag.py for tasks to queue
[2026-10-02T14:00:17.006+0000] {logging_mixin.py:190} INFO - [2026-10-02T14:00:17.005+0000] {dagbag.py:588} INFO - Filling up the DagBag from /opt/airflow/dags/water_quality_pipeline_dag.py
[2026-10-02T14:00:17.018+0000] {processor.py:925} INFO - DAG(s) 'water_quality_training_pipeline' retrieved from /opt/airflow/dags/water_quality_pipeline_dag.py
[2026-10-02T14:00:17.060+0000] {logging_mixin.py:190} INFO - [2026-10-02T14:00:17.060+0000] {dag.py:3239} INFO - Sync 1 DAGs
[2026-10-02T14:00:17.077+0000] {logging_mixin.py:190} INFO - [2026-10-02T14:00:17.077+0000] {dag.py:4180} INFO - Setting next_dagrun for water_quality_training_pipeline to None, run_after=None
[2026-10-02T14:00:17.098+0000] {processor.py:208} INFO - Processing /opt/airflow/dags/water_quality_pipeline_dag.py took 0.105 seconds
[2026-10-02T14:00:47.268+0000] {processor.py:186} INFO - Started process (PID=10743) to work on /opt/airflow/dags/water_quality_pipeline_dag.py
[2026-10-02T14:00:47.271+0000] {processor.py:914} INFO - Processing file /opt/airflow/dags/water_quality_pipeline_dag.py for tasks to queue
[2026-10-02T14:00:47.275+0000] {logging_mixin.py:190} INFO - [2026-10-02T14:00:47.275+0000] {dagbag.py:588} INFO - Filling up the DagBag from /opt/airflow/dags/water_quality_pipeline_dag.py
[2026-10-02T14:00:47.288+0000] {processor.py:925} INFO - DAG(s) 'water_quality_training_pipeline' retrieved from /opt/airflow/dags/water_quality_pipeline_dag.py
[2026-10-02T14:00:47.326+0000] {logging_mixin.py:190} INFO - [2026-10-02T14:00:47.326+0000] {dag.py:3239} INFO - Sync 1 DAGs
[2026-10-02T14:00:47.345+0000] {logging_mixin.py:190} INFO - [2026-10-02T14:00:47.345+0000] {dag.py:4180} INFO - Setting next_dagrun for water_quality_training_pipeline to None, run_after=None
[2026-10-02T14:00:47.368+0000] {processor.py:208} INFO - Processing /opt/airflow/dags/water_quality_pipeline_dag.py took 0.111 seconds
[2026-10-02T14:01:17.620+0000] {processor.py:186} INFO - Started process (PID=10772) to work on /opt/airflow/dags/water_quality_pipeline_dag.py
[2026-10-02T14:01:17.621+0000] {processor.py:914} INFO - Processing file /opt/airflow/dags/water_quality_pipeline_dag.py for tasks to queue
[2026-10-02T14:01:17.624+0000] {logging_mixin.py:190} INFO - [2026-10-02T14:01:17.624+0000] {dagbag.py:588} INFO - Filling up the DagBag from /opt/airflow/dags/water_quality_pipeline_dag.py
[2026-10-02T14:01:17.635+0000] {processor.py:925} INFO - DAG(s) 'water_quality_training_pipeline' retrieved from /opt/airflow/dags/water_quality_pipeline_dag.py
[2026-10-02T14:01:17.678+0000] {logging_mixin.py:190} INFO - [2026-10-02T14:01:17.678+0000] {dag.py:3239} INFO - Sync 1 DAGs
[2026-10-02T14:01:17.696+0000] {logging_mixin.py:190} INFO - [2026-10-02T14:01:17.696+0000] {dag.py:4180} INFO - Setting next_dagrun for water_quality_training_pipeline to None, run_after=None
[2026-10-02T14:01:17.720+0000] {processor.py:208} INFO - Processing /opt/airflow/dags/water_quality_pipeline_dag.py took 0.109 seconds
[2026-10-02T14:01:47.869+0000] {processor.py:186} INFO - Started process (PID=10793) to work on /opt/airflow/dags/water_quality_pipeline_dag.py
[2026-10-02T14:01:47.871+0000] {processor.py:914} INFO - Processing file /opt/airflow/dags/water_quality_pipeline_dag.py for tasks to queue
[2026-10-02T14:01:47.875+0000] {logging_mixin.py:190} INFO - [2026-10-02T14:01:47.875+0000] {dagbag.py:588} INFO - Filling up the DagBag from /opt/airflow/dags/water_quality_pipeline_dag.py
[2026-10-02T14:01:47.890+0000] {processor.py:925} INFO - DAG(s) 'water_quality_training_pipeline' retrieved from /opt/airflow/dags/water_quality_pipeline_dag.py
[2026-10-02T14:01:47.936+0000] {logging_mixin.py:190} INFO - [2026-10-02T14:01:47.936+0000] {dag.py:3239} INFO - Sync 1 DAGs
[2026-10-02T14:01:47.959+0000] {logging_mixin.py:190} INFO - [2026-10-02T14:01:47.959+0000] {dag.py:4180} INFO - Setting next_dagrun for water_quality_training_pipeline to None, run_after=None
[2026-10-02T14:01:47.987+0000] {processor.py:208} INFO - Processing /opt/airflow/dags/water_quality_pipeline_dag.py took 0.130 seconds
[2026-10-02T14:02:18.231+0000] {processor.py:186} INFO - Started process (PID=10821) to work on /opt/airflow/dags/water_quality_pipeline_dag.py
[2026-10-02T14:02:18.232+0000] {processor.py:914} INFO - Processing file /opt/airflow/dags/water_quality_pipeline_dag.py for tasks to queue
[2026-10-02T14:02:18.236+0000] {logging_mixin.py:190} INFO - [2026-10-02T14:02:18.235+0000] {dagbag.py:588} INFO - Filling up the DagBag from /opt/airflow/dags/water_quality_pipeline_dag.py
[2026-10-02T14:02:18.251+0000] {processor.py:925} INFO - DAG(s) 'water_quality_training_pipeline' retrieved from /opt/airflow/dags/water_quality_pipeline_dag.py
[2026-10-02T14:02:18.278+0000] {logging_mixin.py:190} INFO - [2026-10-02T14:02:18.278+0000] {dag.py:3239} INFO - Sync 1 DAGs
[2026-10-02T14:02:18.292+0000] {logging_mixin.py:190} INFO - [2026-10-02T14:02:18.292+0000] {dag.py:4180} INFO - Setting next_dagrun for water_quality_training_pipeline to None, run_after=None
[2026-10-02T14:02:18.308+0000] {processor.py:208} INFO - Processing /opt/airflow/dags/water_quality_pipeline_dag.py took 0.091 seconds
[2026-10-02T14:02:48.507+0000] {processor.py:186} INFO - Started process (PID=10843) to work on /opt/airflow/dags/water_quality_pipeline_dag.py
[2026-10-02T14:02:48.509+0000] {processor.py:914} INFO - Processing file /opt/airflow/dags/water_quality_pipeline_dag.py for tasks to queue
[2026-10-02T14:02:48.512+0000] {logging_mixin.py:190} INFO - [2026-10-02T14:02:48.511+0000] {dagbag.py:588} INFO - Filling up the DagBag from /opt/airflow/dags/water_quality_pipeline_dag.py
[2026-10-02T14:02:48.524+0000] {processor.py:925} INFO - DAG(s) 'water_quality_training_pipeline' retrieved from /opt/airflow/dags/water_quality_pipeline_dag.py
[2026-10-02T14:02:48.564+0000] {logging_mixin.py:190} INFO - [2026-10-02T14:02:48.564+0000] {dag.py:3239} INFO - Sync 1 DAGs
[2026-10-02T14:02:48.583+0000] {logging_mixin.py:190} INFO - [2026-10-02T14:02:48.583+0000] {dag.py:4180} INFO - Setting next_dagrun for water_quality_training_pipeline to None, run_after=None
[2026-10-02T14:02:48.602+0000] {processor.py:208} INFO - Processing /opt/airflow/dags/water_quality_pipeline_dag.py took 0.103 seconds
[2026-10-02T14:03:18.824+0000] {processor.py:186} INFO - Started process (PID=10864) to work on /opt/airflow/dags/water_quality_pipeline_dag.py
[2026-10-02T14:03:18.825+0000] {processor.py:914} INFO - Processing file /opt/airflow/dags/water_quality_pipeline_dag.py for tasks to queue
[2026-10-02T14:03:18.828+0000] {logging_mixin.py:190} INFO - [2026-10-02T14:03:18.827+0000] {dagbag.py:588} INFO - Filling up the DagBag from /opt/airflow/dags/water_quality_pipeline_dag.py
[2026-10-02T14:03:18.839+0000] {processor.py:925} INFO - DAG(s) 'water_quality_training_pipeline' retrieved from /opt/airflow/dags/water_quality_pipeline_dag.py
[2026-10-02T14:03:18.879+0000] {logging_mixin.py:190} INFO - [2026-10-02T14:03:18.878+0000] {dag.py:3239} INFO - Sync 1 DAGs
[2026-10-02T14:03:18.894+0000] {logging_mixin.py:190} INFO - [2026-10-02T14:03:18.893+0000] {dag.py:4180} INFO - Setting next_dagrun for water_quality_training_pipeline to None, run_after=None
[2026-10-02T14:03:18.911+0000] {processor.py:208} INFO - Processing /opt/airflow/dags/water_quality_pipeline_dag.py took 0.096 seconds
[2026-10-02T14:03:49.136+0000] {processor.py:186} INFO - Started process (PID=10894) to work on /opt/airflow/dags/water_quality_pipeline_dag.py
[2026-10-02T14:03:49.138+0000] {processor.py:914} INFO - Processing file /opt/airflow/dags/water_quality_pipeline_dag.py for tasks to queue
[2026-10-02T14:03:49.141+0000] {logging_mixin.py:190} INFO - [2026-10-02T14:03:49.141+0000] {dagbag.py:588} INFO - Filling up the DagBag from /opt/airflow/dags/water_quality_pipeline_dag.py
[2026-10-02T14:03:49.154+0000] {processor.py:925} INFO - DAG(s) 'water_quality_training_pipeline' retrieved from /opt/airflow/dags/water_quality_pipeline_dag.py
[2026-10-02T14:03:49.202+0000] {logging_mixin.py:190} INFO - [2026-10-02T14:03:49.202+0000] {dag.py:3239} INFO - Sync 1 DAGs
[2026-10-02T14:03:49.221+0000] {logging_mixin.py:190} INFO - [2026-10-02T14:03:49.221+0000] {dag.py:4180} INFO - Setting next_dagrun for water_quality_training_pipeline to None, run_after=None
[2026-10-02T14:03:49.245+0000] {processor.py:208} INFO - Processing /opt/airflow/dags/water_quality_pipeline_dag.py took 0.119 seconds
[2026-10-02T14:04:19.434+0000] {processor.py:186} INFO - Started process (PID=10915) to work on /opt/airflow/dags/water_quality_pipeline_dag.py
[2026-10-02T14:04:19.435+0000] {processor.py:914} INFO - Processing file /opt/airflow/dags/water_quality_pipeline_dag.py for tasks to queue
[2026-10-02T14:04:19.437+0000] {logging_mixin.py:190} INFO - [2026-10-02T14:04:19.437+0000] {dagbag.py:588} INFO - Filling up the DagBag from /opt/airflow/dags/water_quality_pipeline_dag.py
[2026-10-02T14:04:19.450+0000] {processor.py:925} INFO - DAG(s) 'water_quality_training_pipeline' retrieved from /opt/airflow/dags/water_quality_pipeline_dag.py
[2026-10-02T14:04:19.488+0000] {logging_mixin.py:190} INFO - [2026-10-02T14:04:19.488+0000] {dag.py:3239} INFO - Sync 1 DAGs
[2026-10-02T14:04:19.507+0000] {logging_mixin.py:190} INFO - [2026-10-02T14:04:19.506+0000] {dag.py:4180} INFO - Setting next_dagrun for water_quality_training_pipeline to None, run_after=None
[2026-10-02T14:04:19.531+0000] {processor.py:208} INFO - Processing /opt/airflow/dags/water_quality_pipeline_dag.py took 0.106 seconds
[2026-10-02T14:04:49.774+0000] {processor.py:186} INFO - Started process (PID=10943) to work on /opt/airflow/dags/water_quality_pipeline_dag.py
[2026-10-02T14:04:49.776+0000] {processor.py:914} INFO - Processing file /opt/airflow/dags/water_quality_pipeline_dag.py for tasks to queue
[2026-10-02T14:04:49.780+0000] {logging_mixin.py:190} INFO - [2026-10-02T14:04:49.780+0000] {dagbag.py:588} INFO - Filling up the DagBag from /opt/airflow/dags/water_quality_pipeline_dag.py
[2026-10-02T14:04:49.793+0000] {processor.py:925} INFO - DAG(s) 'water_quality_training_pipeline' retrieved from /opt/airflow/dags/water_quality_pipeline_dag.py
[2026-10-02T14:04:49.836+0000] {logging_mixin.py:190} INFO - [2026-10-02T14:04:49.836+0000] {dag.py:3239} INFO - Sync 1 DAGs
[2026-10-02T14:04:49.857+0000] {logging_mixin.py:190} INFO - [2026-10-02T14:04:49.856+0000] {dag.py:4180} INFO - Setting next_dagrun for water_quality_training_pipeline to None, run_after=None
[2026-10-02T14:04:49.884+0000] {processor.py:208} INFO - Processing /opt/airflow/dags/water_quality_pipeline_dag.py took 0.121 seconds
[2026-10-02T14:05:20.058+0000] {processor.py:186} INFO - Started process (PID=10965) to work on /opt/airflow/dags/water_quality_pipeline_dag.py
[2026-10-02T14:05:20.061+0000] {processor.py:914} INFO - Processing file /opt/airflow/dags/water_quality_pipeline_dag.py for tasks to queue
[2026-10-02T14:05:20.065+0000] {logging_mixin.py:190} INFO - [2026-10-02T14:05:20.065+0000] {dagbag.py:588} INFO - Filling up the DagBag from /opt/airflow/dags/water_quality_pipeline_dag.py
[2026-10-02T14:05:20.079+0000] {processor.py:925} INFO - DAG(s) 'water_quality_training_pipeline' retrieved from /opt/airflow/dags/water_quality_pipeline_dag.py
[2026-10-02T14:05:20.126+0000] {logging_mixin.py:190} INFO - [2026-10-02T14:05:20.126+0000] {dag.py:3239} INFO - Sync 1 DAGs
[2026-10-02T14:05:20.146+0000] {logging_mixin.py:190} INFO - [2026-10-02T14:05:20.146+0000] {dag.py:4180} INFO - Setting next_dagrun for water_quality_training_pipeline to None, run_after=None
[2026-10-02T14:05:20.166+0000] {processor.py:208} INFO - Processing /opt/airflow/dags/water_quality_pipeline_dag.py took 0.117 seconds
[2026-10-02T14:05:50.412+0000] {processor.py:186} INFO - Started process (PID=10986) to work on /opt/airflow/dags/water_quality_pipeline_dag.py
[2026-10-02T14:05:50.415+0000] {processor.py:914} INFO - Processing file /opt/airflow/dags/water_quality_pipeline_dag.py for tasks to queue
[2026-10-02T14:05:50.419+0000] {logging_mixin.py:190} INFO - [2026-10-02T14:05:50.419+0000] {dagbag.py:588} INFO - Filling up the DagBag from /opt/airflow/dags/water_quality_pipeline_dag.py
[2026-10-02T14:05:50.432+0000] {processor.py:925} INFO - DAG(s) 'water_quality_training_pipeline' retrieved from /opt/airflow/dags/water_quality_pipeline_dag.py
[2026-10-02T14:05:50.469+0000] {logging_mixin.py:190} INFO - [2026-10-02T14:05:50.468+0000] {dag.py:3239} INFO - Sync 1 DAGs
[2026-10-02T14:05:50.484+0000] {logging_mixin.py:190} INFO - [2026-10-02T14:05:50.483+0000] {dag.py:4180} INFO - Setting next_dagrun for water_quality_training_pipeline to None, run_after=None
[2026-10-02T14:05:50.501+0000] {processor.py:208} INFO - Processing /opt/airflow/dags/water_quality_pipeline_dag.py took 0.098 seconds
[2026-10-02T14:06:20.686+0000] {processor.py:186} INFO - Started process (PID=11013) to work on /opt/airflow/dags/water_quality_pipeline_dag.py
[2026-10-02T14:06:20.688+0000] {processor.py:914} INFO - Processing file /opt/airflow/dags/water_quality_pipeline_dag.py for tasks to queue
[2026-10-02T14:06:20.692+0000] {logging_mixin.py:190} INFO - [2026-10-02T14:06:20.692+0000] {dagbag.py:588} INFO - Filling up the DagBag from /opt/airflow/dags/water_quality_pipeline_dag.py
[2026-10-02T14:06:20.707+0000] {processor.py:925} INFO - DAG(s) 'water_quality_training_pipeline' retrieved from /opt/airflow/dags/water_quality_pipeline_dag.py
[2026-10-02T14:06:20.759+0000] {logging_mixin.py:190} INFO - [2026-10-02T14:06:20.759+0000] {dag.py:3239} INFO - Sync 1 DAGs
[2026-10-02T14:06:20.780+0000] {logging_mixin.py:190} INFO - [2026-10-02T14:06:20.780+0000] {dag.py:4180} INFO - Setting next_dagrun for water_quality_training_pipeline to None, run_after=None
[2026-10-02T14:06:20.818+0000] {processor.py:208} INFO - Processing /opt/airflow/dags/water_quality_pipeline_dag.py took 0.148 seconds
[2026-10-02T14:06:51.044+0000] {processor.py:186} INFO - Started process (PID=11036) to work on /opt/airflow/dags/water_quality_pipeline_dag.py
[2026-10-02T14:06:51.047+0000] {processor.py:914} INFO - Processing file /opt/airflow/dags/water_quality_pipeline_dag.py for tasks to queue
[2026-10-02T14:06:51.050+0000] {logging_mixin.py:190} INFO - [2026-10-02T14:06:51.050+0000] {dagbag.py:588} INFO - Filling up the DagBag from /opt/airflow/dags/water_quality_pipeline_dag.py
[2026-10-02T14:06:51.064+0000] {processor.py:925} INFO - DAG(s) 'water_quality_training_pipeline' retrieved from /opt/airflow/dags/water_quality_pipeline_dag.py
[2026-10-02T14:06:51.102+0000] {logging_mixin.py:190} INFO - [2026-10-02T14:06:51.102+0000] {dag.py:3239} INFO - Sync 1 DAGs
[2026-10-02T14:06:51.120+0000] {logging_mixin.py:190} INFO - [2026-10-02T14:06:51.120+0000] {dag.py:4180} INFO - Setting next_dagrun for water_quality_training_pipeline to None, run_after=None
[2026-10-02T14:06:51.142+0000] {processor.py:208} INFO - Processing /opt/airflow/dags/water_quality_pipeline_dag.py took 0.110 seconds
[2026-10-02T14:07:21.344+0000] {processor.py:186} INFO - Started process (PID=11056) to work on /opt/airflow/dags/water_quality_pipeline_dag.py
[2026-10-02T14:07:21.344+0000] {processor.py:914} INFO - Processing file /opt/airflow/dags/water_quality_pipeline_dag.py for tasks to queue
[2026-10-02T14:07:21.347+0000] {logging_mixin.py:190} INFO - [2026-10-02T14:07:21.347+0000] {dagbag.py:588} INFO - Filling up the DagBag from /opt/airflow/dags/water_quality_pipeline_dag.py
[2026-10-02T14:07:21.363+0000] {processor.py:925} INFO - DAG(s) 'water_quality_training_pipeline' retrieved from /opt/airflow/dags/water_quality_pipeline_dag.py
[2026-10-02T14:07:21.402+0000] {logging_mixin.py:190} INFO - [2026-10-02T14:07:21.402+0000] {dag.py:3239} INFO - Sync 1 DAGs
[2026-10-02T14:07:21.420+0000] {logging_mixin.py:190} INFO - [2026-10-02T14:07:21.419+0000] {dag.py:4180} INFO - Setting next_dagrun for water_quality_training_pipeline to None, run_after=None
[2026-10-02T14:07:21.438+0000] {processor.py:208} INFO - Processing /opt/airflow/dags/water_quality_pipeline_dag.py took 0.105 seconds
[2026-10-02T14:07:51.654+0000] {processor.py:186} INFO - Started process (PID=11084) to work on /opt/airflow/dags/water_quality_pipeline_dag.py
[2026-10-02T14:07:51.656+0000] {processor.py:914} INFO - Processing file /opt/airflow/dags/water_quality_pipeline_dag.py for tasks to queue
[2026-10-02T14:07:51.660+0000] {logging_mixin.py:190} INFO - [2026-10-02T14:07:51.659+0000] {dagbag.py:588} INFO - Filling up the DagBag from /opt/airflow/dags/water_quality_pipeline_dag.py
[2026-10-02T14:07:51.675+0000] {processor.py:925} INFO - DAG(s) 'water_quality_training_pipeline' retrieved from /opt/airflow/dags/water_quality_pipeline_dag.py
[2026-10-02T14:07:51.714+0000] {logging_mixin.py:190} INFO - [2026-10-02T14:07:51.713+0000] {dag.py:3239} INFO - Sync 1 DAGs
[2026-10-02T14:07:51.732+0000] {logging_mixin.py:190} INFO - [2026-10-02T14:07:51.732+0000] {dag.py:4180} INFO - Setting next_dagrun for water_quality_training_pipeline to None, run_after=None
[2026-10-02T14:07:51.752+0000] {processor.py:208} INFO - Processing /opt/airflow/dags/water_quality_pipeline_dag.py took 0.109 seconds
[2026-10-02T14:08:21.969+0000] {processor.py:186} INFO - Started process (PID=11105) to work on /opt/airflow/dags/water_quality_pipeline_dag.py
[2026-10-02T14:08:21.971+0000] {processor.py:914} INFO - Processing file /opt/airflow/dags/water_quality_pipeline_dag.py for tasks to queue
[2026-10-02T14:08:21.977+0000] {logging_mixin.py:190} INFO - [2026-10-02T14:08:21.976+0000] {dagbag.py:588} INFO - Filling up the DagBag from /opt/airflow/dags/water_quality_pipeline_dag.py
[2026-10-02T14:08:21.993+0000] {processor.py:925} INFO - DAG(s) 'water_quality_training_pipeline' retrieved from /opt/airflow/dags/water_quality_pipeline_dag.py
[2026-10-02T14:08:22.050+0000] {logging_mixin.py:190} INFO - [2026-10-02T14:08:22.049+0000] {dag.py:3239} INFO - Sync 1 DAGs
[2026-10-02T14:08:22.076+0000] {logging_mixin.py:190} INFO - [2026-10-02T14:08:22.075+0000] {dag.py:4180} INFO - Setting next_dagrun for water_quality_training_pipeline to None, run_after=None
[2026-10-02T14:08:22.101+0000] {processor.py:208} INFO - Processing /opt/airflow/dags/water_quality_pipeline_dag.py took 0.148 seconds
[2026-10-02T14:08:52.284+0000] {processor.py:186} INFO - Started process (PID=11134) to work on /opt/airflow/dags/water_quality_pipeline_dag.py
[2026-10-02T14:08:52.286+0000] {processor.py:914} INFO - Processing file /opt/airflow/dags/water_quality_pipeline_dag.py for tasks to queue
[2026-10-02T14:08:52.290+0000] {logging_mixin.py:190} INFO - [2026-10-02T14:08:52.290+0000] {dagbag.py:588} INFO - Filling up the DagBag from /opt/airflow/dags/water_quality_pipeline_dag.py
[2026-10-02T14:08:52.304+0000] {processor.py:925} INFO - DAG(s) 'water_quality_training_pipeline' retrieved from /opt/airflow/dags/water_quality_pipeline_dag.py
[2026-10-02T14:08:52.351+0000] {logging_mixin.py:190} INFO - [2026-10-02T14:08:52.350+0000] {dag.py:3239} INFO - Sync 1 DAGs
[2026-10-02T14:08:52.370+0000] {logging_mixin.py:190} INFO - [2026-10-02T14:08:52.369+0000] {dag.py:4180} INFO - Setting next_dagrun for water_quality_training_pipeline to None, run_after=None
[2026-10-02T14:08:52.392+0000] {processor.py:208} INFO - Processing /opt/airflow/dags/water_quality_pipeline_dag.py took 0.121 seconds
[2026-10-02T14:09:22.591+0000] {processor.py:186} INFO - Started process (PID=11156) to work on /opt/airflow/dags/water_quality_pipeline_dag.py
[2026-10-02T14:09:22.592+0000] {processor.py:914} INFO - Processing file /opt/airflow/dags/water_quality_pipeline_dag.py for tasks to queue
[2026-10-02T14:09:22.596+0000] {logging_mixin.py:190} INFO - [2026-10-02T14:09:22.595+0000] {dagbag.py:588} INFO - Filling up the DagBag from /opt/airflow/dags/water_quality_pipeline_dag.py
[2026-10-02T14:09:22.608+0000] {processor.py:925} INFO - DAG(s) 'water_quality_training_pipeline' retrieved from /opt/airflow/dags/water_quality_pipeline_dag.py
[2026-10-02T14:09:22.658+0000] {logging_mixin.py:190} INFO - [2026-10-02T14:09:22.657+0000] {dag.py:3239} INFO - Sync 1 DAGs
[2026-10-02T14:09:22.676+0000] {logging_mixin.py:190} INFO - [2026-10-02T14:09:22.675+0000] {dag.py:4180} INFO - Setting next_dagrun for water_quality_training_pipeline to None, run_after=None
[2026-10-02T14:09:22.696+0000] {processor.py:208} INFO - Processing /opt/airflow/dags/water_quality_pipeline_dag.py took 0.114 seconds
[2026-10-02T14:09:52.886+0000] {processor.py:186} INFO - Started process (PID=11177) to work on /opt/airflow/dags/water_quality_pipeline_dag.py
[2026-10-02T14:09:52.888+0000] {processor.py:914} INFO - Processing file /opt/airflow/dags/water_quality_pipeline_dag.py for tasks to queue
[2026-10-02T14:09:52.892+0000] {logging_mixin.py:190} INFO - [2026-10-02T14:09:52.892+0000] {dagbag.py:588} INFO - Filling up the DagBag from /opt/airflow/dags/water_quality_pipeline_dag.py
[2026-10-02T14:09:52.906+0000] {processor.py:925} INFO - DAG(s) 'water_quality_training_pipeline' retrieved from /opt/airflow/dags/water_quality_pipeline_dag.py
[2026-10-02T14:09:52.950+0000] {logging_mixin.py:190} INFO - [2026-10-02T14:09:52.950+0000] {dag.py:3239} INFO - Sync 1 DAGs
[2026-10-02T14:09:52.971+0000] {logging_mixin.py:190} INFO - [2026-10-02T14:09:52.970+0000] {dag.py:4180} INFO - Setting next_dagrun for water_quality_training_pipeline to None, run_after=None
[2026-10-02T14:09:52.993+0000] {processor.py:208} INFO - Processing /opt/airflow/dags/water_quality_pipeline_dag.py took 0.117 seconds
[2026-10-02T14:10:23.201+0000] {processor.py:186} INFO - Started process (PID=11206) to work on /opt/airflow/dags/water_quality_pipeline_dag.py
[2026-10-02T14:10:23.202+0000] {processor.py:914} INFO - Processing file /opt/airflow/dags/water_quality_pipeline_dag.py for tasks to queue
[2026-10-02T14:10:23.203+0000] {logging_mixin.py:190} INFO - [2026-10-02T14:10:23.203+0000] {dagbag.py:588} INFO - Filling up the DagBag from /opt/airflow/dags/water_quality_pipeline_dag.py
[2026-10-02T14:10:23.211+0000] {processor.py:925} INFO - DAG(s) 'water_quality_training_pipeline' retrieved from /opt/airflow/dags/water_quality_pipeline_dag.py
[2026-10-02T14:10:23.263+0000] {logging_mixin.py:190} INFO - [2026-10-02T14:10:23.262+0000] {dag.py:3239} INFO - Sync 1 DAGs
[2026-10-02T14:10:23.286+0000] {logging_mixin.py:190} INFO - [2026-10-02T14:10:23.285+0000] {dag.py:4180} INFO - Setting next_dagrun for water_quality_training_pipeline to None, run_after=None
[2026-10-02T14:10:23.314+0000] {processor.py:208} INFO - Processing /opt/airflow/dags/water_quality_pipeline_dag.py took 0.120 seconds
[2026-10-02T14:10:53.496+0000] {processor.py:186} INFO - Started process (PID=11227) to work on /opt/airflow/dags/water_quality_pipeline_dag.py
[2026-10-02T14:10:53.498+0000] {processor.py:914} INFO - Processing file /opt/airflow/dags/water_quality_pipeline_dag.py for tasks to queue
[2026-10-02T14:10:53.502+0000] {logging_mixin.py:190} INFO - [2026-10-02T14:10:53.501+0000] {dagbag.py:588} INFO - Filling up the DagBag from /opt/airflow/dags/water_quality_pipeline_dag.py
[2026-10-02T14:10:53.516+0000] {processor.py:925} INFO - DAG(s) 'water_quality_training_pipeline' retrieved from /opt/airflow/dags/water_quality_pipeline_dag.py
[2026-10-02T14:10:53.566+0000] {logging_mixin.py:190} INFO - [2026-10-02T14:10:53.566+0000] {dag.py:3239} INFO - Sync 1 DAGs
[2026-10-02T14:10:53.589+0000] {logging_mixin.py:190} INFO - [2026-10-02T14:10:53.588+0000] {dag.py:4180} INFO - Setting next_dagrun for water_quality_training_pipeline to None, run_after=None
[2026-10-02T14:10:53.614+0000] {processor.py:208} INFO - Processing /opt/airflow/dags/water_quality_pipeline_dag.py took 0.130 seconds
[2026-10-02T14:11:23.816+0000] {processor.py:186} INFO - Started process (PID=11248) to work on /opt/airflow/dags/water_quality_pipeline_dag.py
[2026-10-02T14:11:23.817+0000] {processor.py:914} INFO - Processing file /opt/airflow/dags/water_quality_pipeline_dag.py for tasks to queue
[2026-10-02T14:11:23.821+0000] {logging_mixin.py:190} INFO - [2026-10-02T14:11:23.820+0000] {dagbag.py:588} INFO - Filling up the DagBag from /opt/airflow/dags/water_quality_pipeline_dag.py
[2026-10-02T14:11:23.835+0000] {processor.py:925} INFO - DAG(s) 'water_quality_training_pipeline' retrieved from /opt/airflow/dags/water_quality_pipeline_dag.py
[2026-10-02T14:11:23.889+0000] {logging_mixin.py:190} INFO - [2026-10-02T14:11:23.889+0000] {dag.py:3239} INFO - Sync 1 DAGs
[2026-10-02T14:11:23.914+0000] {logging_mixin.py:190} INFO - [2026-10-02T14:11:23.913+0000] {dag.py:4180} INFO - Setting next_dagrun for water_quality_training_pipeline to None, run_after=None
[2026-10-02T14:11:23.944+0000] {processor.py:208} INFO - Processing /opt/airflow/dags/water_quality_pipeline_dag.py took 0.140 seconds
[2026-10-02T14:11:54.116+0000] {processor.py:186} INFO - Started process (PID=11278) to work on /opt/airflow/dags/water_quality_pipeline_dag.py
[2026-10-02T14:11:54.119+0000] {processor.py:914} INFO - Processing file /opt/airflow/dags/water_quality_pipeline_dag.py for tasks to queue
[2026-10-02T14:11:54.122+0000] {logging_mixin.py:190} INFO - [2026-10-02T14:11:54.122+0000] {dagbag.py:588} INFO - Filling up the DagBag from /opt/airflow/dags/water_quality_pipeline_dag.py
[2026-10-02T14:11:54.137+0000] {processor.py:925} INFO - DAG(s) 'water_quality_training_pipeline' retrieved from /opt/airflow/dags/water_quality_pipeline_dag.py
[2026-10-02T14:11:54.180+0000] {logging_mixin.py:190} INFO - [2026-10-02T14:11:54.179+0000] {dag.py:3239} INFO - Sync 1 DAGs
[2026-10-02T14:11:54.198+0000] {logging_mixin.py:190} INFO - [2026-10-02T14:11:54.197+0000] {dag.py:4180} INFO - Setting next_dagrun for water_quality_training_pipeline to None, run_after=None
[2026-10-02T14:11:54.221+0000] {processor.py:208} INFO - Processing /opt/airflow/dags/water_quality_pipeline_dag.py took 0.117 seconds
[2026-10-02T14:12:24.439+0000] {processor.py:186} INFO - Started process (PID=11298) to work on /opt/airflow/dags/water_quality_pipeline_dag.py
[2026-10-02T14:12:24.440+0000] {processor.py:914} INFO - Processing file /opt/airflow/dags/water_quality_pipeline_dag.py for tasks to queue
[2026-10-02T14:12:24.444+0000] {logging_mixin.py:190} INFO - [2026-10-02T14:12:24.443+0000] {dagbag.py:588} INFO - Filling up the DagBag from /opt/airflow/dags/water_quality_pipeline_dag.py
[2026-10-02T14:12:24.457+0000] {processor.py:925} INFO - DAG(s) 'water_quality_training_pipeline' retrieved from /opt/airflow/dags/water_quality_pipeline_dag.py
[2026-10-02T14:12:24.497+0000] {logging_mixin.py:190} INFO - [2026-10-02T14:12:24.497+0000] {dag.py:3239} INFO - Sync 1 DAGs
[2026-10-02T14:12:24.515+0000] {logging_mixin.py:190} INFO - [2026-10-02T14:12:24.514+0000] {dag.py:4180} INFO - Setting next_dagrun for water_quality_training_pipeline to None, run_after=None
[2026-10-02T14:12:24.537+0000] {processor.py:208} INFO - Processing /opt/airflow/dags/water_quality_pipeline_dag.py took 0.112 seconds
[2026-10-02T14:12:54.741+0000] {processor.py:186} INFO - Started process (PID=11319) to work on /opt/airflow/dags/water_quality_pipeline_dag.py
[2026-10-02T14:12:54.744+0000] {processor.py:914} INFO - Processing file /opt/airflow/dags/water_quality_pipeline_dag.py for tasks to queue
[2026-10-02T14:12:54.747+0000] {logging_mixin.py:190} INFO - [2026-10-02T14:12:54.746+0000] {dagbag.py:588} INFO - Filling up the DagBag from /opt/airflow/dags/water_quality_pipeline_dag.py
[2026-10-02T14:12:54.760+0000] {processor.py:925} INFO - DAG(s) 'water_quality_training_pipeline' retrieved from /opt/airflow/dags/water_quality_pipeline_dag.py
[2026-10-02T14:12:54.807+0000] {logging_mixin.py:190} INFO - [2026-10-02T14:12:54.806+0000] {dag.py:3239} INFO - Sync 1 DAGs
[2026-10-02T14:12:54.827+0000] {logging_mixin.py:190} INFO - [2026-10-02T14:12:54.826+0000] {dag.py:4180} INFO - Setting next_dagrun for water_quality_training_pipeline to None, run_after=None
[2026-10-02T14:12:54.849+0000] {processor.py:208} INFO - Processing /opt/airflow/dags/water_quality_pipeline_dag.py took 0.119 seconds
[2026-10-02T14:13:25.041+0000] {processor.py:186} INFO - Started process (PID=11348) to work on /opt/airflow/dags/water_quality_pipeline_dag.py
[2026-10-02T14:13:25.042+0000] {processor.py:914} INFO - Processing file /opt/airflow/dags/water_quality_pipeline_dag.py for tasks to queue
[2026-10-02T14:13:25.046+0000] {logging_mixin.py:190} INFO - [2026-10-02T14:13:25.045+0000] {dagbag.py:588} INFO - Filling up the DagBag from /opt/airflow/dags/water_quality_pipeline_dag.py
[2026-10-02T14:13:25.062+0000] {processor.py:925} INFO - DAG(s) 'water_quality_training_pipeline' retrieved from /opt/airflow/dags/water_quality_pipeline_dag.py
[2026-10-02T14:13:25.109+0000] {logging_mixin.py:190} INFO - [2026-10-02T14:13:25.108+0000] {dag.py:3239} INFO - Sync 1 DAGs
[2026-10-02T14:13:25.128+0000] {logging_mixin.py:190} INFO - [2026-10-02T14:13:25.127+0000] {dag.py:4180} INFO - Setting next_dagrun for water_quality_training_pipeline to None, run_after=None
[2026-10-02T14:13:25.145+0000] {processor.py:208} INFO - Processing /opt/airflow/dags/water_quality_pipeline_dag.py took 0.114 seconds
[2026-10-02T14:13:55.366+0000] {processor.py:186} INFO - Started process (PID=11369) to work on /opt/airflow/dags/water_quality_pipeline_dag.py
[2026-10-02T14:13:55.367+0000] {processor.py:914} INFO - Processing file /opt/airflow/dags/water_quality_pipeline_dag.py for tasks to queue
[2026-10-02T14:13:55.372+0000] {logging_mixin.py:190} INFO - [2026-10-02T14:13:55.371+0000] {dagbag.py:588} INFO - Filling up the DagBag from /opt/airflow/dags/water_quality_pipeline_dag.py
[2026-10-02T14:13:55.387+0000] {processor.py:925} INFO - DAG(s) 'water_quality_training_pipeline' retrieved from /opt/airflow/dags/water_quality_pipeline_dag.py
[2026-10-02T14:13:55.438+0000] {logging_mixin.py:190} INFO - [2026-10-02T14:13:55.437+0000] {dag.py:3239} INFO - Sync 1 DAGs
[2026-10-02T14:13:55.461+0000] {logging_mixin.py:190} INFO - [2026-10-02T14:13:55.461+0000] {dag.py:4180} INFO - Setting next_dagrun for water_quality_training_pipeline to None, run_after=None
[2026-10-02T14:13:55.488+0000] {processor.py:208} INFO - Processing /opt/airflow/dags/water_quality_pipeline_dag.py took 0.135 seconds
[2026-10-02T14:14:25.662+0000] {processor.py:186} INFO - Started process (PID=11397) to work on /opt/airflow/dags/water_quality_pipeline_dag.py
[2026-10-02T14:14:25.663+0000] {processor.py:914} INFO - Processing file /opt/airflow/dags/water_quality_pipeline_dag.py for tasks to queue
[2026-10-02T14:14:25.666+0000] {logging_mixin.py:190} INFO - [2026-10-02T14:14:25.666+0000] {dagbag.py:588} INFO - Filling up the DagBag from /opt/airflow/dags/water_quality_pipeline_dag.py
[2026-10-02T14:14:25.681+0000] {processor.py:925} INFO - DAG(s) 'water_quality_training_pipeline' retrieved from /opt/airflow/dags/water_quality_pipeline_dag.py
[2026-10-02T14:14:25.724+0000] {logging_mixin.py:190} INFO - [2026-10-02T14:14:25.724+0000] {dag.py:3239} INFO - Sync 1 DAGs
[2026-10-02T14:14:25.744+0000] {logging_mixin.py:190} INFO - [2026-10-02T14:14:25.743+0000] {dag.py:4180} INFO - Setting next_dagrun for water_quality_training_pipeline to None, run_after=None
[2026-10-02T14:14:25.775+0000] {processor.py:208} INFO - Processing /opt/airflow/dags/water_quality_pipeline_dag.py took 0.124 seconds
[2026-10-02T14:14:56.026+0000] {processor.py:186} INFO - Started process (PID=11420) to work on /opt/airflow/dags/water_quality_pipeline_dag.py
[2026-10-02T14:14:56.029+0000] {processor.py:914} INFO - Processing file /opt/airflow/dags/water_quality_pipeline_dag.py for tasks to queue
[2026-10-02T14:14:56.032+0000] {logging_mixin.py:190} INFO - [2026-10-02T14:14:56.032+0000] {dagbag.py:588} INFO - Filling up the DagBag from /opt/airflow/dags/water_quality_pipeline_dag.py
[2026-10-02T14:14:56.043+0000] {processor.py:925} INFO - DAG(s) 'water_quality_training_pipeline' retrieved from /opt/airflow/dags/water_quality_pipeline_dag.py
[2026-10-02T14:14:56.085+0000] {logging_mixin.py:190} INFO - [2026-10-02T14:14:56.084+0000] {dag.py:3239} INFO - Sync 1 DAGs
[2026-10-02T14:14:56.103+0000] {logging_mixin.py:190} INFO - [2026-10-02T14:14:56.103+0000] {dag.py:4180} INFO - Setting next_dagrun for water_quality_training_pipeline to None, run_after=None
[2026-10-02T14:14:56.129+0000] {processor.py:208} INFO - Processing /opt/airflow/dags/water_quality_pipeline_dag.py took 0.115 seconds
[2026-10-02T14:15:26.284+0000] {processor.py:186} INFO - Started process (PID=11441) to work on /opt/airflow/dags/water_quality_pipeline_dag.py
[2026-10-02T14:15:26.285+0000] {processor.py:914} INFO - Processing file /opt/airflow/dags/water_quality_pipeline_dag.py for tasks to queue
[2026-10-02T14:15:26.288+0000] {logging_mixin.py:190} INFO - [2026-10-02T14:15:26.287+0000] {dagbag.py:588} INFO - Filling up the DagBag from /opt/airflow/dags/water_quality_pipeline_dag.py
[2026-10-02T14:15:26.301+0000] {processor.py:925} INFO - DAG(s) 'water_quality_training_pipeline' retrieved from /opt/airflow/dags/water_quality_pipeline_dag.py
[2026-10-02T14:15:26.348+0000] {logging_mixin.py:190} INFO - [2026-10-02T14:15:26.348+0000] {dag.py:3239} INFO - Sync 1 DAGs
[2026-10-02T14:15:26.367+0000] {logging_mixin.py:190} INFO - [2026-10-02T14:15:26.367+0000] {dag.py:4180} INFO - Setting next_dagrun for water_quality_training_pipeline to None, run_after=None
[2026-10-02T14:15:26.391+0000] {processor.py:208} INFO - Processing /opt/airflow/dags/water_quality_pipeline_dag.py took 0.120 seconds
[2026-10-02T14:15:56.656+0000] {processor.py:186} INFO - Started process (PID=11470) to work on /opt/airflow/dags/water_quality_pipeline_dag.py
[2026-10-02T14:15:56.657+0000] {processor.py:914} INFO - Processing file /opt/airflow/dags/water_quality_pipeline_dag.py for tasks to queue
[2026-10-02T14:15:56.659+0000] {logging_mixin.py:190} INFO - [2026-10-02T14:15:56.659+0000] {dagbag.py:588} INFO - Filling up the DagBag from /opt/airflow/dags/water_quality_pipeline_dag.py
[2026-10-02T14:15:56.671+0000] {processor.py:925} INFO - DAG(s) 'water_quality_training_pipeline' retrieved from /opt/airflow/dags/water_quality_pipeline_dag.py
[2026-10-02T14:15:56.713+0000] {logging_mixin.py:190} INFO - [2026-10-02T14:15:56.712+0000] {dag.py:3239} INFO - Sync 1 DAGs
[2026-10-02T14:15:56.728+0000] {logging_mixin.py:190} INFO - [2026-10-02T14:15:56.728+0000] {dag.py:4180} INFO - Setting next_dagrun for water_quality_training_pipeline to None, run_after=None
[2026-10-02T14:15:56.747+0000] {processor.py:208} INFO - Processing /opt/airflow/dags/water_quality_pipeline_dag.py took 0.103 seconds
[2026-10-02T14:16:26.941+0000] {processor.py:186} INFO - Started process (PID=11491) to work on /opt/airflow/dags/water_quality_pipeline_dag.py
[2026-10-02T14:16:26.943+0000] {processor.py:914} INFO - Processing file /opt/airflow/dags/water_quality_pipeline_dag.py for tasks to queue
[2026-10-02T14:16:26.945+0000] {logging_mixin.py:190} INFO - [2026-10-02T14:16:26.945+0000] {dagbag.py:588} INFO - Filling up the DagBag from /opt/airflow/dags/water_quality_pipeline_dag.py
[2026-10-02T14:16:26.956+0000] {processor.py:925} INFO - DAG(s) 'water_quality_training_pipeline' retrieved from /opt/airflow/dags/water_quality_pipeline_dag.py
[2026-10-02T14:16:27.001+0000] {logging_mixin.py:190} INFO - [2026-10-02T14:16:27.000+0000] {dag.py:3239} INFO - Sync 1 DAGs
[2026-10-02T14:16:27.020+0000] {logging_mixin.py:190} INFO - [2026-10-02T14:16:27.019+0000] {dag.py:4180} INFO - Setting next_dagrun for water_quality_training_pipeline to None, run_after=None
[2026-10-02T14:16:27.042+0000] {processor.py:208} INFO - Processing /opt/airflow/dags/water_quality_pipeline_dag.py took 0.113 seconds
[2026-10-02T14:16:57.293+0000] {processor.py:186} INFO - Started process (PID=11512) to work on /opt/airflow/dags/water_quality_pipeline_dag.py
[2026-10-02T14:16:57.295+0000] {processor.py:914} INFO - Processing file /opt/airflow/dags/water_quality_pipeline_dag.py for tasks to queue
[2026-10-02T14:16:57.298+0000] {logging_mixin.py:190} INFO - [2026-10-02T14:16:57.297+0000] {dagbag.py:588} INFO - Filling up the DagBag from /opt/airflow/dags/water_quality_pipeline_dag.py
[2026-10-02T14:16:57.311+0000] {processor.py:925} INFO - DAG(s) 'water_quality_training_pipeline' retrieved from /opt/airflow/dags/water_quality_pipeline_dag.py
[2026-10-02T14:16:57.352+0000] {logging_mixin.py:190} INFO - [2026-10-02T14:16:57.352+0000] {dag.py:3239} INFO - Sync 1 DAGs
[2026-10-02T14:16:57.374+0000] {logging_mixin.py:190} INFO - [2026-10-02T14:16:57.374+0000] {dag.py:4180} INFO - Setting next_dagrun for water_quality_training_pipeline to None, run_after=None
[2026-10-02T14:16:57.412+0000] {processor.py:208} INFO - Processing /opt/airflow/dags/water_quality_pipeline_dag.py took 0.130 seconds
[2026-10-02T14:17:27.544+0000] {processor.py:186} INFO - Started process (PID=11541) to work on /opt/airflow/dags/water_quality_pipeline_dag.py
[2026-10-02T14:17:27.546+0000] {processor.py:914} INFO - Processing file /opt/airflow/dags/water_quality_pipeline_dag.py for tasks to queue
[2026-10-02T14:17:27.549+0000] {logging_mixin.py:190} INFO - [2026-10-02T14:17:27.549+0000] {dagbag.py:588} INFO - Filling up the DagBag from /opt/airflow/dags/water_quality_pipeline_dag.py
[2026-10-02T14:17:27.567+0000] {processor.py:925} INFO - DAG(s) 'water_quality_training_pipeline' retrieved from /opt/airflow/dags/water_quality_pipeline_dag.py
[2026-10-02T14:17:27.616+0000] {logging_mixin.py:190} INFO - [2026-10-02T14:17:27.616+0000] {dag.py:3239} INFO - Sync 1 DAGs
[2026-10-02T14:17:27.637+0000] {logging_mixin.py:190} INFO - [2026-10-02T14:17:27.637+0000] {dag.py:4180} INFO - Setting next_dagrun for water_quality_training_pipeline to None, run_after=None
[2026-10-02T14:17:27.657+0000] {processor.py:208} INFO - Processing /opt/airflow/dags/water_quality_pipeline_dag.py took 0.123 seconds
[2026-10-02T14:17:57.941+0000] {processor.py:186} INFO - Started process (PID=11562) to work on /opt/airflow/dags/water_quality_pipeline_dag.py
[2026-10-02T14:17:57.944+0000] {processor.py:914} INFO - Processing file /opt/airflow/dags/water_quality_pipeline_dag.py for tasks to queue
[2026-10-02T14:17:57.947+0000] {logging_mixin.py:190} INFO - [2026-10-02T14:17:57.946+0000] {dagbag.py:588} INFO - Filling up the DagBag from /opt/airflow/dags/water_quality_pipeline_dag.py
[2026-10-02T14:17:57.959+0000] {processor.py:925} INFO - DAG(s) 'water_quality_training_pipeline' retrieved from /opt/airflow/dags/water_quality_pipeline_dag.py
[2026-10-02T14:17:58.003+0000] {logging_mixin.py:190} INFO - [2026-10-02T14:17:58.003+0000] {dag.py:3239} INFO - Sync 1 DAGs
[2026-10-02T14:17:58.023+0000] {logging_mixin.py:190} INFO - [2026-10-02T14:17:58.023+0000] {dag.py:4180} INFO - Setting next_dagrun for water_quality_training_pipeline to None, run_after=None
[2026-10-02T14:17:58.053+0000] {processor.py:208} INFO - Processing /opt/airflow/dags/water_quality_pipeline_dag.py took 0.123 seconds
[2026-10-02T14:18:28.208+0000] {processor.py:186} INFO - Started process (PID=11590) to work on /opt/airflow/dags/water_quality_pipeline_dag.py
[2026-10-02T14:18:28.209+0000] {processor.py:914} INFO - Processing file /opt/airflow/dags/water_quality_pipeline_dag.py for tasks to queue
[2026-10-02T14:18:28.213+0000] {logging_mixin.py:190} INFO - [2026-10-02T14:18:28.212+0000] {dagbag.py:588} INFO - Filling up the DagBag from /opt/airflow/dags/water_quality_pipeline_dag.py
[2026-10-02T14:18:28.227+0000] {processor.py:925} INFO - DAG(s) 'water_quality_training_pipeline' retrieved from /opt/airflow/dags/water_quality_pipeline_dag.py
[2026-10-02T14:18:28.269+0000] {logging_mixin.py:190} INFO - [2026-10-02T14:18:28.269+0000] {dag.py:3239} INFO - Sync 1 DAGs
[2026-10-02T14:18:28.288+0000] {logging_mixin.py:190} INFO - [2026-10-02T14:18:28.287+0000] {dag.py:4180} INFO - Setting next_dagrun for water_quality_training_pipeline to None, run_after=None
[2026-10-02T14:18:28.307+0000] {processor.py:208} INFO - Processing /opt/airflow/dags/water_quality_pipeline_dag.py took 0.109 seconds
[2026-10-02T14:18:58.610+0000] {processor.py:186} INFO - Started process (PID=11612) to work on /opt/airflow/dags/water_quality_pipeline_dag.py
[2026-10-02T14:18:58.612+0000] {processor.py:914} INFO - Processing file /opt/airflow/dags/water_quality_pipeline_dag.py for tasks to queue
[2026-10-02T14:18:58.616+0000] {logging_mixin.py:190} INFO - [2026-10-02T14:18:58.615+0000] {dagbag.py:588} INFO - Filling up the DagBag from /opt/airflow/dags/water_quality_pipeline_dag.py
[2026-10-02T14:18:58.627+0000] {processor.py:925} INFO - DAG(s) 'water_quality_training_pipeline' retrieved from /opt/airflow/dags/water_quality_pipeline_dag.py
[2026-10-02T14:18:58.665+0000] {logging_mixin.py:190} INFO - [2026-10-02T14:18:58.664+0000] {dag.py:3239} INFO - Sync 1 DAGs
[2026-10-02T14:18:58.683+0000] {logging_mixin.py:190} INFO - [2026-10-02T14:18:58.682+0000] {dag.py:4180} INFO - Setting next_dagrun for water_quality_training_pipeline to None, run_after=None
[2026-10-02T14:18:58.706+0000] {processor.py:208} INFO - Processing /opt/airflow/dags/water_quality_pipeline_dag.py took 0.109 seconds
[2026-10-02T14:19:28.876+0000] {processor.py:186} INFO - Started process (PID=11633) to work on /opt/airflow/dags/water_quality_pipeline_dag.py
[2026-10-02T14:19:28.877+0000] {processor.py:914} INFO - Processing file /opt/airflow/dags/water_quality_pipeline_dag.py for tasks to queue
[2026-10-02T14:19:28.879+0000] {logging_mixin.py:190} INFO - [2026-10-02T14:19:28.879+0000] {dagbag.py:588} INFO - Filling up the DagBag from /opt/airflow/dags/water_quality_pipeline_dag.py
[2026-10-02T14:19:28.892+0000] {processor.py:925} INFO - DAG(s) 'water_quality_training_pipeline' retrieved from /opt/airflow/dags/water_quality_pipeline_dag.py
[2026-10-02T14:19:28.935+0000] {logging_mixin.py:190} INFO - [2026-10-02T14:19:28.935+0000] {dag.py:3239} INFO - Sync 1 DAGs
[2026-10-02T14:19:28.957+0000] {logging_mixin.py:190} INFO - [2026-10-02T14:19:28.956+0000] {dag.py:4180} INFO - Setting next_dagrun for water_quality_training_pipeline to None, run_after=None
[2026-10-02T14:19:28.982+0000] {processor.py:208} INFO - Processing /opt/airflow/dags/water_quality_pipeline_dag.py took 0.117 seconds
[2026-10-02T14:19:59.219+0000] {processor.py:186} INFO - Started process (PID=11662) to work on /opt/airflow/dags/water_quality_pipeline_dag.py
[2026-10-02T14:19:59.222+0000] {processor.py:914} INFO - Processing file /opt/airflow/dags/water_quality_pipeline_dag.py for tasks to queue
[2026-10-02T14:19:59.225+0000] {logging_mixin.py:190} INFO - [2026-10-02T14:19:59.224+0000] {dagbag.py:588} INFO - Filling up the DagBag from /opt/airflow/dags/water_quality_pipeline_dag.py
[2026-10-02T14:19:59.239+0000] {processor.py:925} INFO - DAG(s) 'water_quality_training_pipeline' retrieved from /opt/airflow/dags/water_quality_pipeline_dag.py
[2026-10-02T14:19:59.280+0000] {logging_mixin.py:190} INFO - [2026-10-02T14:19:59.280+0000] {dag.py:3239} INFO - Sync 1 DAGs
[2026-10-02T14:19:59.301+0000] {logging_mixin.py:190} INFO - [2026-10-02T14:19:59.301+0000] {dag.py:4180} INFO - Setting next_dagrun for water_quality_training_pipeline to None, run_after=None
[2026-10-02T14:19:59.322+0000] {processor.py:208} INFO - Processing /opt/airflow/dags/water_quality_pipeline_dag.py took 0.115 seconds
[2026-10-02T14:20:29.493+0000] {processor.py:186} INFO - Started process (PID=11683) to work on /opt/airflow/dags/water_quality_pipeline_dag.py
[2026-10-02T14:20:29.495+0000] {processor.py:914} INFO - Processing file /opt/airflow/dags/water_quality_pipeline_dag.py for tasks to queue
[2026-10-02T14:20:29.498+0000] {logging_mixin.py:190} INFO - [2026-10-02T14:20:29.497+0000] {dagbag.py:588} INFO - Filling up the DagBag from /opt/airflow/dags/water_quality_pipeline_dag.py
[2026-10-02T14:20:29.510+0000] {processor.py:925} INFO - DAG(s) 'water_quality_training_pipeline' retrieved from /opt/airflow/dags/water_quality_pipeline_dag.py
[2026-10-02T14:20:29.553+0000] {logging_mixin.py:190} INFO - [2026-10-02T14:20:29.553+0000] {dag.py:3239} INFO - Sync 1 DAGs
[2026-10-02T14:20:29.572+0000] {logging_mixin.py:190} INFO - [2026-10-02T14:20:29.572+0000] {dag.py:4180} INFO - Setting next_dagrun for water_quality_training_pipeline to None, run_after=None
[2026-10-02T14:20:29.597+0000] {processor.py:208} INFO - Processing /opt/airflow/dags/water_quality_pipeline_dag.py took 0.114 seconds
[2026-10-02T14:20:59.836+0000] {processor.py:186} INFO - Started process (PID=11704) to work on /opt/airflow/dags/water_quality_pipeline_dag.py
[2026-10-02T14:20:59.838+0000] {processor.py:914} INFO - Processing file /opt/airflow/dags/water_quality_pipeline_dag.py for tasks to queue
[2026-10-02T14:20:59.842+0000] {logging_mixin.py:190} INFO - [2026-10-02T14:20:59.841+0000] {dagbag.py:588} INFO - Filling up the DagBag from /opt/airflow/dags/water_quality_pipeline_dag.py
[2026-10-02T14:20:59.855+0000] {processor.py:925} INFO - DAG(s) 'water_quality_training_pipeline' retrieved from /opt/airflow/dags/water_quality_pipeline_dag.py
[2026-10-02T14:20:59.892+0000] {logging_mixin.py:190} INFO - [2026-10-02T14:20:59.891+0000] {dag.py:3239} INFO - Sync 1 DAGs
[2026-10-02T14:20:59.910+0000] {logging_mixin.py:190} INFO - [2026-10-02T14:20:59.910+0000] {dag.py:4180} INFO - Setting next_dagrun for water_quality_training_pipeline to None, run_after=None
[2026-10-02T14:20:59.934+0000] {processor.py:208} INFO - Processing /opt/airflow/dags/water_quality_pipeline_dag.py took 0.109 seconds
[2026-10-02T14:21:30.120+0000] {processor.py:186} INFO - Started process (PID=11733) to work on /opt/airflow/dags/water_quality_pipeline_dag.py
[2026-10-02T14:21:30.122+0000] {processor.py:914} INFO - Processing file /opt/airflow/dags/water_quality_pipeline_dag.py for tasks to queue
[2026-10-02T14:21:30.125+0000] {logging_mixin.py:190} INFO - [2026-10-02T14:21:30.124+0000] {dagbag.py:588} INFO - Filling up the DagBag from /opt/airflow/dags/water_quality_pipeline_dag.py
[2026-10-02T14:21:30.140+0000] {processor.py:925} INFO - DAG(s) 'water_quality_training_pipeline' retrieved from /opt/airflow/dags/water_quality_pipeline_dag.py
[2026-10-02T14:21:30.177+0000] {logging_mixin.py:190} INFO - [2026-10-02T14:21:30.176+0000] {dag.py:3239} INFO - Sync 1 DAGs
[2026-10-02T14:21:30.197+0000] {logging_mixin.py:190} INFO - [2026-10-02T14:21:30.196+0000] {dag.py:4180} INFO - Setting next_dagrun for water_quality_training_pipeline to None, run_after=None
[2026-10-02T14:21:30.226+0000] {processor.py:208} INFO - Processing /opt/airflow/dags/water_quality_pipeline_dag.py took 0.115 seconds
[2026-10-02T14:22:00.457+0000] {processor.py:186} INFO - Started process (PID=11755) to work on /opt/airflow/dags/water_quality_pipeline_dag.py
[2026-10-02T14:22:00.461+0000] {processor.py:914} INFO - Processing file /opt/airflow/dags/water_quality_pipeline_dag.py for tasks to queue
[2026-10-02T14:22:00.465+0000] {logging_mixin.py:190} INFO - [2026-10-02T14:22:00.464+0000] {dagbag.py:588} INFO - Filling up the DagBag from /opt/airflow/dags/water_quality_pipeline_dag.py
[2026-10-02T14:22:00.479+0000] {processor.py:925} INFO - DAG(s) 'water_quality_training_pipeline' retrieved from /opt/airflow/dags/water_quality_pipeline_dag.py
[2026-10-02T14:22:00.523+0000] {logging_mixin.py:190} INFO - [2026-10-02T14:22:00.523+0000] {dag.py:3239} INFO - Sync 1 DAGs
[2026-10-02T14:22:00.543+0000] {logging_mixin.py:190} INFO - [2026-10-02T14:22:00.542+0000] {dag.py:4180} INFO - Setting next_dagrun for water_quality_training_pipeline to None, run_after=None
[2026-10-02T14:22:00.577+0000] {processor.py:208} INFO - Processing /opt/airflow/dags/water_quality_pipeline_dag.py took 0.135 seconds
[2026-10-02T14:22:30.741+0000] {processor.py:186} INFO - Started process (PID=11783) to work on /opt/airflow/dags/water_quality_pipeline_dag.py
[2026-10-02T14:22:30.742+0000] {processor.py:914} INFO - Processing file /opt/airflow/dags/water_quality_pipeline_dag.py for tasks to queue
[2026-10-02T14:22:30.746+0000] {logging_mixin.py:190} INFO - [2026-10-02T14:22:30.746+0000] {dagbag.py:588} INFO - Filling up the DagBag from /opt/airflow/dags/water_quality_pipeline_dag.py
[2026-10-02T14:22:30.760+0000] {processor.py:925} INFO - DAG(s) 'water_quality_training_pipeline' retrieved from /opt/airflow/dags/water_quality_pipeline_dag.py
[2026-10-02T14:22:30.789+0000] {logging_mixin.py:190} INFO - [2026-10-02T14:22:30.789+0000] {dag.py:3239} INFO - Sync 1 DAGs
[2026-10-02T14:22:30.803+0000] {logging_mixin.py:190} INFO - [2026-10-02T14:22:30.802+0000] {dag.py:4180} INFO - Setting next_dagrun for water_quality_training_pipeline to None, run_after=None
[2026-10-02T14:22:30.822+0000] {processor.py:208} INFO - Processing /opt/airflow/dags/water_quality_pipeline_dag.py took 0.093 seconds
[2026-10-02T14:23:01.093+0000] {processor.py:186} INFO - Started process (PID=11805) to work on /opt/airflow/dags/water_quality_pipeline_dag.py
[2026-10-02T14:23:01.096+0000] {processor.py:914} INFO - Processing file /opt/airflow/dags/water_quality_pipeline_dag.py for tasks to queue
[2026-10-02T14:23:01.100+0000] {logging_mixin.py:190} INFO - [2026-10-02T14:23:01.100+0000] {dagbag.py:588} INFO - Filling up the DagBag from /opt/airflow/dags/water_quality_pipeline_dag.py
[2026-10-02T14:23:01.114+0000] {processor.py:925} INFO - DAG(s) 'water_quality_training_pipeline' retrieved from /opt/airflow/dags/water_quality_pipeline_dag.py
[2026-10-02T14:23:01.150+0000] {logging_mixin.py:190} INFO - [2026-10-02T14:23:01.149+0000] {dag.py:3239} INFO - Sync 1 DAGs
[2026-10-02T14:23:01.168+0000] {logging_mixin.py:190} INFO - [2026-10-02T14:23:01.168+0000] {dag.py:4180} INFO - Setting next_dagrun for water_quality_training_pipeline to None, run_after=None
[2026-10-02T14:23:01.193+0000] {processor.py:208} INFO - Processing /opt/airflow/dags/water_quality_pipeline_dag.py took 0.109 seconds
[2026-10-02T14:23:31.341+0000] {processor.py:186} INFO - Started process (PID=11826) to work on /opt/airflow/dags/water_quality_pipeline_dag.py
[2026-10-02T14:23:31.341+0000] {processor.py:914} INFO - Processing file /opt/airflow/dags/water_quality_pipeline_dag.py for tasks to queue
[2026-10-02T14:23:31.344+0000] {logging_mixin.py:190} INFO - [2026-10-02T14:23:31.343+0000] {dagbag.py:588} INFO - Filling up the DagBag from /opt/airflow/dags/water_quality_pipeline_dag.py
[2026-10-02T14:23:31.356+0000] {processor.py:925} INFO - DAG(s) 'water_quality_training_pipeline' retrieved from /opt/airflow/dags/water_quality_pipeline_dag.py
[2026-10-02T14:23:31.393+0000] {logging_mixin.py:190} INFO - [2026-10-02T14:23:31.393+0000] {dag.py:3239} INFO - Sync 1 DAGs
[2026-10-02T14:23:31.411+0000] {logging_mixin.py:190} INFO - [2026-10-02T14:23:31.411+0000] {dag.py:4180} INFO - Setting next_dagrun for water_quality_training_pipeline to None, run_after=None
[2026-10-02T14:23:31.441+0000] {processor.py:208} INFO - Processing /opt/airflow/dags/water_quality_pipeline_dag.py took 0.112 seconds
[2026-10-02T14:24:01.719+0000] {processor.py:186} INFO - Started process (PID=11853) to work on /opt/airflow/dags/water_quality_pipeline_dag.py
[2026-10-02T14:24:01.720+0000] {processor.py:914} INFO - Processing file /opt/airflow/dags/water_quality_pipeline_dag.py for tasks to queue
[2026-10-02T14:24:01.722+0000] {logging_mixin.py:190} INFO - [2026-10-02T14:24:01.722+0000] {dagbag.py:588} INFO - Filling up the DagBag from /opt/airflow/dags/water_quality_pipeline_dag.py
[2026-10-02T14:24:01.735+0000] {processor.py:925} INFO - DAG(s) 'water_quality_training_pipeline' retrieved from /opt/airflow/dags/water_quality_pipeline_dag.py
[2026-10-02T14:24:01.779+0000] {logging_mixin.py:190} INFO - [2026-10-02T14:24:01.779+0000] {dag.py:3239} INFO - Sync 1 DAGs
[2026-10-02T14:24:01.799+0000] {logging_mixin.py:190} INFO - [2026-10-02T14:24:01.798+0000] {dag.py:4180} INFO - Setting next_dagrun for water_quality_training_pipeline to None, run_after=None
[2026-10-02T14:24:01.820+0000] {processor.py:208} INFO - Processing /opt/airflow/dags/water_quality_pipeline_dag.py took 0.110 seconds
[2026-10-02T14:24:31.971+0000] {processor.py:186} INFO - Started process (PID=11875) to work on /opt/airflow/dags/water_quality_pipeline_dag.py
[2026-10-02T14:24:31.972+0000] {processor.py:914} INFO - Processing file /opt/airflow/dags/water_quality_pipeline_dag.py for tasks to queue
[2026-10-02T14:24:31.974+0000] {logging_mixin.py:190} INFO - [2026-10-02T14:24:31.974+0000] {dagbag.py:588} INFO - Filling up the DagBag from /opt/airflow/dags/water_quality_pipeline_dag.py
[2026-10-02T14:24:31.987+0000] {processor.py:925} INFO - DAG(s) 'water_quality_training_pipeline' retrieved from /opt/airflow/dags/water_quality_pipeline_dag.py
[2026-10-02T14:24:32.027+0000] {logging_mixin.py:190} INFO - [2026-10-02T14:24:32.027+0000] {dag.py:3239} INFO - Sync 1 DAGs
[2026-10-02T14:24:32.046+0000] {logging_mixin.py:190} INFO - [2026-10-02T14:24:32.045+0000] {dag.py:4180} INFO - Setting next_dagrun for water_quality_training_pipeline to None, run_after=None
[2026-10-02T14:24:32.075+0000] {processor.py:208} INFO - Processing /opt/airflow/dags/water_quality_pipeline_dag.py took 0.114 seconds
[2026-10-02T14:25:02.344+0000] {processor.py:186} INFO - Started process (PID=11896) to work on /opt/airflow/dags/water_quality_pipeline_dag.py
[2026-10-02T14:25:02.347+0000] {processor.py:914} INFO - Processing file /opt/airflow/dags/water_quality_pipeline_dag.py for tasks to queue
[2026-10-02T14:25:02.350+0000] {logging_mixin.py:190} INFO - [2026-10-02T14:25:02.350+0000] {dagbag.py:588} INFO - Filling up the DagBag from /opt/airflow/dags/water_quality_pipeline_dag.py
[2026-10-02T14:25:02.365+0000] {processor.py:925} INFO - DAG(s) 'water_quality_training_pipeline' retrieved from /opt/airflow/dags/water_quality_pipeline_dag.py
[2026-10-02T14:25:02.411+0000] {logging_mixin.py:190} INFO - [2026-10-02T14:25:02.410+0000] {dag.py:3239} INFO - Sync 1 DAGs
[2026-10-02T14:25:02.430+0000] {logging_mixin.py:190} INFO - [2026-10-02T14:25:02.429+0000] {dag.py:4180} INFO - Setting next_dagrun for water_quality_training_pipeline to None, run_after=None
[2026-10-02T14:25:02.454+0000] {processor.py:208} INFO - Processing /opt/airflow/dags/water_quality_pipeline_dag.py took 0.119 seconds
[2026-10-02T14:25:32.610+0000] {processor.py:186} INFO - Started process (PID=11925) to work on /opt/airflow/dags/water_quality_pipeline_dag.py
[2026-10-02T14:25:32.611+0000] {processor.py:914} INFO - Processing file /opt/airflow/dags/water_quality_pipeline_dag.py for tasks to queue
[2026-10-02T14:25:32.614+0000] {logging_mixin.py:190} INFO - [2026-10-02T14:25:32.613+0000] {dagbag.py:588} INFO - Filling up the DagBag from /opt/airflow/dags/water_quality_pipeline_dag.py
[2026-10-02T14:25:32.626+0000] {processor.py:925} INFO - DAG(s) 'water_quality_training_pipeline' retrieved from /opt/airflow/dags/water_quality_pipeline_dag.py
[2026-10-02T14:25:32.667+0000] {logging_mixin.py:190} INFO - [2026-10-02T14:25:32.667+0000] {dag.py:3239} INFO - Sync 1 DAGs
[2026-10-02T14:25:32.687+0000] {logging_mixin.py:190} INFO - [2026-10-02T14:25:32.687+0000] {dag.py:4180} INFO - Setting next_dagrun for water_quality_training_pipeline to None, run_after=None
[2026-10-02T14:25:32.710+0000] {processor.py:208} INFO - Processing /opt/airflow/dags/water_quality_pipeline_dag.py took 0.108 seconds
[2026-10-02T14:26:02.967+0000] {processor.py:186} INFO - Started process (PID=11946) to work on /opt/airflow/dags/water_quality_pipeline_dag.py
[2026-10-02T14:26:02.969+0000] {processor.py:914} INFO - Processing file /opt/airflow/dags/water_quality_pipeline_dag.py for tasks to queue
[2026-10-02T14:26:02.973+0000] {logging_mixin.py:190} INFO - [2026-10-02T14:26:02.972+0000] {dagbag.py:588} INFO - Filling up the DagBag from /opt/airflow/dags/water_quality_pipeline_dag.py
[2026-10-02T14:26:02.984+0000] {processor.py:925} INFO - DAG(s) 'water_quality_training_pipeline' retrieved from /opt/airflow/dags/water_quality_pipeline_dag.py
[2026-10-02T14:26:03.019+0000] {logging_mixin.py:190} INFO - [2026-10-02T14:26:03.019+0000] {dag.py:3239} INFO - Sync 1 DAGs
[2026-10-02T14:26:03.037+0000] {logging_mixin.py:190} INFO - [2026-10-02T14:26:03.037+0000] {dag.py:4180} INFO - Setting next_dagrun for water_quality_training_pipeline to None, run_after=None
[2026-10-02T14:26:03.063+0000] {processor.py:208} INFO - Processing /opt/airflow/dags/water_quality_pipeline_dag.py took 0.105 seconds
[2026-10-02T14:26:33.224+0000] {processor.py:186} INFO - Started process (PID=11967) to work on /opt/airflow/dags/water_quality_pipeline_dag.py
[2026-10-02T14:26:33.225+0000] {processor.py:914} INFO - Processing file /opt/airflow/dags/water_quality_pipeline_dag.py for tasks to queue
[2026-10-02T14:26:33.230+0000] {logging_mixin.py:190} INFO - [2026-10-02T14:26:33.229+0000] {dagbag.py:588} INFO - Filling up the DagBag from /opt/airflow/dags/water_quality_pipeline_dag.py
[2026-10-02T14:26:33.241+0000] {processor.py:925} INFO - DAG(s) 'water_quality_training_pipeline' retrieved from /opt/airflow/dags/water_quality_pipeline_dag.py
[2026-10-02T14:26:33.281+0000] {logging_mixin.py:190} INFO - [2026-10-02T14:26:33.281+0000] {dag.py:3239} INFO - Sync 1 DAGs
[2026-10-02T14:26:33.303+0000] {logging_mixin.py:190} INFO - [2026-10-02T14:26:33.303+0000] {dag.py:4180} INFO - Setting next_dagrun for water_quality_training_pipeline to None, run_after=None
[2026-10-02T14:26:33.333+0000] {processor.py:208} INFO - Processing /opt/airflow/dags/water_quality_pipeline_dag.py took 0.121 seconds
[2026-10-02T14:27:03.573+0000] {processor.py:186} INFO - Started process (PID=11996) to work on /opt/airflow/dags/water_quality_pipeline_dag.py
[2026-10-02T14:27:03.574+0000] {processor.py:914} INFO - Processing file /opt/airflow/dags/water_quality_pipeline_dag.py for tasks to queue
[2026-10-02T14:27:03.578+0000] {logging_mixin.py:190} INFO - [2026-10-02T14:27:03.578+0000] {dagbag.py:588} INFO - Filling up the DagBag from /opt/airflow/dags/water_quality_pipeline_dag.py
[2026-10-02T14:27:03.590+0000] {processor.py:925} INFO - DAG(s) 'water_quality_training_pipeline' retrieved from /opt/airflow/dags/water_quality_pipeline_dag.py
[2026-10-02T14:27:03.634+0000] {logging_mixin.py:190} INFO - [2026-10-02T14:27:03.634+0000] {dag.py:3239} INFO - Sync 1 DAGs
[2026-10-02T14:27:03.653+0000] {logging_mixin.py:190} INFO - [2026-10-02T14:27:03.653+0000] {dag.py:4180} INFO - Setting next_dagrun for water_quality_training_pipeline to None, run_after=None
[2026-10-02T14:27:03.678+0000] {processor.py:208} INFO - Processing /opt/airflow/dags/water_quality_pipeline_dag.py took 0.114 seconds
[2026-10-02T14:27:33.842+0000] {processor.py:186} INFO - Started process (PID=12017) to work on /opt/airflow/dags/water_quality_pipeline_dag.py
[2026-10-02T14:27:33.843+0000] {processor.py:914} INFO - Processing file /opt/airflow/dags/water_quality_pipeline_dag.py for tasks to queue
[2026-10-02T14:27:33.846+0000] {logging_mixin.py:190} INFO - [2026-10-02T14:27:33.846+0000] {dagbag.py:588} INFO - Filling up the DagBag from /opt/airflow/dags/water_quality_pipeline_dag.py
[2026-10-02T14:27:33.860+0000] {processor.py:925} INFO - DAG(s) 'water_quality_training_pipeline' retrieved from /opt/airflow/dags/water_quality_pipeline_dag.py
[2026-10-02T14:27:33.901+0000] {logging_mixin.py:190} INFO - [2026-10-02T14:27:33.901+0000] {dag.py:3239} INFO - Sync 1 DAGs
[2026-10-02T14:27:33.919+0000] {logging_mixin.py:190} INFO - [2026-10-02T14:27:33.919+0000] {dag.py:4180} INFO - Setting next_dagrun for water_quality_training_pipeline to None, run_after=None
[2026-10-02T14:27:33.942+0000] {processor.py:208} INFO - Processing /opt/airflow/dags/water_quality_pipeline_dag.py took 0.110 seconds
[2026-10-02T14:28:04.212+0000] {processor.py:186} INFO - Started process (PID=12045) to work on /opt/airflow/dags/water_quality_pipeline_dag.py
[2026-10-02T14:28:04.214+0000] {processor.py:914} INFO - Processing file /opt/airflow/dags/water_quality_pipeline_dag.py for tasks to queue
[2026-10-02T14:28:04.217+0000] {logging_mixin.py:190} INFO - [2026-10-02T14:28:04.217+0000] {dagbag.py:588} INFO - Filling up the DagBag from /opt/airflow/dags/water_quality_pipeline_dag.py
[2026-10-02T14:28:04.229+0000] {processor.py:925} INFO - DAG(s) 'water_quality_training_pipeline' retrieved from /opt/airflow/dags/water_quality_pipeline_dag.py
[2026-10-02T14:28:04.289+0000] {logging_mixin.py:190} INFO - [2026-10-02T14:28:04.288+0000] {dag.py:3239} INFO - Sync 1 DAGs
[2026-10-02T14:28:04.313+0000] {logging_mixin.py:190} INFO - [2026-10-02T14:28:04.313+0000] {dag.py:4180} INFO - Setting next_dagrun for water_quality_training_pipeline to None, run_after=None
[2026-10-02T14:28:04.345+0000] {processor.py:208} INFO - Processing /opt/airflow/dags/water_quality_pipeline_dag.py took 0.148 seconds
[2026-10-02T14:28:34.483+0000] {processor.py:186} INFO - Started process (PID=12067) to work on /opt/airflow/dags/water_quality_pipeline_dag.py
[2026-10-02T14:28:34.484+0000] {processor.py:914} INFO - Processing file /opt/airflow/dags/water_quality_pipeline_dag.py for tasks to queue
[2026-10-02T14:28:34.488+0000] {logging_mixin.py:190} INFO - [2026-10-02T14:28:34.487+0000] {dagbag.py:588} INFO - Filling up the DagBag from /opt/airflow/dags/water_quality_pipeline_dag.py
[2026-10-02T14:28:34.500+0000] {processor.py:925} INFO - DAG(s) 'water_quality_training_pipeline' retrieved from /opt/airflow/dags/water_quality_pipeline_dag.py
[2026-10-02T14:28:34.539+0000] {logging_mixin.py:190} INFO - [2026-10-02T14:28:34.539+0000] {dag.py:3239} INFO - Sync 1 DAGs
[2026-10-02T14:28:34.560+0000] {logging_mixin.py:190} INFO - [2026-10-02T14:28:34.560+0000] {dag.py:4180} INFO - Setting next_dagrun for water_quality_training_pipeline to None, run_after=None
[2026-10-02T14:28:34.588+0000] {processor.py:208} INFO - Processing /opt/airflow/dags/water_quality_pipeline_dag.py took 0.117 seconds
[2026-10-02T14:29:04.901+0000] {processor.py:186} INFO - Started process (PID=12088) to work on /opt/airflow/dags/water_quality_pipeline_dag.py
[2026-10-02T14:29:04.904+0000] {processor.py:914} INFO - Processing file /opt/airflow/dags/water_quality_pipeline_dag.py for tasks to queue
[2026-10-02T14:29:04.907+0000] {logging_mixin.py:190} INFO - [2026-10-02T14:29:04.906+0000] {dagbag.py:588} INFO - Filling up the DagBag from /opt/airflow/dags/water_quality_pipeline_dag.py
[2026-10-02T14:29:04.923+0000] {processor.py:925} INFO - DAG(s) 'water_quality_training_pipeline' retrieved from /opt/airflow/dags/water_quality_pipeline_dag.py
[2026-10-02T14:29:04.973+0000] {logging_mixin.py:190} INFO - [2026-10-02T14:29:04.973+0000] {dag.py:3239} INFO - Sync 1 DAGs
[2026-10-02T14:29:04.997+0000] {logging_mixin.py:190} INFO - [2026-10-02T14:29:04.996+0000] {dag.py:4180} INFO - Setting next_dagrun for water_quality_training_pipeline to None, run_after=None
[2026-10-02T14:29:05.030+0000] {processor.py:208} INFO - Processing /opt/airflow/dags/water_quality_pipeline_dag.py took 0.143 seconds
[2026-10-02T14:29:35.162+0000] {processor.py:186} INFO - Started process (PID=12117) to work on /opt/airflow/dags/water_quality_pipeline_dag.py
[2026-10-02T14:29:35.163+0000] {processor.py:914} INFO - Processing file /opt/airflow/dags/water_quality_pipeline_dag.py for tasks to queue
[2026-10-02T14:29:35.165+0000] {logging_mixin.py:190} INFO - [2026-10-02T14:29:35.165+0000] {dagbag.py:588} INFO - Filling up the DagBag from /opt/airflow/dags/water_quality_pipeline_dag.py
[2026-10-02T14:29:35.177+0000] {processor.py:925} INFO - DAG(s) 'water_quality_training_pipeline' retrieved from /opt/airflow/dags/water_quality_pipeline_dag.py
[2026-10-02T14:29:35.219+0000] {logging_mixin.py:190} INFO - [2026-10-02T14:29:35.219+0000] {dag.py:3239} INFO - Sync 1 DAGs
[2026-10-02T14:29:35.241+0000] {logging_mixin.py:190} INFO - [2026-10-02T14:29:35.241+0000] {dag.py:4180} INFO - Setting next_dagrun for water_quality_training_pipeline to None, run_after=None
[2026-10-02T14:29:35.264+0000] {processor.py:208} INFO - Processing /opt/airflow/dags/water_quality_pipeline_dag.py took 0.113 seconds
[2026-10-02T14:30:05.544+0000] {processor.py:186} INFO - Started process (PID=12138) to work on /opt/airflow/dags/water_quality_pipeline_dag.py
[2026-10-02T14:30:05.547+0000] {processor.py:914} INFO - Processing file /opt/airflow/dags/water_quality_pipeline_dag.py for tasks to queue
[2026-10-02T14:30:05.551+0000] {logging_mixin.py:190} INFO - [2026-10-02T14:30:05.550+0000] {dagbag.py:588} INFO - Filling up the DagBag from /opt/airflow/dags/water_quality_pipeline_dag.py
[2026-10-02T14:30:05.563+0000] {processor.py:925} INFO - DAG(s) 'water_quality_training_pipeline' retrieved from /opt/airflow/dags/water_quality_pipeline_dag.py
[2026-10-02T14:30:05.606+0000] {logging_mixin.py:190} INFO - [2026-10-02T14:30:05.606+0000] {dag.py:3239} INFO - Sync 1 DAGs
[2026-10-02T14:30:05.624+0000] {logging_mixin.py:190} INFO - [2026-10-02T14:30:05.623+0000] {dag.py:4180} INFO - Setting next_dagrun for water_quality_training_pipeline to None, run_after=None
[2026-10-02T14:30:05.646+0000] {processor.py:208} INFO - Processing /opt/airflow/dags/water_quality_pipeline_dag.py took 0.113 seconds
[2026-10-02T14:30:35.805+0000] {processor.py:186} INFO - Started process (PID=12159) to work on /opt/airflow/dags/water_quality_pipeline_dag.py
[2026-10-02T14:30:35.806+0000] {processor.py:914} INFO - Processing file /opt/airflow/dags/water_quality_pipeline_dag.py for tasks to queue
[2026-10-02T14:30:35.810+0000] {logging_mixin.py:190} INFO - [2026-10-02T14:30:35.810+0000] {dagbag.py:588} INFO - Filling up the DagBag from /opt/airflow/dags/water_quality_pipeline_dag.py
[2026-10-02T14:30:35.825+0000] {processor.py:925} INFO - DAG(s) 'water_quality_training_pipeline' retrieved from /opt/airflow/dags/water_quality_pipeline_dag.py
[2026-10-02T14:30:35.863+0000] {logging_mixin.py:190} INFO - [2026-10-02T14:30:35.863+0000] {dag.py:3239} INFO - Sync 1 DAGs
[2026-10-02T14:30:35.883+0000] {logging_mixin.py:190} INFO - [2026-10-02T14:30:35.882+0000] {dag.py:4180} INFO - Setting next_dagrun for water_quality_training_pipeline to None, run_after=None
[2026-10-02T14:30:35.910+0000] {processor.py:208} INFO - Processing /opt/airflow/dags/water_quality_pipeline_dag.py took 0.115 seconds
[2026-10-02T14:31:06.169+0000] {processor.py:186} INFO - Started process (PID=12188) to work on /opt/airflow/dags/water_quality_pipeline_dag.py
[2026-10-02T14:31:06.171+0000] {processor.py:914} INFO - Processing file /opt/airflow/dags/water_quality_pipeline_dag.py for tasks to queue
[2026-10-02T14:31:06.176+0000] {logging_mixin.py:190} INFO - [2026-10-02T14:31:06.175+0000] {dagbag.py:588} INFO - Filling up the DagBag from /opt/airflow/dags/water_quality_pipeline_dag.py
[2026-10-02T14:31:06.189+0000] {processor.py:925} INFO - DAG(s) 'water_quality_training_pipeline' retrieved from /opt/airflow/dags/water_quality_pipeline_dag.py
[2026-10-02T14:31:06.232+0000] {logging_mixin.py:190} INFO - [2026-10-02T14:31:06.232+0000] {dag.py:3239} INFO - Sync 1 DAGs
[2026-10-02T14:31:06.260+0000] {logging_mixin.py:190} INFO - [2026-10-02T14:31:06.259+0000] {dag.py:4180} INFO - Setting next_dagrun for water_quality_training_pipeline to None, run_after=None
[2026-10-02T14:31:06.303+0000] {processor.py:208} INFO - Processing /opt/airflow/dags/water_quality_pipeline_dag.py took 0.144 seconds
[2026-10-02T14:31:36.451+0000] {processor.py:186} INFO - Started process (PID=12209) to work on /opt/airflow/dags/water_quality_pipeline_dag.py
[2026-10-02T14:31:36.452+0000] {processor.py:914} INFO - Processing file /opt/airflow/dags/water_quality_pipeline_dag.py for tasks to queue
[2026-10-02T14:31:36.456+0000] {logging_mixin.py:190} INFO - [2026-10-02T14:31:36.455+0000] {dagbag.py:588} INFO - Filling up the DagBag from /opt/airflow/dags/water_quality_pipeline_dag.py
[2026-10-02T14:31:36.470+0000] {processor.py:925} INFO - DAG(s) 'water_quality_training_pipeline' retrieved from /opt/airflow/dags/water_quality_pipeline_dag.py
[2026-10-02T14:31:36.504+0000] {logging_mixin.py:190} INFO - [2026-10-02T14:31:36.503+0000] {dag.py:3239} INFO - Sync 1 DAGs
[2026-10-02T14:31:36.516+0000] {logging_mixin.py:190} INFO - [2026-10-02T14:31:36.516+0000] {dag.py:4180} INFO - Setting next_dagrun for water_quality_training_pipeline to None, run_after=None
[2026-10-02T14:31:36.533+0000] {processor.py:208} INFO - Processing /opt/airflow/dags/water_quality_pipeline_dag.py took 0.093 seconds
[2026-10-02T14:32:06.706+0000] {processor.py:186} INFO - Started process (PID=12237) to work on /opt/airflow/dags/water_quality_pipeline_dag.py
[2026-10-02T14:32:06.708+0000] {processor.py:914} INFO - Processing file /opt/airflow/dags/water_quality_pipeline_dag.py for tasks to queue
[2026-10-02T14:32:06.712+0000] {logging_mixin.py:190} INFO - [2026-10-02T14:32:06.711+0000] {dagbag.py:588} INFO - Filling up the DagBag from /opt/airflow/dags/water_quality_pipeline_dag.py
[2026-10-02T14:32:06.735+0000] {processor.py:925} INFO - DAG(s) 'water_quality_training_pipeline' retrieved from /opt/airflow/dags/water_quality_pipeline_dag.py
[2026-10-02T14:32:06.790+0000] {logging_mixin.py:190} INFO - [2026-10-02T14:32:06.790+0000] {dag.py:3239} INFO - Sync 1 DAGs
[2026-10-02T14:32:06.810+0000] {logging_mixin.py:190} INFO - [2026-10-02T14:32:06.810+0000] {dag.py:4180} INFO - Setting next_dagrun for water_quality_training_pipeline to None, run_after=None
[2026-10-02T14:32:06.834+0000] {processor.py:208} INFO - Processing /opt/airflow/dags/water_quality_pipeline_dag.py took 0.144 seconds
[2026-10-02T14:32:37.041+0000] {processor.py:186} INFO - Started process (PID=12259) to work on /opt/airflow/dags/water_quality_pipeline_dag.py
[2026-10-02T14:32:37.042+0000] {processor.py:914} INFO - Processing file /opt/airflow/dags/water_quality_pipeline_dag.py for tasks to queue
[2026-10-02T14:32:37.045+0000] {logging_mixin.py:190} INFO - [2026-10-02T14:32:37.044+0000] {dagbag.py:588} INFO - Filling up the DagBag from /opt/airflow/dags/water_quality_pipeline_dag.py
[2026-10-02T14:32:37.055+0000] {processor.py:925} INFO - DAG(s) 'water_quality_training_pipeline' retrieved from /opt/airflow/dags/water_quality_pipeline_dag.py
[2026-10-02T14:32:37.096+0000] {logging_mixin.py:190} INFO - [2026-10-02T14:32:37.096+0000] {dag.py:3239} INFO - Sync 1 DAGs
[2026-10-02T14:32:37.118+0000] {logging_mixin.py:190} INFO - [2026-10-02T14:32:37.117+0000] {dag.py:4180} INFO - Setting next_dagrun for water_quality_training_pipeline to None, run_after=None
[2026-10-02T14:32:37.144+0000] {processor.py:208} INFO - Processing /opt/airflow/dags/water_quality_pipeline_dag.py took 0.114 seconds
[2026-10-02T14:33:07.369+0000] {processor.py:186} INFO - Started process (PID=12279) to work on /opt/airflow/dags/water_quality_pipeline_dag.py
[2026-10-02T14:33:07.372+0000] {processor.py:914} INFO - Processing file /opt/airflow/dags/water_quality_pipeline_dag.py for tasks to queue
[2026-10-02T14:33:07.375+0000] {logging_mixin.py:190} INFO - [2026-10-02T14:33:07.374+0000] {dagbag.py:588} INFO - Filling up the DagBag from /opt/airflow/dags/water_quality_pipeline_dag.py
[2026-10-02T14:33:07.388+0000] {processor.py:925} INFO - DAG(s) 'water_quality_training_pipeline' retrieved from /opt/airflow/dags/water_quality_pipeline_dag.py
[2026-10-02T14:33:07.428+0000] {logging_mixin.py:190} INFO - [2026-10-02T14:33:07.428+0000] {dag.py:3239} INFO - Sync 1 DAGs
[2026-10-02T14:33:07.447+0000] {logging_mixin.py:190} INFO - [2026-10-02T14:33:07.446+0000] {dag.py:4180} INFO - Setting next_dagrun for water_quality_training_pipeline to None, run_after=None
[2026-10-02T14:33:07.470+0000] {processor.py:208} INFO - Processing /opt/airflow/dags/water_quality_pipeline_dag.py took 0.113 seconds
[2026-10-02T14:33:37.676+0000] {processor.py:186} INFO - Started process (PID=12308) to work on /opt/airflow/dags/water_quality_pipeline_dag.py
[2026-10-02T14:33:37.677+0000] {processor.py:914} INFO - Processing file /opt/airflow/dags/water_quality_pipeline_dag.py for tasks to queue
[2026-10-02T14:33:37.681+0000] {logging_mixin.py:190} INFO - [2026-10-02T14:33:37.680+0000] {dagbag.py:588} INFO - Filling up the DagBag from /opt/airflow/dags/water_quality_pipeline_dag.py
[2026-10-02T14:33:37.695+0000] {processor.py:925} INFO - DAG(s) 'water_quality_training_pipeline' retrieved from /opt/airflow/dags/water_quality_pipeline_dag.py
[2026-10-02T14:33:37.737+0000] {logging_mixin.py:190} INFO - [2026-10-02T14:33:37.737+0000] {dag.py:3239} INFO - Sync 1 DAGs
[2026-10-02T14:33:37.756+0000] {logging_mixin.py:190} INFO - [2026-10-02T14:33:37.756+0000] {dag.py:4180} INFO - Setting next_dagrun for water_quality_training_pipeline to None, run_after=None
[2026-10-02T14:33:37.782+0000] {processor.py:208} INFO - Processing /opt/airflow/dags/water_quality_pipeline_dag.py took 0.117 seconds
[2026-10-02T14:34:08.037+0000] {processor.py:186} INFO - Started process (PID=12329) to work on /opt/airflow/dags/water_quality_pipeline_dag.py
[2026-10-02T14:34:08.039+0000] {processor.py:914} INFO - Processing file /opt/airflow/dags/water_quality_pipeline_dag.py for tasks to queue
[2026-10-02T14:34:08.043+0000] {logging_mixin.py:190} INFO - [2026-10-02T14:34:08.043+0000] {dagbag.py:588} INFO - Filling up the DagBag from /opt/airflow/dags/water_quality_pipeline_dag.py
[2026-10-02T14:34:08.055+0000] {processor.py:925} INFO - DAG(s) 'water_quality_training_pipeline' retrieved from /opt/airflow/dags/water_quality_pipeline_dag.py
[2026-10-02T14:34:08.095+0000] {logging_mixin.py:190} INFO - [2026-10-02T14:34:08.095+0000] {dag.py:3239} INFO - Sync 1 DAGs
[2026-10-02T14:34:08.115+0000] {logging_mixin.py:190} INFO - [2026-10-02T14:34:08.115+0000] {dag.py:4180} INFO - Setting next_dagrun for water_quality_training_pipeline to None, run_after=None
[2026-10-02T14:34:08.142+0000] {processor.py:208} INFO - Processing /opt/airflow/dags/water_quality_pipeline_dag.py took 0.116 seconds
[2026-10-02T14:34:38.307+0000] {processor.py:186} INFO - Started process (PID=12350) to work on /opt/airflow/dags/water_quality_pipeline_dag.py
[2026-10-02T14:34:38.308+0000] {processor.py:914} INFO - Processing file /opt/airflow/dags/water_quality_pipeline_dag.py for tasks to queue
[2026-10-02T14:34:38.313+0000] {logging_mixin.py:190} INFO - [2026-10-02T14:34:38.312+0000] {dagbag.py:588} INFO - Filling up the DagBag from /opt/airflow/dags/water_quality_pipeline_dag.py
[2026-10-02T14:34:38.325+0000] {processor.py:925} INFO - DAG(s) 'water_quality_training_pipeline' retrieved from /opt/airflow/dags/water_quality_pipeline_dag.py
[2026-10-02T14:34:38.378+0000] {logging_mixin.py:190} INFO - [2026-10-02T14:34:38.377+0000] {dag.py:3239} INFO - Sync 1 DAGs
[2026-10-02T14:34:38.401+0000] {logging_mixin.py:190} INFO - [2026-10-02T14:34:38.401+0000] {dag.py:4180} INFO - Setting next_dagrun for water_quality_training_pipeline to None, run_after=None
[2026-10-02T14:34:38.433+0000] {processor.py:208} INFO - Processing /opt/airflow/dags/water_quality_pipeline_dag.py took 0.139 seconds
[2026-10-02T14:35:08.657+0000] {processor.py:186} INFO - Started process (PID=12379) to work on /opt/airflow/dags/water_quality_pipeline_dag.py
[2026-10-02T14:35:08.660+0000] {processor.py:914} INFO - Processing file /opt/airflow/dags/water_quality_pipeline_dag.py for tasks to queue
[2026-10-02T14:35:08.663+0000] {logging_mixin.py:190} INFO - [2026-10-02T14:35:08.663+0000] {dagbag.py:588} INFO - Filling up the DagBag from /opt/airflow/dags/water_quality_pipeline_dag.py
[2026-10-02T14:35:08.675+0000] {processor.py:925} INFO - DAG(s) 'water_quality_training_pipeline' retrieved from /opt/airflow/dags/water_quality_pipeline_dag.py
[2026-10-02T14:35:08.716+0000] {logging_mixin.py:190} INFO - [2026-10-02T14:35:08.716+0000] {dag.py:3239} INFO - Sync 1 DAGs
[2026-10-02T14:35:08.735+0000] {logging_mixin.py:190} INFO - [2026-10-02T14:35:08.734+0000] {dag.py:4180} INFO - Setting next_dagrun for water_quality_training_pipeline to None, run_after=None
[2026-10-02T14:35:08.759+0000] {processor.py:208} INFO - Processing /opt/airflow/dags/water_quality_pipeline_dag.py took 0.114 seconds
[2026-10-02T14:35:38.952+0000] {processor.py:186} INFO - Started process (PID=12400) to work on /opt/airflow/dags/water_quality_pipeline_dag.py
[2026-10-02T14:35:38.952+0000] {processor.py:914} INFO - Processing file /opt/airflow/dags/water_quality_pipeline_dag.py for tasks to queue
[2026-10-02T14:35:38.955+0000] {logging_mixin.py:190} INFO - [2026-10-02T14:35:38.954+0000] {dagbag.py:588} INFO - Filling up the DagBag from /opt/airflow/dags/water_quality_pipeline_dag.py
[2026-10-02T14:35:38.968+0000] {processor.py:925} INFO - DAG(s) 'water_quality_training_pipeline' retrieved from /opt/airflow/dags/water_quality_pipeline_dag.py
[2026-10-02T14:35:39.010+0000] {logging_mixin.py:190} INFO - [2026-10-02T14:35:39.010+0000] {dag.py:3239} INFO - Sync 1 DAGs
[2026-10-02T14:35:39.030+0000] {logging_mixin.py:190} INFO - [2026-10-02T14:35:39.029+0000] {dag.py:4180} INFO - Setting next_dagrun for water_quality_training_pipeline to None, run_after=None
[2026-10-02T14:35:39.050+0000] {processor.py:208} INFO - Processing /opt/airflow/dags/water_quality_pipeline_dag.py took 0.109 seconds
[2026-10-02T14:36:09.264+0000] {processor.py:186} INFO - Started process (PID=12428) to work on /opt/airflow/dags/water_quality_pipeline_dag.py
[2026-10-02T14:36:09.267+0000] {processor.py:914} INFO - Processing file /opt/airflow/dags/water_quality_pipeline_dag.py for tasks to queue
[2026-10-02T14:36:09.269+0000] {logging_mixin.py:190} INFO - [2026-10-02T14:36:09.269+0000] {dagbag.py:588} INFO - Filling up the DagBag from /opt/airflow/dags/water_quality_pipeline_dag.py
[2026-10-02T14:36:09.281+0000] {processor.py:925} INFO - DAG(s) 'water_quality_training_pipeline' retrieved from /opt/airflow/dags/water_quality_pipeline_dag.py
[2026-10-02T14:36:09.318+0000] {logging_mixin.py:190} INFO - [2026-10-02T14:36:09.318+0000] {dag.py:3239} INFO - Sync 1 DAGs
[2026-10-02T14:36:09.339+0000] {logging_mixin.py:190} INFO - [2026-10-02T14:36:09.339+0000] {dag.py:4180} INFO - Setting next_dagrun for water_quality_training_pipeline to None, run_after=None
[2026-10-02T14:36:09.363+0000] {processor.py:208} INFO - Processing /opt/airflow/dags/water_quality_pipeline_dag.py took 0.109 seconds
[2026-10-02T14:36:39.552+0000] {processor.py:186} INFO - Started process (PID=12450) to work on /opt/airflow/dags/water_quality_pipeline_dag.py
[2026-10-02T14:36:39.553+0000] {processor.py:914} INFO - Processing file /opt/airflow/dags/water_quality_pipeline_dag.py for tasks to queue
[2026-10-02T14:36:39.556+0000] {logging_mixin.py:190} INFO - [2026-10-02T14:36:39.555+0000] {dagbag.py:588} INFO - Filling up the DagBag from /opt/airflow/dags/water_quality_pipeline_dag.py
[2026-10-02T14:36:39.568+0000] {processor.py:925} INFO - DAG(s) 'water_quality_training_pipeline' retrieved from /opt/airflow/dags/water_quality_pipeline_dag.py
[2026-10-02T14:36:39.616+0000] {logging_mixin.py:190} INFO - [2026-10-02T14:36:39.615+0000] {dag.py:3239} INFO - Sync 1 DAGs
[2026-10-02T14:36:39.650+0000] {logging_mixin.py:190} INFO - [2026-10-02T14:36:39.649+0000] {dag.py:4180} INFO - Setting next_dagrun for water_quality_training_pipeline to None, run_after=None
[2026-10-02T14:36:39.666+0000] {processor.py:208} INFO - Processing /opt/airflow/dags/water_quality_pipeline_dag.py took 0.124 seconds
[2026-10-02T14:37:09.877+0000] {processor.py:186} INFO - Started process (PID=12471) to work on /opt/airflow/dags/water_quality_pipeline_dag.py
[2026-10-02T14:37:09.879+0000] {processor.py:914} INFO - Processing file /opt/airflow/dags/water_quality_pipeline_dag.py for tasks to queue
[2026-10-02T14:37:09.881+0000] {logging_mixin.py:190} INFO - [2026-10-02T14:37:09.881+0000] {dagbag.py:588} INFO - Filling up the DagBag from /opt/airflow/dags/water_quality_pipeline_dag.py
[2026-10-02T14:37:09.888+0000] {processor.py:925} INFO - DAG(s) 'water_quality_training_pipeline' retrieved from /opt/airflow/dags/water_quality_pipeline_dag.py
[2026-10-02T14:37:09.924+0000] {logging_mixin.py:190} INFO - [2026-10-02T14:37:09.923+0000] {dag.py:3239} INFO - Sync 1 DAGs
[2026-10-02T14:37:09.944+0000] {logging_mixin.py:190} INFO - [2026-10-02T14:37:09.943+0000] {dag.py:4180} INFO - Setting next_dagrun for water_quality_training_pipeline to None, run_after=None
[2026-10-02T14:37:09.966+0000] {processor.py:208} INFO - Processing /opt/airflow/dags/water_quality_pipeline_dag.py took 0.098 seconds
[2026-10-02T14:37:40.183+0000] {processor.py:186} INFO - Started process (PID=12500) to work on /opt/airflow/dags/water_quality_pipeline_dag.py
[2026-10-02T14:37:40.184+0000] {processor.py:914} INFO - Processing file /opt/airflow/dags/water_quality_pipeline_dag.py for tasks to queue
[2026-10-02T14:37:40.186+0000] {logging_mixin.py:190} INFO - [2026-10-02T14:37:40.186+0000] {dagbag.py:588} INFO - Filling up the DagBag from /opt/airflow/dags/water_quality_pipeline_dag.py
[2026-10-02T14:37:40.198+0000] {processor.py:925} INFO - DAG(s) 'water_quality_training_pipeline' retrieved from /opt/airflow/dags/water_quality_pipeline_dag.py
[2026-10-02T14:37:40.235+0000] {logging_mixin.py:190} INFO - [2026-10-02T14:37:40.235+0000] {dag.py:3239} INFO - Sync 1 DAGs
[2026-10-02T14:37:40.253+0000] {logging_mixin.py:190} INFO - [2026-10-02T14:37:40.253+0000] {dag.py:4180} INFO - Setting next_dagrun for water_quality_training_pipeline to None, run_after=None
[2026-10-02T14:37:40.274+0000] {processor.py:208} INFO - Processing /opt/airflow/dags/water_quality_pipeline_dag.py took 0.103 seconds
[2026-10-02T14:38:10.474+0000] {processor.py:186} INFO - Started process (PID=12521) to work on /opt/airflow/dags/water_quality_pipeline_dag.py
[2026-10-02T14:38:10.477+0000] {processor.py:914} INFO - Processing file /opt/airflow/dags/water_quality_pipeline_dag.py for tasks to queue
[2026-10-02T14:38:10.481+0000] {logging_mixin.py:190} INFO - [2026-10-02T14:38:10.480+0000] {dagbag.py:588} INFO - Filling up the DagBag from /opt/airflow/dags/water_quality_pipeline_dag.py
[2026-10-02T14:38:10.494+0000] {processor.py:925} INFO - DAG(s) 'water_quality_training_pipeline' retrieved from /opt/airflow/dags/water_quality_pipeline_dag.py
[2026-10-02T14:38:10.537+0000] {logging_mixin.py:190} INFO - [2026-10-02T14:38:10.537+0000] {dag.py:3239} INFO - Sync 1 DAGs
[2026-10-02T14:38:10.553+0000] {logging_mixin.py:190} INFO - [2026-10-02T14:38:10.553+0000] {dag.py:4180} INFO - Setting next_dagrun for water_quality_training_pipeline to None, run_after=None
[2026-10-02T14:38:10.574+0000] {processor.py:208} INFO - Processing /opt/airflow/dags/water_quality_pipeline_dag.py took 0.108 seconds
[2026-10-02T14:38:40.814+0000] {processor.py:186} INFO - Started process (PID=12542) to work on /opt/airflow/dags/water_quality_pipeline_dag.py
[2026-10-02T14:38:40.815+0000] {processor.py:914} INFO - Processing file /opt/airflow/dags/water_quality_pipeline_dag.py for tasks to queue
[2026-10-02T14:38:40.819+0000] {logging_mixin.py:190} INFO - [2026-10-02T14:38:40.818+0000] {dagbag.py:588} INFO - Filling up the DagBag from /opt/airflow/dags/water_quality_pipeline_dag.py
[2026-10-02T14:38:40.831+0000] {processor.py:925} INFO - DAG(s) 'water_quality_training_pipeline' retrieved from /opt/airflow/dags/water_quality_pipeline_dag.py
[2026-10-02T14:38:40.871+0000] {logging_mixin.py:190} INFO - [2026-10-02T14:38:40.870+0000] {dag.py:3239} INFO - Sync 1 DAGs
[2026-10-02T14:38:40.890+0000] {logging_mixin.py:190} INFO - [2026-10-02T14:38:40.890+0000] {dag.py:4180} INFO - Setting next_dagrun for water_quality_training_pipeline to None, run_after=None
[2026-10-02T14:38:40.917+0000] {processor.py:208} INFO - Processing /opt/airflow/dags/water_quality_pipeline_dag.py took 0.116 seconds
[2026-10-02T14:39:11.102+0000] {processor.py:186} INFO - Started process (PID=12571) to work on /opt/airflow/dags/water_quality_pipeline_dag.py
[2026-10-02T14:39:11.104+0000] {processor.py:914} INFO - Processing file /opt/airflow/dags/water_quality_pipeline_dag.py for tasks to queue
[2026-10-02T14:39:11.108+0000] {logging_mixin.py:190} INFO - [2026-10-02T14:39:11.107+0000] {dagbag.py:588} INFO - Filling up the DagBag from /opt/airflow/dags/water_quality_pipeline_dag.py
[2026-10-02T14:39:11.120+0000] {processor.py:925} INFO - DAG(s) 'water_quality_training_pipeline' retrieved from /opt/airflow/dags/water_quality_pipeline_dag.py
[2026-10-02T14:39:11.158+0000] {logging_mixin.py:190} INFO - [2026-10-02T14:39:11.157+0000] {dag.py:3239} INFO - Sync 1 DAGs
[2026-10-02T14:39:11.176+0000] {logging_mixin.py:190} INFO - [2026-10-02T14:39:11.176+0000] {dag.py:4180} INFO - Setting next_dagrun for water_quality_training_pipeline to None, run_after=None
[2026-10-02T14:39:11.204+0000] {processor.py:208} INFO - Processing /opt/airflow/dags/water_quality_pipeline_dag.py took 0.111 seconds
[2026-10-02T14:39:41.448+0000] {processor.py:186} INFO - Started process (PID=12592) to work on /opt/airflow/dags/water_quality_pipeline_dag.py
[2026-10-02T14:39:41.449+0000] {processor.py:914} INFO - Processing file /opt/airflow/dags/water_quality_pipeline_dag.py for tasks to queue
[2026-10-02T14:39:41.452+0000] {logging_mixin.py:190} INFO - [2026-10-02T14:39:41.451+0000] {dagbag.py:588} INFO - Filling up the DagBag from /opt/airflow/dags/water_quality_pipeline_dag.py
[2026-10-02T14:39:41.464+0000] {processor.py:925} INFO - DAG(s) 'water_quality_training_pipeline' retrieved from /opt/airflow/dags/water_quality_pipeline_dag.py
[2026-10-02T14:39:41.502+0000] {logging_mixin.py:190} INFO - [2026-10-02T14:39:41.501+0000] {dag.py:3239} INFO - Sync 1 DAGs
[2026-10-02T14:39:41.521+0000] {logging_mixin.py:190} INFO - [2026-10-02T14:39:41.521+0000] {dag.py:4180} INFO - Setting next_dagrun for water_quality_training_pipeline to None, run_after=None
[2026-10-02T14:39:41.542+0000] {processor.py:208} INFO - Processing /opt/airflow/dags/water_quality_pipeline_dag.py took 0.107 seconds
[2026-10-02T14:40:11.731+0000] {processor.py:186} INFO - Started process (PID=12620) to work on /opt/airflow/dags/water_quality_pipeline_dag.py
[2026-10-02T14:40:11.734+0000] {processor.py:914} INFO - Processing file /opt/airflow/dags/water_quality_pipeline_dag.py for tasks to queue
[2026-10-02T14:40:11.736+0000] {logging_mixin.py:190} INFO - [2026-10-02T14:40:11.736+0000] {dagbag.py:588} INFO - Filling up the DagBag from /opt/airflow/dags/water_quality_pipeline_dag.py
[2026-10-02T14:40:11.749+0000] {processor.py:925} INFO - DAG(s) 'water_quality_training_pipeline' retrieved from /opt/airflow/dags/water_quality_pipeline_dag.py
[2026-10-02T14:40:11.789+0000] {logging_mixin.py:190} INFO - [2026-10-02T14:40:11.789+0000] {dag.py:3239} INFO - Sync 1 DAGs
[2026-10-02T14:40:11.808+0000] {logging_mixin.py:190} INFO - [2026-10-02T14:40:11.808+0000] {dag.py:4180} INFO - Setting next_dagrun for water_quality_training_pipeline to None, run_after=None
[2026-10-02T14:40:11.832+0000] {processor.py:208} INFO - Processing /opt/airflow/dags/water_quality_pipeline_dag.py took 0.114 seconds
[2026-10-02T14:40:42.053+0000] {processor.py:186} INFO - Started process (PID=12642) to work on /opt/airflow/dags/water_quality_pipeline_dag.py
[2026-10-02T14:40:42.054+0000] {processor.py:914} INFO - Processing file /opt/airflow/dags/water_quality_pipeline_dag.py for tasks to queue
[2026-10-02T14:40:42.057+0000] {logging_mixin.py:190} INFO - [2026-10-02T14:40:42.057+0000] {dagbag.py:588} INFO - Filling up the DagBag from /opt/airflow/dags/water_quality_pipeline_dag.py
[2026-10-02T14:40:42.070+0000] {processor.py:925} INFO - DAG(s) 'water_quality_training_pipeline' retrieved from /opt/airflow/dags/water_quality_pipeline_dag.py
[2026-10-02T14:40:42.111+0000] {logging_mixin.py:190} INFO - [2026-10-02T14:40:42.111+0000] {dag.py:3239} INFO - Sync 1 DAGs
[2026-10-02T14:40:42.130+0000] {logging_mixin.py:190} INFO - [2026-10-02T14:40:42.129+0000] {dag.py:4180} INFO - Setting next_dagrun for water_quality_training_pipeline to None, run_after=None
[2026-10-02T14:40:42.153+0000] {processor.py:208} INFO - Processing /opt/airflow/dags/water_quality_pipeline_dag.py took 0.110 seconds
[2026-10-02T14:41:12.329+0000] {processor.py:186} INFO - Started process (PID=12662) to work on /opt/airflow/dags/water_quality_pipeline_dag.py
[2026-10-02T14:41:12.331+0000] {processor.py:914} INFO - Processing file /opt/airflow/dags/water_quality_pipeline_dag.py for tasks to queue
[2026-10-02T14:41:12.334+0000] {logging_mixin.py:190} INFO - [2026-10-02T14:41:12.334+0000] {dagbag.py:588} INFO - Filling up the DagBag from /opt/airflow/dags/water_quality_pipeline_dag.py
[2026-10-02T14:41:12.347+0000] {processor.py:925} INFO - DAG(s) 'water_quality_training_pipeline' retrieved from /opt/airflow/dags/water_quality_pipeline_dag.py
[2026-10-02T14:41:12.389+0000] {logging_mixin.py:190} INFO - [2026-10-02T14:41:12.388+0000] {dag.py:3239} INFO - Sync 1 DAGs
[2026-10-02T14:41:12.407+0000] {logging_mixin.py:190} INFO - [2026-10-02T14:41:12.407+0000] {dag.py:4180} INFO - Setting next_dagrun for water_quality_training_pipeline to None, run_after=None
[2026-10-02T14:41:12.430+0000] {processor.py:208} INFO - Processing /opt/airflow/dags/water_quality_pipeline_dag.py took 0.110 seconds
[2026-10-02T14:41:42.678+0000] {processor.py:186} INFO - Started process (PID=12691) to work on /opt/airflow/dags/water_quality_pipeline_dag.py
[2026-10-02T14:41:42.679+0000] {processor.py:914} INFO - Processing file /opt/airflow/dags/water_quality_pipeline_dag.py for tasks to queue
[2026-10-02T14:41:42.682+0000] {logging_mixin.py:190} INFO - [2026-10-02T14:41:42.681+0000] {dagbag.py:588} INFO - Filling up the DagBag from /opt/airflow/dags/water_quality_pipeline_dag.py
[2026-10-02T14:41:42.694+0000] {processor.py:925} INFO - DAG(s) 'water_quality_training_pipeline' retrieved from /opt/airflow/dags/water_quality_pipeline_dag.py
[2026-10-02T14:41:42.736+0000] {logging_mixin.py:190} INFO - [2026-10-02T14:41:42.736+0000] {dag.py:3239} INFO - Sync 1 DAGs
[2026-10-02T14:41:42.757+0000] {logging_mixin.py:190} INFO - [2026-10-02T14:41:42.757+0000] {dag.py:4180} INFO - Setting next_dagrun for water_quality_training_pipeline to None, run_after=None
[2026-10-02T14:41:42.781+0000] {processor.py:208} INFO - Processing /opt/airflow/dags/water_quality_pipeline_dag.py took 0.114 seconds
[2026-10-02T14:42:12.942+0000] {processor.py:186} INFO - Started process (PID=12712) to work on /opt/airflow/dags/water_quality_pipeline_dag.py
[2026-10-02T14:42:12.945+0000] {processor.py:914} INFO - Processing file /opt/airflow/dags/water_quality_pipeline_dag.py for tasks to queue
[2026-10-02T14:42:12.948+0000] {logging_mixin.py:190} INFO - [2026-10-02T14:42:12.948+0000] {dagbag.py:588} INFO - Filling up the DagBag from /opt/airflow/dags/water_quality_pipeline_dag.py
[2026-10-02T14:42:12.962+0000] {processor.py:925} INFO - DAG(s) 'water_quality_training_pipeline' retrieved from /opt/airflow/dags/water_quality_pipeline_dag.py
[2026-10-02T14:42:12.997+0000] {logging_mixin.py:190} INFO - [2026-10-02T14:42:12.996+0000] {dag.py:3239} INFO - Sync 1 DAGs
[2026-10-02T14:42:13.015+0000] {logging_mixin.py:190} INFO - [2026-10-02T14:42:13.014+0000] {dag.py:4180} INFO - Setting next_dagrun for water_quality_training_pipeline to None, run_after=None
[2026-10-02T14:42:13.041+0000] {processor.py:208} INFO - Processing /opt/airflow/dags/water_quality_pipeline_dag.py took 0.111 seconds
[2026-10-02T14:42:43.304+0000] {processor.py:186} INFO - Started process (PID=12741) to work on /opt/airflow/dags/water_quality_pipeline_dag.py
[2026-10-02T14:42:43.305+0000] {processor.py:914} INFO - Processing file /opt/airflow/dags/water_quality_pipeline_dag.py for tasks to queue
[2026-10-02T14:42:43.308+0000] {logging_mixin.py:190} INFO - [2026-10-02T14:42:43.308+0000] {dagbag.py:588} INFO - Filling up the DagBag from /opt/airflow/dags/water_quality_pipeline_dag.py
[2026-10-02T14:42:43.322+0000] {processor.py:925} INFO - DAG(s) 'water_quality_training_pipeline' retrieved from /opt/airflow/dags/water_quality_pipeline_dag.py
[2026-10-02T14:42:43.359+0000] {logging_mixin.py:190} INFO - [2026-10-02T14:42:43.359+0000] {dag.py:3239} INFO - Sync 1 DAGs
[2026-10-02T14:42:43.378+0000] {logging_mixin.py:190} INFO - [2026-10-02T14:42:43.378+0000] {dag.py:4180} INFO - Setting next_dagrun for water_quality_training_pipeline to None, run_after=None
[2026-10-02T14:42:43.399+0000] {processor.py:208} INFO - Processing /opt/airflow/dags/water_quality_pipeline_dag.py took 0.105 seconds
[2026-10-02T14:43:13.561+0000] {processor.py:186} INFO - Started process (PID=12763) to work on /opt/airflow/dags/water_quality_pipeline_dag.py
[2026-10-02T14:43:13.562+0000] {processor.py:914} INFO - Processing file /opt/airflow/dags/water_quality_pipeline_dag.py for tasks to queue
[2026-10-02T14:43:13.565+0000] {logging_mixin.py:190} INFO - [2026-10-02T14:43:13.565+0000] {dagbag.py:588} INFO - Filling up the DagBag from /opt/airflow/dags/water_quality_pipeline_dag.py
[2026-10-02T14:43:13.578+0000] {processor.py:925} INFO - DAG(s) 'water_quality_training_pipeline' retrieved from /opt/airflow/dags/water_quality_pipeline_dag.py
[2026-10-02T14:43:13.621+0000] {logging_mixin.py:190} INFO - [2026-10-02T14:43:13.621+0000] {dag.py:3239} INFO - Sync 1 DAGs
[2026-10-02T14:43:13.640+0000] {logging_mixin.py:190} INFO - [2026-10-02T14:43:13.640+0000] {dag.py:4180} INFO - Setting next_dagrun for water_quality_training_pipeline to None, run_after=None
[2026-10-02T14:43:13.664+0000] {processor.py:208} INFO - Processing /opt/airflow/dags/water_quality_pipeline_dag.py took 0.112 seconds
[2026-10-02T14:43:43.936+0000] {processor.py:186} INFO - Started process (PID=12785) to work on /opt/airflow/dags/water_quality_pipeline_dag.py
[2026-10-02T14:43:43.937+0000] {processor.py:914} INFO - Processing file /opt/airflow/dags/water_quality_pipeline_dag.py for tasks to queue
[2026-10-02T14:43:43.941+0000] {logging_mixin.py:190} INFO - [2026-10-02T14:43:43.940+0000] {dagbag.py:588} INFO - Filling up the DagBag from /opt/airflow/dags/water_quality_pipeline_dag.py
[2026-10-02T14:43:43.953+0000] {processor.py:925} INFO - DAG(s) 'water_quality_training_pipeline' retrieved from /opt/airflow/dags/water_quality_pipeline_dag.py
[2026-10-02T14:43:43.991+0000] {logging_mixin.py:190} INFO - [2026-10-02T14:43:43.990+0000] {dag.py:3239} INFO - Sync 1 DAGs
[2026-10-02T14:43:44.004+0000] {logging_mixin.py:190} INFO - [2026-10-02T14:43:44.004+0000] {dag.py:4180} INFO - Setting next_dagrun for water_quality_training_pipeline to None, run_after=None
[2026-10-02T14:43:44.023+0000] {processor.py:208} INFO - Processing /opt/airflow/dags/water_quality_pipeline_dag.py took 0.097 seconds
[2026-10-02T14:44:14.179+0000] {processor.py:186} INFO - Started process (PID=12814) to work on /opt/airflow/dags/water_quality_pipeline_dag.py
[2026-10-02T14:44:14.182+0000] {processor.py:914} INFO - Processing file /opt/airflow/dags/water_quality_pipeline_dag.py for tasks to queue
[2026-10-02T14:44:14.185+0000] {logging_mixin.py:190} INFO - [2026-10-02T14:44:14.185+0000] {dagbag.py:588} INFO - Filling up the DagBag from /opt/airflow/dags/water_quality_pipeline_dag.py
[2026-10-02T14:44:14.197+0000] {processor.py:925} INFO - DAG(s) 'water_quality_training_pipeline' retrieved from /opt/airflow/dags/water_quality_pipeline_dag.py
[2026-10-02T14:44:14.234+0000] {logging_mixin.py:190} INFO - [2026-10-02T14:44:14.234+0000] {dag.py:3239} INFO - Sync 1 DAGs
[2026-10-02T14:44:14.256+0000] {logging_mixin.py:190} INFO - [2026-10-02T14:44:14.256+0000] {dag.py:4180} INFO - Setting next_dagrun for water_quality_training_pipeline to None, run_after=None
[2026-10-02T14:44:14.279+0000] {processor.py:208} INFO - Processing /opt/airflow/dags/water_quality_pipeline_dag.py took 0.111 seconds
[2026-10-02T14:44:44.565+0000] {processor.py:186} INFO - Started process (PID=12835) to work on /opt/airflow/dags/water_quality_pipeline_dag.py
[2026-10-02T14:44:44.566+0000] {processor.py:914} INFO - Processing file /opt/airflow/dags/water_quality_pipeline_dag.py for tasks to queue
[2026-10-02T14:44:44.569+0000] {logging_mixin.py:190} INFO - [2026-10-02T14:44:44.569+0000] {dagbag.py:588} INFO - Filling up the DagBag from /opt/airflow/dags/water_quality_pipeline_dag.py
[2026-10-02T14:44:44.583+0000] {processor.py:925} INFO - DAG(s) 'water_quality_training_pipeline' retrieved from /opt/airflow/dags/water_quality_pipeline_dag.py
[2026-10-02T14:44:44.621+0000] {logging_mixin.py:190} INFO - [2026-10-02T14:44:44.620+0000] {dag.py:3239} INFO - Sync 1 DAGs
[2026-10-02T14:44:44.638+0000] {logging_mixin.py:190} INFO - [2026-10-02T14:44:44.638+0000] {dag.py:4180} INFO - Setting next_dagrun for water_quality_training_pipeline to None, run_after=None
[2026-10-02T14:44:44.661+0000] {processor.py:208} INFO - Processing /opt/airflow/dags/water_quality_pipeline_dag.py took 0.108 seconds
[2026-10-02T14:45:14.836+0000] {processor.py:186} INFO - Started process (PID=12863) to work on /opt/airflow/dags/water_quality_pipeline_dag.py
[2026-10-02T14:45:14.838+0000] {processor.py:914} INFO - Processing file /opt/airflow/dags/water_quality_pipeline_dag.py for tasks to queue
[2026-10-02T14:45:14.841+0000] {logging_mixin.py:190} INFO - [2026-10-02T14:45:14.841+0000] {dagbag.py:588} INFO - Filling up the DagBag from /opt/airflow/dags/water_quality_pipeline_dag.py
[2026-10-02T14:45:14.856+0000] {processor.py:925} INFO - DAG(s) 'water_quality_training_pipeline' retrieved from /opt/airflow/dags/water_quality_pipeline_dag.py
[2026-10-02T14:45:14.907+0000] {logging_mixin.py:190} INFO - [2026-10-02T14:45:14.906+0000] {dag.py:3239} INFO - Sync 1 DAGs
[2026-10-02T14:45:14.931+0000] {logging_mixin.py:190} INFO - [2026-10-02T14:45:14.931+0000] {dag.py:4180} INFO - Setting next_dagrun for water_quality_training_pipeline to None, run_after=None
[2026-10-02T14:45:14.964+0000] {processor.py:208} INFO - Processing /opt/airflow/dags/water_quality_pipeline_dag.py took 0.137 seconds
[2026-10-02T14:45:45.171+0000] {processor.py:186} INFO - Started process (PID=12885) to work on /opt/airflow/dags/water_quality_pipeline_dag.py
[2026-10-02T14:45:45.172+0000] {processor.py:914} INFO - Processing file /opt/airflow/dags/water_quality_pipeline_dag.py for tasks to queue
[2026-10-02T14:45:45.175+0000] {logging_mixin.py:190} INFO - [2026-10-02T14:45:45.175+0000] {dagbag.py:588} INFO - Filling up the DagBag from /opt/airflow/dags/water_quality_pipeline_dag.py
[2026-10-02T14:45:45.186+0000] {processor.py:925} INFO - DAG(s) 'water_quality_training_pipeline' retrieved from /opt/airflow/dags/water_quality_pipeline_dag.py
[2026-10-02T14:45:45.225+0000] {logging_mixin.py:190} INFO - [2026-10-02T14:45:45.224+0000] {dag.py:3239} INFO - Sync 1 DAGs
[2026-10-02T14:45:45.244+0000] {logging_mixin.py:190} INFO - [2026-10-02T14:45:45.244+0000] {dag.py:4180} INFO - Setting next_dagrun for water_quality_training_pipeline to None, run_after=None
[2026-10-02T14:45:45.267+0000] {processor.py:208} INFO - Processing /opt/airflow/dags/water_quality_pipeline_dag.py took 0.109 seconds
[2026-10-02T14:46:15.483+0000] {processor.py:186} INFO - Started process (PID=12907) to work on /opt/airflow/dags/water_quality_pipeline_dag.py
[2026-10-02T14:46:15.485+0000] {processor.py:914} INFO - Processing file /opt/airflow/dags/water_quality_pipeline_dag.py for tasks to queue
[2026-10-02T14:46:15.488+0000] {logging_mixin.py:190} INFO - [2026-10-02T14:46:15.488+0000] {dagbag.py:588} INFO - Filling up the DagBag from /opt/airflow/dags/water_quality_pipeline_dag.py
[2026-10-02T14:46:15.501+0000] {processor.py:925} INFO - DAG(s) 'water_quality_training_pipeline' retrieved from /opt/airflow/dags/water_quality_pipeline_dag.py
[2026-10-02T14:46:15.547+0000] {logging_mixin.py:190} INFO - [2026-10-02T14:46:15.547+0000] {dag.py:3239} INFO - Sync 1 DAGs
[2026-10-02T14:46:15.568+0000] {logging_mixin.py:190} INFO - [2026-10-02T14:46:15.567+0000] {dag.py:4180} INFO - Setting next_dagrun for water_quality_training_pipeline to None, run_after=None
[2026-10-02T14:46:15.592+0000] {processor.py:208} INFO - Processing /opt/airflow/dags/water_quality_pipeline_dag.py took 0.119 seconds
[2026-10-02T14:46:45.780+0000] {processor.py:186} INFO - Started process (PID=12937) to work on /opt/airflow/dags/water_quality_pipeline_dag.py
[2026-10-02T14:46:45.781+0000] {processor.py:914} INFO - Processing file /opt/airflow/dags/water_quality_pipeline_dag.py for tasks to queue
[2026-10-02T14:46:45.784+0000] {logging_mixin.py:190} INFO - [2026-10-02T14:46:45.784+0000] {dagbag.py:588} INFO - Filling up the DagBag from /opt/airflow/dags/water_quality_pipeline_dag.py
[2026-10-02T14:46:45.797+0000] {processor.py:925} INFO - DAG(s) 'water_quality_training_pipeline' retrieved from /opt/airflow/dags/water_quality_pipeline_dag.py
[2026-10-02T14:46:45.838+0000] {logging_mixin.py:190} INFO - [2026-10-02T14:46:45.837+0000] {dag.py:3239} INFO - Sync 1 DAGs
[2026-10-02T14:46:45.856+0000] {logging_mixin.py:190} INFO - [2026-10-02T14:46:45.856+0000] {dag.py:4180} INFO - Setting next_dagrun for water_quality_training_pipeline to None, run_after=None
[2026-10-02T14:46:45.878+0000] {processor.py:208} INFO - Processing /opt/airflow/dags/water_quality_pipeline_dag.py took 0.109 seconds
[2026-10-02T15:00:08.425+0000] {processor.py:186} INFO - Started process (PID=12950) to work on /opt/airflow/dags/water_quality_pipeline_dag.py
[2026-10-02T15:00:08.426+0000] {processor.py:914} INFO - Processing file /opt/airflow/dags/water_quality_pipeline_dag.py for tasks to queue
[2026-10-02T15:00:08.429+0000] {logging_mixin.py:190} INFO - [2026-10-02T15:00:08.428+0000] {dagbag.py:588} INFO - Filling up the DagBag from /opt/airflow/dags/water_quality_pipeline_dag.py
[2026-10-02T15:00:08.440+0000] {processor.py:925} INFO - DAG(s) 'water_quality_training_pipeline' retrieved from /opt/airflow/dags/water_quality_pipeline_dag.py
[2026-10-02T15:00:08.473+0000] {logging_mixin.py:190} INFO - [2026-10-02T15:00:08.472+0000] {dag.py:3239} INFO - Sync 1 DAGs
[2026-10-02T15:00:08.492+0000] {logging_mixin.py:190} INFO - [2026-10-02T15:00:08.491+0000] {dag.py:4180} INFO - Setting next_dagrun for water_quality_training_pipeline to None, run_after=None
[2026-10-02T15:00:08.512+0000] {processor.py:208} INFO - Processing /opt/airflow/dags/water_quality_pipeline_dag.py took 0.095 seconds
[2026-10-02T15:00:38.703+0000] {processor.py:186} INFO - Started process (PID=12971) to work on /opt/airflow/dags/water_quality_pipeline_dag.py
[2026-10-02T15:00:38.705+0000] {processor.py:914} INFO - Processing file /opt/airflow/dags/water_quality_pipeline_dag.py for tasks to queue
[2026-10-02T15:00:38.710+0000] {logging_mixin.py:190} INFO - [2026-10-02T15:00:38.709+0000] {dagbag.py:588} INFO - Filling up the DagBag from /opt/airflow/dags/water_quality_pipeline_dag.py
[2026-10-02T15:00:38.728+0000] {processor.py:925} INFO - DAG(s) 'water_quality_training_pipeline' retrieved from /opt/airflow/dags/water_quality_pipeline_dag.py
[2026-10-02T15:00:38.771+0000] {logging_mixin.py:190} INFO - [2026-10-02T15:00:38.771+0000] {dag.py:3239} INFO - Sync 1 DAGs
[2026-10-02T15:00:38.792+0000] {logging_mixin.py:190} INFO - [2026-10-02T15:00:38.792+0000] {dag.py:4180} INFO - Setting next_dagrun for water_quality_training_pipeline to None, run_after=None
[2026-10-02T15:00:38.812+0000] {processor.py:208} INFO - Processing /opt/airflow/dags/water_quality_pipeline_dag.py took 0.127 seconds
[2026-10-02T15:01:09.026+0000] {processor.py:186} INFO - Started process (PID=13000) to work on /opt/airflow/dags/water_quality_pipeline_dag.py
[2026-10-02T15:01:09.029+0000] {processor.py:914} INFO - Processing file /opt/airflow/dags/water_quality_pipeline_dag.py for tasks to queue
[2026-10-02T15:01:09.032+0000] {logging_mixin.py:190} INFO - [2026-10-02T15:01:09.032+0000] {dagbag.py:588} INFO - Filling up the DagBag from /opt/airflow/dags/water_quality_pipeline_dag.py
[2026-10-02T15:01:09.047+0000] {processor.py:925} INFO - DAG(s) 'water_quality_training_pipeline' retrieved from /opt/airflow/dags/water_quality_pipeline_dag.py
[2026-10-02T15:01:09.094+0000] {logging_mixin.py:190} INFO - [2026-10-02T15:01:09.093+0000] {dag.py:3239} INFO - Sync 1 DAGs
[2026-10-02T15:01:09.112+0000] {logging_mixin.py:190} INFO - [2026-10-02T15:01:09.112+0000] {dag.py:4180} INFO - Setting next_dagrun for water_quality_training_pipeline to None, run_after=None
[2026-10-02T15:01:09.133+0000] {processor.py:208} INFO - Processing /opt/airflow/dags/water_quality_pipeline_dag.py took 0.116 seconds
[2026-10-02T15:01:39.326+0000] {processor.py:186} INFO - Started process (PID=13021) to work on /opt/airflow/dags/water_quality_pipeline_dag.py
[2026-10-02T15:01:39.329+0000] {processor.py:914} INFO - Processing file /opt/airflow/dags/water_quality_pipeline_dag.py for tasks to queue
[2026-10-02T15:01:39.332+0000] {logging_mixin.py:190} INFO - [2026-10-02T15:01:39.331+0000] {dagbag.py:588} INFO - Filling up the DagBag from /opt/airflow/dags/water_quality_pipeline_dag.py
[2026-10-02T15:01:39.346+0000] {processor.py:925} INFO - DAG(s) 'water_quality_training_pipeline' retrieved from /opt/airflow/dags/water_quality_pipeline_dag.py
[2026-10-02T15:01:39.394+0000] {logging_mixin.py:190} INFO - [2026-10-02T15:01:39.394+0000] {dag.py:3239} INFO - Sync 1 DAGs
[2026-10-02T15:01:39.415+0000] {logging_mixin.py:190} INFO - [2026-10-02T15:01:39.415+0000] {dag.py:4180} INFO - Setting next_dagrun for water_quality_training_pipeline to None, run_after=None
[2026-10-02T15:01:39.439+0000] {processor.py:208} INFO - Processing /opt/airflow/dags/water_quality_pipeline_dag.py took 0.125 seconds
[2026-10-02T15:02:09.646+0000] {processor.py:186} INFO - Started process (PID=13048) to work on /opt/airflow/dags/water_quality_pipeline_dag.py
[2026-10-02T15:02:09.647+0000] {processor.py:914} INFO - Processing file /opt/airflow/dags/water_quality_pipeline_dag.py for tasks to queue
[2026-10-02T15:02:09.650+0000] {logging_mixin.py:190} INFO - [2026-10-02T15:02:09.650+0000] {dagbag.py:588} INFO - Filling up the DagBag from /opt/airflow/dags/water_quality_pipeline_dag.py
[2026-10-02T15:02:09.666+0000] {processor.py:925} INFO - DAG(s) 'water_quality_training_pipeline' retrieved from /opt/airflow/dags/water_quality_pipeline_dag.py
[2026-10-02T15:02:09.702+0000] {logging_mixin.py:190} INFO - [2026-10-02T15:02:09.702+0000] {dag.py:3239} INFO - Sync 1 DAGs
[2026-10-02T15:02:09.717+0000] {logging_mixin.py:190} INFO - [2026-10-02T15:02:09.716+0000] {dag.py:4180} INFO - Setting next_dagrun for water_quality_training_pipeline to None, run_after=None
[2026-10-02T15:02:09.729+0000] {processor.py:208} INFO - Processing /opt/airflow/dags/water_quality_pipeline_dag.py took 0.094 seconds
[2026-10-02T15:02:39.970+0000] {processor.py:186} INFO - Started process (PID=13070) to work on /opt/airflow/dags/water_quality_pipeline_dag.py
[2026-10-02T15:02:39.972+0000] {processor.py:914} INFO - Processing file /opt/airflow/dags/water_quality_pipeline_dag.py for tasks to queue
[2026-10-02T15:02:39.976+0000] {logging_mixin.py:190} INFO - [2026-10-02T15:02:39.975+0000] {dagbag.py:588} INFO - Filling up the DagBag from /opt/airflow/dags/water_quality_pipeline_dag.py
[2026-10-02T15:02:39.988+0000] {processor.py:925} INFO - DAG(s) 'water_quality_training_pipeline' retrieved from /opt/airflow/dags/water_quality_pipeline_dag.py
[2026-10-02T15:02:40.031+0000] {logging_mixin.py:190} INFO - [2026-10-02T15:02:40.030+0000] {dag.py:3239} INFO - Sync 1 DAGs
[2026-10-02T15:02:40.050+0000] {logging_mixin.py:190} INFO - [2026-10-02T15:02:40.050+0000] {dag.py:4180} INFO - Setting next_dagrun for water_quality_training_pipeline to None, run_after=None
[2026-10-02T15:02:40.071+0000] {processor.py:208} INFO - Processing /opt/airflow/dags/water_quality_pipeline_dag.py took 0.111 seconds
[2026-10-02T15:03:10.259+0000] {processor.py:186} INFO - Started process (PID=13091) to work on /opt/airflow/dags/water_quality_pipeline_dag.py
[2026-10-02T15:03:10.260+0000] {processor.py:914} INFO - Processing file /opt/airflow/dags/water_quality_pipeline_dag.py for tasks to queue
[2026-10-02T15:03:10.264+0000] {logging_mixin.py:190} INFO - [2026-10-02T15:03:10.263+0000] {dagbag.py:588} INFO - Filling up the DagBag from /opt/airflow/dags/water_quality_pipeline_dag.py
[2026-10-02T15:03:10.277+0000] {processor.py:925} INFO - DAG(s) 'water_quality_training_pipeline' retrieved from /opt/airflow/dags/water_quality_pipeline_dag.py
[2026-10-02T15:03:10.316+0000] {logging_mixin.py:190} INFO - [2026-10-02T15:03:10.315+0000] {dag.py:3239} INFO - Sync 1 DAGs
[2026-10-02T15:03:10.335+0000] {logging_mixin.py:190} INFO - [2026-10-02T15:03:10.335+0000] {dag.py:4180} INFO - Setting next_dagrun for water_quality_training_pipeline to None, run_after=None
[2026-10-02T15:03:10.361+0000] {processor.py:208} INFO - Processing /opt/airflow/dags/water_quality_pipeline_dag.py took 0.110 seconds
[2026-10-02T15:03:40.572+0000] {processor.py:186} INFO - Started process (PID=13120) to work on /opt/airflow/dags/water_quality_pipeline_dag.py
[2026-10-02T15:03:40.574+0000] {processor.py:914} INFO - Processing file /opt/airflow/dags/water_quality_pipeline_dag.py for tasks to queue
[2026-10-02T15:03:40.578+0000] {logging_mixin.py:190} INFO - [2026-10-02T15:03:40.577+0000] {dagbag.py:588} INFO - Filling up the DagBag from /opt/airflow/dags/water_quality_pipeline_dag.py
[2026-10-02T15:03:40.591+0000] {processor.py:925} INFO - DAG(s) 'water_quality_training_pipeline' retrieved from /opt/airflow/dags/water_quality_pipeline_dag.py
[2026-10-02T15:03:40.634+0000] {logging_mixin.py:190} INFO - [2026-10-02T15:03:40.634+0000] {dag.py:3239} INFO - Sync 1 DAGs
[2026-10-02T15:03:40.654+0000] {logging_mixin.py:190} INFO - [2026-10-02T15:03:40.654+0000] {dag.py:4180} INFO - Setting next_dagrun for water_quality_training_pipeline to None, run_after=None
[2026-10-02T15:03:40.682+0000] {processor.py:208} INFO - Processing /opt/airflow/dags/water_quality_pipeline_dag.py took 0.123 seconds
[2026-10-02T15:04:10.892+0000] {processor.py:186} INFO - Started process (PID=13140) to work on /opt/airflow/dags/water_quality_pipeline_dag.py
[2026-10-02T15:04:10.896+0000] {processor.py:914} INFO - Processing file /opt/airflow/dags/water_quality_pipeline_dag.py for tasks to queue
[2026-10-02T15:04:10.901+0000] {logging_mixin.py:190} INFO - [2026-10-02T15:04:10.900+0000] {dagbag.py:588} INFO - Filling up the DagBag from /opt/airflow/dags/water_quality_pipeline_dag.py
[2026-10-02T15:04:10.912+0000] {processor.py:925} INFO - DAG(s) 'water_quality_training_pipeline' retrieved from /opt/airflow/dags/water_quality_pipeline_dag.py
[2026-10-02T15:04:10.954+0000] {logging_mixin.py:190} INFO - [2026-10-02T15:04:10.954+0000] {dag.py:3239} INFO - Sync 1 DAGs
[2026-10-02T15:04:10.975+0000] {logging_mixin.py:190} INFO - [2026-10-02T15:04:10.975+0000] {dag.py:4180} INFO - Setting next_dagrun for water_quality_training_pipeline to None, run_after=None
[2026-10-02T15:04:10.998+0000] {processor.py:208} INFO - Processing /opt/airflow/dags/water_quality_pipeline_dag.py took 0.118 seconds
[2026-10-02T15:04:41.222+0000] {processor.py:186} INFO - Started process (PID=13161) to work on /opt/airflow/dags/water_quality_pipeline_dag.py
[2026-10-02T15:04:41.225+0000] {processor.py:914} INFO - Processing file /opt/airflow/dags/water_quality_pipeline_dag.py for tasks to queue
[2026-10-02T15:04:41.228+0000] {logging_mixin.py:190} INFO - [2026-10-02T15:04:41.228+0000] {dagbag.py:588} INFO - Filling up the DagBag from /opt/airflow/dags/water_quality_pipeline_dag.py
[2026-10-02T15:04:41.244+0000] {processor.py:925} INFO - DAG(s) 'water_quality_training_pipeline' retrieved from /opt/airflow/dags/water_quality_pipeline_dag.py
[2026-10-02T15:04:41.291+0000] {logging_mixin.py:190} INFO - [2026-10-02T15:04:41.291+0000] {dag.py:3239} INFO - Sync 1 DAGs
[2026-10-02T15:04:41.311+0000] {logging_mixin.py:190} INFO - [2026-10-02T15:04:41.311+0000] {dag.py:4180} INFO - Setting next_dagrun for water_quality_training_pipeline to None, run_after=None
[2026-10-02T15:04:41.338+0000] {processor.py:208} INFO - Processing /opt/airflow/dags/water_quality_pipeline_dag.py took 0.128 seconds
[2026-10-02T15:05:11.556+0000] {processor.py:186} INFO - Started process (PID=13189) to work on /opt/airflow/dags/water_quality_pipeline_dag.py
[2026-10-02T15:05:11.558+0000] {processor.py:914} INFO - Processing file /opt/airflow/dags/water_quality_pipeline_dag.py for tasks to queue
[2026-10-02T15:05:11.561+0000] {logging_mixin.py:190} INFO - [2026-10-02T15:05:11.561+0000] {dagbag.py:588} INFO - Filling up the DagBag from /opt/airflow/dags/water_quality_pipeline_dag.py
[2026-10-02T15:05:11.576+0000] {processor.py:925} INFO - DAG(s) 'water_quality_training_pipeline' retrieved from /opt/airflow/dags/water_quality_pipeline_dag.py
[2026-10-02T15:05:11.623+0000] {logging_mixin.py:190} INFO - [2026-10-02T15:05:11.622+0000] {dag.py:3239} INFO - Sync 1 DAGs
[2026-10-02T15:05:11.641+0000] {logging_mixin.py:190} INFO - [2026-10-02T15:05:11.641+0000] {dag.py:4180} INFO - Setting next_dagrun for water_quality_training_pipeline to None, run_after=None
[2026-10-02T15:05:11.661+0000] {processor.py:208} INFO - Processing /opt/airflow/dags/water_quality_pipeline_dag.py took 0.114 seconds
[2026-10-02T15:05:41.869+0000] {processor.py:186} INFO - Started process (PID=13211) to work on /opt/airflow/dags/water_quality_pipeline_dag.py
[2026-10-02T15:05:41.871+0000] {processor.py:914} INFO - Processing file /opt/airflow/dags/water_quality_pipeline_dag.py for tasks to queue
[2026-10-02T15:05:41.874+0000] {logging_mixin.py:190} INFO - [2026-10-02T15:05:41.874+0000] {dagbag.py:588} INFO - Filling up the DagBag from /opt/airflow/dags/water_quality_pipeline_dag.py
[2026-10-02T15:05:41.888+0000] {processor.py:925} INFO - DAG(s) 'water_quality_training_pipeline' retrieved from /opt/airflow/dags/water_quality_pipeline_dag.py
[2026-10-02T15:05:41.942+0000] {logging_mixin.py:190} INFO - [2026-10-02T15:05:41.942+0000] {dag.py:3239} INFO - Sync 1 DAGs
[2026-10-02T15:05:41.963+0000] {logging_mixin.py:190} INFO - [2026-10-02T15:05:41.963+0000] {dag.py:4180} INFO - Setting next_dagrun for water_quality_training_pipeline to None, run_after=None
[2026-10-02T15:05:41.989+0000] {processor.py:208} INFO - Processing /opt/airflow/dags/water_quality_pipeline_dag.py took 0.134 seconds
[2026-10-02T15:06:12.176+0000] {processor.py:186} INFO - Started process (PID=13239) to work on /opt/airflow/dags/water_quality_pipeline_dag.py
[2026-10-02T15:06:12.179+0000] {processor.py:914} INFO - Processing file /opt/airflow/dags/water_quality_pipeline_dag.py for tasks to queue
[2026-10-02T15:06:12.182+0000] {logging_mixin.py:190} INFO - [2026-10-02T15:06:12.182+0000] {dagbag.py:588} INFO - Filling up the DagBag from /opt/airflow/dags/water_quality_pipeline_dag.py
[2026-10-02T15:06:12.194+0000] {processor.py:925} INFO - DAG(s) 'water_quality_training_pipeline' retrieved from /opt/airflow/dags/water_quality_pipeline_dag.py
[2026-10-02T15:06:12.233+0000] {logging_mixin.py:190} INFO - [2026-10-02T15:06:12.233+0000] {dag.py:3239} INFO - Sync 1 DAGs
[2026-10-02T15:06:12.255+0000] {logging_mixin.py:190} INFO - [2026-10-02T15:06:12.255+0000] {dag.py:4180} INFO - Setting next_dagrun for water_quality_training_pipeline to None, run_after=None
[2026-10-02T15:06:12.276+0000] {processor.py:208} INFO - Processing /opt/airflow/dags/water_quality_pipeline_dag.py took 0.109 seconds
[2026-10-02T15:06:42.522+0000] {processor.py:186} INFO - Started process (PID=13261) to work on /opt/airflow/dags/water_quality_pipeline_dag.py
[2026-10-02T15:06:42.524+0000] {processor.py:914} INFO - Processing file /opt/airflow/dags/water_quality_pipeline_dag.py for tasks to queue
[2026-10-02T15:06:42.528+0000] {logging_mixin.py:190} INFO - [2026-10-02T15:06:42.527+0000] {dagbag.py:588} INFO - Filling up the DagBag from /opt/airflow/dags/water_quality_pipeline_dag.py
[2026-10-02T15:06:42.541+0000] {processor.py:925} INFO - DAG(s) 'water_quality_training_pipeline' retrieved from /opt/airflow/dags/water_quality_pipeline_dag.py
[2026-10-02T15:06:42.586+0000] {logging_mixin.py:190} INFO - [2026-10-02T15:06:42.586+0000] {dag.py:3239} INFO - Sync 1 DAGs
[2026-10-02T15:06:42.604+0000] {logging_mixin.py:190} INFO - [2026-10-02T15:06:42.603+0000] {dag.py:4180} INFO - Setting next_dagrun for water_quality_training_pipeline to None, run_after=None
[2026-10-02T15:06:42.623+0000] {processor.py:208} INFO - Processing /opt/airflow/dags/water_quality_pipeline_dag.py took 0.113 seconds
[2026-10-02T15:07:12.784+0000] {processor.py:186} INFO - Started process (PID=13282) to work on /opt/airflow/dags/water_quality_pipeline_dag.py
[2026-10-02T15:07:12.785+0000] {processor.py:914} INFO - Processing file /opt/airflow/dags/water_quality_pipeline_dag.py for tasks to queue
[2026-10-02T15:07:12.789+0000] {logging_mixin.py:190} INFO - [2026-10-02T15:07:12.788+0000] {dagbag.py:588} INFO - Filling up the DagBag from /opt/airflow/dags/water_quality_pipeline_dag.py
[2026-10-02T15:07:12.802+0000] {processor.py:925} INFO - DAG(s) 'water_quality_training_pipeline' retrieved from /opt/airflow/dags/water_quality_pipeline_dag.py
[2026-10-02T15:07:12.843+0000] {logging_mixin.py:190} INFO - [2026-10-02T15:07:12.842+0000] {dag.py:3239} INFO - Sync 1 DAGs
[2026-10-02T15:07:12.868+0000] {logging_mixin.py:190} INFO - [2026-10-02T15:07:12.867+0000] {dag.py:4180} INFO - Setting next_dagrun for water_quality_training_pipeline to None, run_after=None
[2026-10-02T15:07:12.900+0000] {processor.py:208} INFO - Processing /opt/airflow/dags/water_quality_pipeline_dag.py took 0.127 seconds
[2026-10-02T15:07:43.142+0000] {processor.py:186} INFO - Started process (PID=13311) to work on /opt/airflow/dags/water_quality_pipeline_dag.py
[2026-10-02T15:07:43.145+0000] {processor.py:914} INFO - Processing file /opt/airflow/dags/water_quality_pipeline_dag.py for tasks to queue
[2026-10-02T15:07:43.149+0000] {logging_mixin.py:190} INFO - [2026-10-02T15:07:43.148+0000] {dagbag.py:588} INFO - Filling up the DagBag from /opt/airflow/dags/water_quality_pipeline_dag.py
[2026-10-02T15:07:43.160+0000] {processor.py:925} INFO - DAG(s) 'water_quality_training_pipeline' retrieved from /opt/airflow/dags/water_quality_pipeline_dag.py
[2026-10-02T15:07:43.200+0000] {logging_mixin.py:190} INFO - [2026-10-02T15:07:43.200+0000] {dag.py:3239} INFO - Sync 1 DAGs
[2026-10-02T15:07:43.220+0000] {logging_mixin.py:190} INFO - [2026-10-02T15:07:43.220+0000] {dag.py:4180} INFO - Setting next_dagrun for water_quality_training_pipeline to None, run_after=None
[2026-10-02T15:07:43.247+0000] {processor.py:208} INFO - Processing /opt/airflow/dags/water_quality_pipeline_dag.py took 0.115 seconds
[2026-10-02T15:08:13.418+0000] {processor.py:186} INFO - Started process (PID=13332) to work on /opt/airflow/dags/water_quality_pipeline_dag.py
[2026-10-02T15:08:13.419+0000] {processor.py:914} INFO - Processing file /opt/airflow/dags/water_quality_pipeline_dag.py for tasks to queue
[2026-10-02T15:08:13.423+0000] {logging_mixin.py:190} INFO - [2026-10-02T15:08:13.422+0000] {dagbag.py:588} INFO - Filling up the DagBag from /opt/airflow/dags/water_quality_pipeline_dag.py
[2026-10-02T15:08:13.436+0000] {processor.py:925} INFO - DAG(s) 'water_quality_training_pipeline' retrieved from /opt/airflow/dags/water_quality_pipeline_dag.py
[2026-10-02T15:08:13.482+0000] {logging_mixin.py:190} INFO - [2026-10-02T15:08:13.482+0000] {dag.py:3239} INFO - Sync 1 DAGs
[2026-10-02T15:08:13.502+0000] {logging_mixin.py:190} INFO - [2026-10-02T15:08:13.502+0000] {dag.py:4180} INFO - Setting next_dagrun for water_quality_training_pipeline to None, run_after=None
[2026-10-02T15:08:13.524+0000] {processor.py:208} INFO - Processing /opt/airflow/dags/water_quality_pipeline_dag.py took 0.122 seconds
[2026-10-02T15:08:43.769+0000] {processor.py:186} INFO - Started process (PID=13354) to work on /opt/airflow/dags/water_quality_pipeline_dag.py
[2026-10-02T15:08:43.771+0000] {processor.py:914} INFO - Processing file /opt/airflow/dags/water_quality_pipeline_dag.py for tasks to queue
[2026-10-02T15:08:43.775+0000] {logging_mixin.py:190} INFO - [2026-10-02T15:08:43.774+0000] {dagbag.py:588} INFO - Filling up the DagBag from /opt/airflow/dags/water_quality_pipeline_dag.py
[2026-10-02T15:08:43.788+0000] {processor.py:925} INFO - DAG(s) 'water_quality_training_pipeline' retrieved from /opt/airflow/dags/water_quality_pipeline_dag.py
[2026-10-02T15:08:43.827+0000] {logging_mixin.py:190} INFO - [2026-10-02T15:08:43.827+0000] {dag.py:3239} INFO - Sync 1 DAGs
[2026-10-02T15:08:43.848+0000] {logging_mixin.py:190} INFO - [2026-10-02T15:08:43.847+0000] {dag.py:4180} INFO - Setting next_dagrun for water_quality_training_pipeline to None, run_after=None
[2026-10-02T15:08:43.873+0000] {processor.py:208} INFO - Processing /opt/airflow/dags/water_quality_pipeline_dag.py took 0.113 seconds
[2026-10-02T15:09:14.038+0000] {processor.py:186} INFO - Started process (PID=13383) to work on /opt/airflow/dags/water_quality_pipeline_dag.py
[2026-10-02T15:09:14.039+0000] {processor.py:914} INFO - Processing file /opt/airflow/dags/water_quality_pipeline_dag.py for tasks to queue
[2026-10-02T15:09:14.042+0000] {logging_mixin.py:190} INFO - [2026-10-02T15:09:14.041+0000] {dagbag.py:588} INFO - Filling up the DagBag from /opt/airflow/dags/water_quality_pipeline_dag.py
[2026-10-02T15:09:14.054+0000] {processor.py:925} INFO - DAG(s) 'water_quality_training_pipeline' retrieved from /opt/airflow/dags/water_quality_pipeline_dag.py
[2026-10-02T15:09:14.095+0000] {logging_mixin.py:190} INFO - [2026-10-02T15:09:14.095+0000] {dag.py:3239} INFO - Sync 1 DAGs
[2026-10-02T15:09:14.113+0000] {logging_mixin.py:190} INFO - [2026-10-02T15:09:14.113+0000] {dag.py:4180} INFO - Setting next_dagrun for water_quality_training_pipeline to None, run_after=None
[2026-10-02T15:09:14.137+0000] {processor.py:208} INFO - Processing /opt/airflow/dags/water_quality_pipeline_dag.py took 0.110 seconds
[2026-10-02T15:09:44.396+0000] {processor.py:186} INFO - Started process (PID=13404) to work on /opt/airflow/dags/water_quality_pipeline_dag.py
[2026-10-02T15:09:44.399+0000] {processor.py:914} INFO - Processing file /opt/airflow/dags/water_quality_pipeline_dag.py for tasks to queue
[2026-10-02T15:09:44.402+0000] {logging_mixin.py:190} INFO - [2026-10-02T15:09:44.401+0000] {dagbag.py:588} INFO - Filling up the DagBag from /opt/airflow/dags/water_quality_pipeline_dag.py
[2026-10-02T15:09:44.415+0000] {processor.py:925} INFO - DAG(s) 'water_quality_training_pipeline' retrieved from /opt/airflow/dags/water_quality_pipeline_dag.py
[2026-10-02T15:09:44.454+0000] {logging_mixin.py:190} INFO - [2026-10-02T15:09:44.454+0000] {dag.py:3239} INFO - Sync 1 DAGs
[2026-10-02T15:09:44.470+0000] {logging_mixin.py:190} INFO - [2026-10-02T15:09:44.470+0000] {dag.py:4180} INFO - Setting next_dagrun for water_quality_training_pipeline to None, run_after=None
[2026-10-02T15:09:44.488+0000] {processor.py:208} INFO - Processing /opt/airflow/dags/water_quality_pipeline_dag.py took 0.101 seconds
[2026-10-02T15:10:14.670+0000] {processor.py:186} INFO - Started process (PID=13431) to work on /opt/airflow/dags/water_quality_pipeline_dag.py
[2026-10-02T15:10:14.671+0000] {processor.py:914} INFO - Processing file /opt/airflow/dags/water_quality_pipeline_dag.py for tasks to queue
[2026-10-02T15:10:14.674+0000] {logging_mixin.py:190} INFO - [2026-10-02T15:10:14.674+0000] {dagbag.py:588} INFO - Filling up the DagBag from /opt/airflow/dags/water_quality_pipeline_dag.py
[2026-10-02T15:10:14.688+0000] {processor.py:925} INFO - DAG(s) 'water_quality_training_pipeline' retrieved from /opt/airflow/dags/water_quality_pipeline_dag.py
[2026-10-02T15:10:14.732+0000] {logging_mixin.py:190} INFO - [2026-10-02T15:10:14.732+0000] {dag.py:3239} INFO - Sync 1 DAGs
[2026-10-02T15:10:14.752+0000] {logging_mixin.py:190} INFO - [2026-10-02T15:10:14.752+0000] {dag.py:4180} INFO - Setting next_dagrun for water_quality_training_pipeline to None, run_after=None
[2026-10-02T15:10:14.773+0000] {processor.py:208} INFO - Processing /opt/airflow/dags/water_quality_pipeline_dag.py took 0.114 seconds
[2026-10-02T15:10:45.004+0000] {processor.py:186} INFO - Started process (PID=13453) to work on /opt/airflow/dags/water_quality_pipeline_dag.py
[2026-10-02T15:10:45.006+0000] {processor.py:914} INFO - Processing file /opt/airflow/dags/water_quality_pipeline_dag.py for tasks to queue
[2026-10-02T15:10:45.010+0000] {logging_mixin.py:190} INFO - [2026-10-02T15:10:45.010+0000] {dagbag.py:588} INFO - Filling up the DagBag from /opt/airflow/dags/water_quality_pipeline_dag.py
[2026-10-02T15:10:45.022+0000] {processor.py:925} INFO - DAG(s) 'water_quality_training_pipeline' retrieved from /opt/airflow/dags/water_quality_pipeline_dag.py
[2026-10-02T15:10:45.073+0000] {logging_mixin.py:190} INFO - [2026-10-02T15:10:45.072+0000] {dag.py:3239} INFO - Sync 1 DAGs
[2026-10-02T15:10:45.096+0000] {logging_mixin.py:190} INFO - [2026-10-02T15:10:45.095+0000] {dag.py:4180} INFO - Setting next_dagrun for water_quality_training_pipeline to None, run_after=None
[2026-10-02T15:10:45.124+0000] {processor.py:208} INFO - Processing /opt/airflow/dags/water_quality_pipeline_dag.py took 0.130 seconds
[2026-10-02T15:11:15.276+0000] {processor.py:186} INFO - Started process (PID=13474) to work on /opt/airflow/dags/water_quality_pipeline_dag.py
[2026-10-02T15:11:15.277+0000] {processor.py:914} INFO - Processing file /opt/airflow/dags/water_quality_pipeline_dag.py for tasks to queue
[2026-10-02T15:11:15.282+0000] {logging_mixin.py:190} INFO - [2026-10-02T15:11:15.281+0000] {dagbag.py:588} INFO - Filling up the DagBag from /opt/airflow/dags/water_quality_pipeline_dag.py
[2026-10-02T15:11:15.294+0000] {processor.py:925} INFO - DAG(s) 'water_quality_training_pipeline' retrieved from /opt/airflow/dags/water_quality_pipeline_dag.py
[2026-10-02T15:11:15.335+0000] {logging_mixin.py:190} INFO - [2026-10-02T15:11:15.335+0000] {dag.py:3239} INFO - Sync 1 DAGs
[2026-10-02T15:11:15.356+0000] {logging_mixin.py:190} INFO - [2026-10-02T15:11:15.356+0000] {dag.py:4180} INFO - Setting next_dagrun for water_quality_training_pipeline to None, run_after=None
[2026-10-02T15:11:15.379+0000] {processor.py:208} INFO - Processing /opt/airflow/dags/water_quality_pipeline_dag.py took 0.114 seconds
[2026-10-02T15:11:45.669+0000] {processor.py:186} INFO - Started process (PID=13503) to work on /opt/airflow/dags/water_quality_pipeline_dag.py
[2026-10-02T15:11:45.671+0000] {processor.py:914} INFO - Processing file /opt/airflow/dags/water_quality_pipeline_dag.py for tasks to queue
[2026-10-02T15:11:45.674+0000] {logging_mixin.py:190} INFO - [2026-10-02T15:11:45.674+0000] {dagbag.py:588} INFO - Filling up the DagBag from /opt/airflow/dags/water_quality_pipeline_dag.py
[2026-10-02T15:11:45.689+0000] {processor.py:925} INFO - DAG(s) 'water_quality_training_pipeline' retrieved from /opt/airflow/dags/water_quality_pipeline_dag.py
[2026-10-02T15:11:45.736+0000] {logging_mixin.py:190} INFO - [2026-10-02T15:11:45.736+0000] {dag.py:3239} INFO - Sync 1 DAGs
[2026-10-02T15:11:45.756+0000] {logging_mixin.py:190} INFO - [2026-10-02T15:11:45.756+0000] {dag.py:4180} INFO - Setting next_dagrun for water_quality_training_pipeline to None, run_after=None
[2026-10-02T15:11:45.783+0000] {processor.py:208} INFO - Processing /opt/airflow/dags/water_quality_pipeline_dag.py took 0.124 seconds
[2026-10-02T15:12:15.933+0000] {processor.py:186} INFO - Started process (PID=13525) to work on /opt/airflow/dags/water_quality_pipeline_dag.py
[2026-10-02T15:12:15.934+0000] {processor.py:914} INFO - Processing file /opt/airflow/dags/water_quality_pipeline_dag.py for tasks to queue
[2026-10-02T15:12:15.937+0000] {logging_mixin.py:190} INFO - [2026-10-02T15:12:15.936+0000] {dagbag.py:588} INFO - Filling up the DagBag from /opt/airflow/dags/water_quality_pipeline_dag.py
[2026-10-02T15:12:15.949+0000] {processor.py:925} INFO - DAG(s) 'water_quality_training_pipeline' retrieved from /opt/airflow/dags/water_quality_pipeline_dag.py
[2026-10-02T15:12:15.990+0000] {logging_mixin.py:190} INFO - [2026-10-02T15:12:15.989+0000] {dag.py:3239} INFO - Sync 1 DAGs
[2026-10-02T15:12:16.008+0000] {logging_mixin.py:190} INFO - [2026-10-02T15:12:16.007+0000] {dag.py:4180} INFO - Setting next_dagrun for water_quality_training_pipeline to None, run_after=None
[2026-10-02T15:12:16.027+0000] {processor.py:208} INFO - Processing /opt/airflow/dags/water_quality_pipeline_dag.py took 0.104 seconds
[2026-10-02T15:12:46.286+0000] {processor.py:186} INFO - Started process (PID=13545) to work on /opt/airflow/dags/water_quality_pipeline_dag.py
[2026-10-02T15:12:46.289+0000] {processor.py:914} INFO - Processing file /opt/airflow/dags/water_quality_pipeline_dag.py for tasks to queue
[2026-10-02T15:12:46.292+0000] {logging_mixin.py:190} INFO - [2026-10-02T15:12:46.292+0000] {dagbag.py:588} INFO - Filling up the DagBag from /opt/airflow/dags/water_quality_pipeline_dag.py
[2026-10-02T15:12:46.305+0000] {processor.py:925} INFO - DAG(s) 'water_quality_training_pipeline' retrieved from /opt/airflow/dags/water_quality_pipeline_dag.py
[2026-10-02T15:12:46.344+0000] {logging_mixin.py:190} INFO - [2026-10-02T15:12:46.343+0000] {dag.py:3239} INFO - Sync 1 DAGs
[2026-10-02T15:12:46.366+0000] {logging_mixin.py:190} INFO - [2026-10-02T15:12:46.366+0000] {dag.py:4180} INFO - Setting next_dagrun for water_quality_training_pipeline to None, run_after=None
[2026-10-02T15:12:46.396+0000] {processor.py:208} INFO - Processing /opt/airflow/dags/water_quality_pipeline_dag.py took 0.122 seconds
[2026-10-02T15:13:16.560+0000] {processor.py:186} INFO - Started process (PID=13575) to work on /opt/airflow/dags/water_quality_pipeline_dag.py
[2026-10-02T15:13:16.561+0000] {processor.py:914} INFO - Processing file /opt/airflow/dags/water_quality_pipeline_dag.py for tasks to queue
[2026-10-02T15:13:16.564+0000] {logging_mixin.py:190} INFO - [2026-10-02T15:13:16.563+0000] {dagbag.py:588} INFO - Filling up the DagBag from /opt/airflow/dags/water_quality_pipeline_dag.py
[2026-10-02T15:13:16.578+0000] {processor.py:925} INFO - DAG(s) 'water_quality_training_pipeline' retrieved from /opt/airflow/dags/water_quality_pipeline_dag.py
[2026-10-02T15:13:16.623+0000] {logging_mixin.py:190} INFO - [2026-10-02T15:13:16.622+0000] {dag.py:3239} INFO - Sync 1 DAGs
[2026-10-02T15:13:16.641+0000] {logging_mixin.py:190} INFO - [2026-10-02T15:13:16.641+0000] {dag.py:4180} INFO - Setting next_dagrun for water_quality_training_pipeline to None, run_after=None
[2026-10-02T15:13:16.666+0000] {processor.py:208} INFO - Processing /opt/airflow/dags/water_quality_pipeline_dag.py took 0.118 seconds
[2026-10-02T15:13:46.916+0000] {processor.py:186} INFO - Started process (PID=13596) to work on /opt/airflow/dags/water_quality_pipeline_dag.py
[2026-10-02T15:13:46.919+0000] {processor.py:914} INFO - Processing file /opt/airflow/dags/water_quality_pipeline_dag.py for tasks to queue
[2026-10-02T15:13:46.922+0000] {logging_mixin.py:190} INFO - [2026-10-02T15:13:46.922+0000] {dagbag.py:588} INFO - Filling up the DagBag from /opt/airflow/dags/water_quality_pipeline_dag.py
[2026-10-02T15:13:46.938+0000] {processor.py:925} INFO - DAG(s) 'water_quality_training_pipeline' retrieved from /opt/airflow/dags/water_quality_pipeline_dag.py
[2026-10-02T15:13:46.973+0000] {logging_mixin.py:190} INFO - [2026-10-02T15:13:46.973+0000] {dag.py:3239} INFO - Sync 1 DAGs
[2026-10-02T15:13:46.987+0000] {logging_mixin.py:190} INFO - [2026-10-02T15:13:46.987+0000] {dag.py:4180} INFO - Setting next_dagrun for water_quality_training_pipeline to None, run_after=None
[2026-10-02T15:13:47.004+0000] {processor.py:208} INFO - Processing /opt/airflow/dags/water_quality_pipeline_dag.py took 0.098 seconds
[2026-10-02T15:14:17.184+0000] {processor.py:186} INFO - Started process (PID=13624) to work on /opt/airflow/dags/water_quality_pipeline_dag.py
[2026-10-02T15:14:17.185+0000] {processor.py:914} INFO - Processing file /opt/airflow/dags/water_quality_pipeline_dag.py for tasks to queue
[2026-10-02T15:14:17.188+0000] {logging_mixin.py:190} INFO - [2026-10-02T15:14:17.188+0000] {dagbag.py:588} INFO - Filling up the DagBag from /opt/airflow/dags/water_quality_pipeline_dag.py
[2026-10-02T15:14:17.203+0000] {processor.py:925} INFO - DAG(s) 'water_quality_training_pipeline' retrieved from /opt/airflow/dags/water_quality_pipeline_dag.py
[2026-10-02T15:14:17.242+0000] {logging_mixin.py:190} INFO - [2026-10-02T15:14:17.241+0000] {dag.py:3239} INFO - Sync 1 DAGs
[2026-10-02T15:14:17.259+0000] {logging_mixin.py:190} INFO - [2026-10-02T15:14:17.259+0000] {dag.py:4180} INFO - Setting next_dagrun for water_quality_training_pipeline to None, run_after=None
[2026-10-02T15:14:17.283+0000] {processor.py:208} INFO - Processing /opt/airflow/dags/water_quality_pipeline_dag.py took 0.109 seconds
[2026-10-02T15:14:47.542+0000] {processor.py:186} INFO - Started process (PID=13647) to work on /opt/airflow/dags/water_quality_pipeline_dag.py
[2026-10-02T15:14:47.544+0000] {processor.py:914} INFO - Processing file /opt/airflow/dags/water_quality_pipeline_dag.py for tasks to queue
[2026-10-02T15:14:47.547+0000] {logging_mixin.py:190} INFO - [2026-10-02T15:14:47.547+0000] {dagbag.py:588} INFO - Filling up the DagBag from /opt/airflow/dags/water_quality_pipeline_dag.py
[2026-10-02T15:14:47.561+0000] {processor.py:925} INFO - DAG(s) 'water_quality_training_pipeline' retrieved from /opt/airflow/dags/water_quality_pipeline_dag.py
[2026-10-02T15:14:47.601+0000] {logging_mixin.py:190} INFO - [2026-10-02T15:14:47.600+0000] {dag.py:3239} INFO - Sync 1 DAGs
[2026-10-02T15:14:47.616+0000] {logging_mixin.py:190} INFO - [2026-10-02T15:14:47.616+0000] {dag.py:4180} INFO - Setting next_dagrun for water_quality_training_pipeline to None, run_after=None
[2026-10-02T15:14:47.635+0000] {processor.py:208} INFO - Processing /opt/airflow/dags/water_quality_pipeline_dag.py took 0.103 seconds
[2026-10-02T15:15:17.821+0000] {processor.py:186} INFO - Started process (PID=13669) to work on /opt/airflow/dags/water_quality_pipeline_dag.py
[2026-10-02T15:15:17.822+0000] {processor.py:914} INFO - Processing file /opt/airflow/dags/water_quality_pipeline_dag.py for tasks to queue
[2026-10-02T15:15:17.827+0000] {logging_mixin.py:190} INFO - [2026-10-02T15:15:17.827+0000] {dagbag.py:588} INFO - Filling up the DagBag from /opt/airflow/dags/water_quality_pipeline_dag.py
[2026-10-02T15:15:17.843+0000] {processor.py:925} INFO - DAG(s) 'water_quality_training_pipeline' retrieved from /opt/airflow/dags/water_quality_pipeline_dag.py
[2026-10-02T15:15:17.891+0000] {logging_mixin.py:190} INFO - [2026-10-02T15:15:17.891+0000] {dag.py:3239} INFO - Sync 1 DAGs
[2026-10-02T15:15:17.913+0000] {logging_mixin.py:190} INFO - [2026-10-02T15:15:17.913+0000] {dag.py:4180} INFO - Setting next_dagrun for water_quality_training_pipeline to None, run_after=None
[2026-10-02T15:15:17.940+0000] {processor.py:208} INFO - Processing /opt/airflow/dags/water_quality_pipeline_dag.py took 0.130 seconds
[2026-10-02T15:15:48.162+0000] {processor.py:186} INFO - Started process (PID=13698) to work on /opt/airflow/dags/water_quality_pipeline_dag.py
[2026-10-02T15:15:48.165+0000] {processor.py:914} INFO - Processing file /opt/airflow/dags/water_quality_pipeline_dag.py for tasks to queue
[2026-10-02T15:15:48.167+0000] {logging_mixin.py:190} INFO - [2026-10-02T15:15:48.167+0000] {dagbag.py:588} INFO - Filling up the DagBag from /opt/airflow/dags/water_quality_pipeline_dag.py
[2026-10-02T15:15:48.179+0000] {processor.py:925} INFO - DAG(s) 'water_quality_training_pipeline' retrieved from /opt/airflow/dags/water_quality_pipeline_dag.py
[2026-10-02T15:15:48.217+0000] {logging_mixin.py:190} INFO - [2026-10-02T15:15:48.217+0000] {dag.py:3239} INFO - Sync 1 DAGs
[2026-10-02T15:15:48.237+0000] {logging_mixin.py:190} INFO - [2026-10-02T15:15:48.237+0000] {dag.py:4180} INFO - Setting next_dagrun for water_quality_training_pipeline to None, run_after=None
[2026-10-02T15:15:48.260+0000] {processor.py:208} INFO - Processing /opt/airflow/dags/water_quality_pipeline_dag.py took 0.106 seconds
[2026-10-02T15:16:18.426+0000] {processor.py:186} INFO - Started process (PID=13719) to work on /opt/airflow/dags/water_quality_pipeline_dag.py
[2026-10-02T15:16:18.427+0000] {processor.py:914} INFO - Processing file /opt/airflow/dags/water_quality_pipeline_dag.py for tasks to queue
[2026-10-02T15:16:18.430+0000] {logging_mixin.py:190} INFO - [2026-10-02T15:16:18.430+0000] {dagbag.py:588} INFO - Filling up the DagBag from /opt/airflow/dags/water_quality_pipeline_dag.py
[2026-10-02T15:16:18.443+0000] {processor.py:925} INFO - DAG(s) 'water_quality_training_pipeline' retrieved from /opt/airflow/dags/water_quality_pipeline_dag.py
[2026-10-02T15:16:18.484+0000] {logging_mixin.py:190} INFO - [2026-10-02T15:16:18.483+0000] {dag.py:3239} INFO - Sync 1 DAGs
[2026-10-02T15:16:18.500+0000] {logging_mixin.py:190} INFO - [2026-10-02T15:16:18.499+0000] {dag.py:4180} INFO - Setting next_dagrun for water_quality_training_pipeline to None, run_after=None
[2026-10-02T15:16:18.519+0000] {processor.py:208} INFO - Processing /opt/airflow/dags/water_quality_pipeline_dag.py took 0.106 seconds
[2026-10-02T15:16:48.791+0000] {processor.py:186} INFO - Started process (PID=13740) to work on /opt/airflow/dags/water_quality_pipeline_dag.py
[2026-10-02T15:16:48.793+0000] {processor.py:914} INFO - Processing file /opt/airflow/dags/water_quality_pipeline_dag.py for tasks to queue
[2026-10-02T15:16:48.797+0000] {logging_mixin.py:190} INFO - [2026-10-02T15:16:48.796+0000] {dagbag.py:588} INFO - Filling up the DagBag from /opt/airflow/dags/water_quality_pipeline_dag.py
[2026-10-02T15:16:48.810+0000] {processor.py:925} INFO - DAG(s) 'water_quality_training_pipeline' retrieved from /opt/airflow/dags/water_quality_pipeline_dag.py
[2026-10-02T15:16:48.853+0000] {logging_mixin.py:190} INFO - [2026-10-02T15:16:48.853+0000] {dag.py:3239} INFO - Sync 1 DAGs
[2026-10-02T15:16:48.873+0000] {logging_mixin.py:190} INFO - [2026-10-02T15:16:48.873+0000] {dag.py:4180} INFO - Setting next_dagrun for water_quality_training_pipeline to None, run_after=None
[2026-10-02T15:16:48.897+0000] {processor.py:208} INFO - Processing /opt/airflow/dags/water_quality_pipeline_dag.py took 0.119 seconds
[2026-10-02T15:17:19.071+0000] {processor.py:186} INFO - Started process (PID=13770) to work on /opt/airflow/dags/water_quality_pipeline_dag.py
[2026-10-02T15:17:19.072+0000] {processor.py:914} INFO - Processing file /opt/airflow/dags/water_quality_pipeline_dag.py for tasks to queue
[2026-10-02T15:17:19.075+0000] {logging_mixin.py:190} INFO - [2026-10-02T15:17:19.075+0000] {dagbag.py:588} INFO - Filling up the DagBag from /opt/airflow/dags/water_quality_pipeline_dag.py
[2026-10-02T15:17:19.088+0000] {processor.py:925} INFO - DAG(s) 'water_quality_training_pipeline' retrieved from /opt/airflow/dags/water_quality_pipeline_dag.py
[2026-10-02T15:17:19.127+0000] {logging_mixin.py:190} INFO - [2026-10-02T15:17:19.127+0000] {dag.py:3239} INFO - Sync 1 DAGs
[2026-10-02T15:17:19.146+0000] {logging_mixin.py:190} INFO - [2026-10-02T15:17:19.145+0000] {dag.py:4180} INFO - Setting next_dagrun for water_quality_training_pipeline to None, run_after=None
[2026-10-02T15:17:19.169+0000] {processor.py:208} INFO - Processing /opt/airflow/dags/water_quality_pipeline_dag.py took 0.111 seconds
[2026-10-02T15:17:49.442+0000] {processor.py:186} INFO - Started process (PID=13791) to work on /opt/airflow/dags/water_quality_pipeline_dag.py
[2026-10-02T15:17:49.444+0000] {processor.py:914} INFO - Processing file /opt/airflow/dags/water_quality_pipeline_dag.py for tasks to queue
[2026-10-02T15:17:49.448+0000] {logging_mixin.py:190} INFO - [2026-10-02T15:17:49.447+0000] {dagbag.py:588} INFO - Filling up the DagBag from /opt/airflow/dags/water_quality_pipeline_dag.py
[2026-10-02T15:17:49.461+0000] {processor.py:925} INFO - DAG(s) 'water_quality_training_pipeline' retrieved from /opt/airflow/dags/water_quality_pipeline_dag.py
[2026-10-02T15:17:49.504+0000] {logging_mixin.py:190} INFO - [2026-10-02T15:17:49.504+0000] {dag.py:3239} INFO - Sync 1 DAGs
[2026-10-02T15:17:49.523+0000] {logging_mixin.py:190} INFO - [2026-10-02T15:17:49.523+0000] {dag.py:4180} INFO - Setting next_dagrun for water_quality_training_pipeline to None, run_after=None
[2026-10-02T15:17:49.549+0000] {processor.py:208} INFO - Processing /opt/airflow/dags/water_quality_pipeline_dag.py took 0.116 seconds
[2026-10-02T15:18:19.706+0000] {processor.py:186} INFO - Started process (PID=13819) to work on /opt/airflow/dags/water_quality_pipeline_dag.py
[2026-10-02T15:18:19.707+0000] {processor.py:914} INFO - Processing file /opt/airflow/dags/water_quality_pipeline_dag.py for tasks to queue
[2026-10-02T15:18:19.710+0000] {logging_mixin.py:190} INFO - [2026-10-02T15:18:19.710+0000] {dagbag.py:588} INFO - Filling up the DagBag from /opt/airflow/dags/water_quality_pipeline_dag.py
[2026-10-02T15:18:19.725+0000] {processor.py:925} INFO - DAG(s) 'water_quality_training_pipeline' retrieved from /opt/airflow/dags/water_quality_pipeline_dag.py
[2026-10-02T15:18:19.767+0000] {logging_mixin.py:190} INFO - [2026-10-02T15:18:19.767+0000] {dag.py:3239} INFO - Sync 1 DAGs
[2026-10-02T15:18:19.789+0000] {logging_mixin.py:190} INFO - [2026-10-02T15:18:19.788+0000] {dag.py:4180} INFO - Setting next_dagrun for water_quality_training_pipeline to None, run_after=None
[2026-10-02T15:18:19.813+0000] {processor.py:208} INFO - Processing /opt/airflow/dags/water_quality_pipeline_dag.py took 0.119 seconds
[2026-10-02T15:18:50.084+0000] {processor.py:186} INFO - Started process (PID=13841) to work on /opt/airflow/dags/water_quality_pipeline_dag.py
[2026-10-02T15:18:50.087+0000] {processor.py:914} INFO - Processing file /opt/airflow/dags/water_quality_pipeline_dag.py for tasks to queue
[2026-10-02T15:18:50.090+0000] {logging_mixin.py:190} INFO - [2026-10-02T15:18:50.089+0000] {dagbag.py:588} INFO - Filling up the DagBag from /opt/airflow/dags/water_quality_pipeline_dag.py
[2026-10-02T15:18:50.104+0000] {processor.py:925} INFO - DAG(s) 'water_quality_training_pipeline' retrieved from /opt/airflow/dags/water_quality_pipeline_dag.py
[2026-10-02T15:18:50.145+0000] {logging_mixin.py:190} INFO - [2026-10-02T15:18:50.145+0000] {dag.py:3239} INFO - Sync 1 DAGs
[2026-10-02T15:18:50.165+0000] {logging_mixin.py:190} INFO - [2026-10-02T15:18:50.164+0000] {dag.py:4180} INFO - Setting next_dagrun for water_quality_training_pipeline to None, run_after=None
[2026-10-02T15:18:50.190+0000] {processor.py:208} INFO - Processing /opt/airflow/dags/water_quality_pipeline_dag.py took 0.115 seconds
[2026-10-02T15:19:20.352+0000] {processor.py:186} INFO - Started process (PID=13862) to work on /opt/airflow/dags/water_quality_pipeline_dag.py
[2026-10-02T15:19:20.353+0000] {processor.py:914} INFO - Processing file /opt/airflow/dags/water_quality_pipeline_dag.py for tasks to queue
[2026-10-02T15:19:20.357+0000] {logging_mixin.py:190} INFO - [2026-10-02T15:19:20.357+0000] {dagbag.py:588} INFO - Filling up the DagBag from /opt/airflow/dags/water_quality_pipeline_dag.py
[2026-10-02T15:19:20.373+0000] {processor.py:925} INFO - DAG(s) 'water_quality_training_pipeline' retrieved from /opt/airflow/dags/water_quality_pipeline_dag.py
[2026-10-02T15:19:20.423+0000] {logging_mixin.py:190} INFO - [2026-10-02T15:19:20.423+0000] {dag.py:3239} INFO - Sync 1 DAGs
[2026-10-02T15:19:20.451+0000] {logging_mixin.py:190} INFO - [2026-10-02T15:19:20.451+0000] {dag.py:4180} INFO - Setting next_dagrun for water_quality_training_pipeline to None, run_after=None
[2026-10-02T15:19:20.479+0000] {processor.py:208} INFO - Processing /opt/airflow/dags/water_quality_pipeline_dag.py took 0.136 seconds
[2026-10-02T15:19:50.703+0000] {processor.py:186} INFO - Started process (PID=13890) to work on /opt/airflow/dags/water_quality_pipeline_dag.py
[2026-10-02T15:19:50.705+0000] {processor.py:914} INFO - Processing file /opt/airflow/dags/water_quality_pipeline_dag.py for tasks to queue
[2026-10-02T15:19:50.708+0000] {logging_mixin.py:190} INFO - [2026-10-02T15:19:50.708+0000] {dagbag.py:588} INFO - Filling up the DagBag from /opt/airflow/dags/water_quality_pipeline_dag.py
[2026-10-02T15:19:50.723+0000] {processor.py:925} INFO - DAG(s) 'water_quality_training_pipeline' retrieved from /opt/airflow/dags/water_quality_pipeline_dag.py
[2026-10-02T15:19:50.766+0000] {logging_mixin.py:190} INFO - [2026-10-02T15:19:50.766+0000] {dag.py:3239} INFO - Sync 1 DAGs
[2026-10-02T15:19:50.784+0000] {logging_mixin.py:190} INFO - [2026-10-02T15:19:50.784+0000] {dag.py:4180} INFO - Setting next_dagrun for water_quality_training_pipeline to None, run_after=None
[2026-10-02T15:19:50.804+0000] {processor.py:208} INFO - Processing /opt/airflow/dags/water_quality_pipeline_dag.py took 0.112 seconds
[2026-10-02T15:20:20.999+0000] {processor.py:186} INFO - Started process (PID=13912) to work on /opt/airflow/dags/water_quality_pipeline_dag.py
[2026-10-02T15:20:21.000+0000] {processor.py:914} INFO - Processing file /opt/airflow/dags/water_quality_pipeline_dag.py for tasks to queue
[2026-10-02T15:20:21.004+0000] {logging_mixin.py:190} INFO - [2026-10-02T15:20:21.003+0000] {dagbag.py:588} INFO - Filling up the DagBag from /opt/airflow/dags/water_quality_pipeline_dag.py
[2026-10-02T15:20:21.018+0000] {processor.py:925} INFO - DAG(s) 'water_quality_training_pipeline' retrieved from /opt/airflow/dags/water_quality_pipeline_dag.py
[2026-10-02T15:20:21.058+0000] {logging_mixin.py:190} INFO - [2026-10-02T15:20:21.057+0000] {dag.py:3239} INFO - Sync 1 DAGs
[2026-10-02T15:20:21.078+0000] {logging_mixin.py:190} INFO - [2026-10-02T15:20:21.078+0000] {dag.py:4180} INFO - Setting next_dagrun for water_quality_training_pipeline to None, run_after=None
[2026-10-02T15:20:21.106+0000] {processor.py:208} INFO - Processing /opt/airflow/dags/water_quality_pipeline_dag.py took 0.119 seconds
[2026-10-02T15:20:51.324+0000] {processor.py:186} INFO - Started process (PID=13941) to work on /opt/airflow/dags/water_quality_pipeline_dag.py
[2026-10-02T15:20:51.327+0000] {processor.py:914} INFO - Processing file /opt/airflow/dags/water_quality_pipeline_dag.py for tasks to queue
[2026-10-02T15:20:51.330+0000] {logging_mixin.py:190} INFO - [2026-10-02T15:20:51.330+0000] {dagbag.py:588} INFO - Filling up the DagBag from /opt/airflow/dags/water_quality_pipeline_dag.py
[2026-10-02T15:20:51.345+0000] {processor.py:925} INFO - DAG(s) 'water_quality_training_pipeline' retrieved from /opt/airflow/dags/water_quality_pipeline_dag.py
[2026-10-02T15:20:51.383+0000] {logging_mixin.py:190} INFO - [2026-10-02T15:20:51.382+0000] {dag.py:3239} INFO - Sync 1 DAGs
[2026-10-02T15:20:51.403+0000] {logging_mixin.py:190} INFO - [2026-10-02T15:20:51.403+0000] {dag.py:4180} INFO - Setting next_dagrun for water_quality_training_pipeline to None, run_after=None
[2026-10-02T15:20:51.429+0000] {processor.py:208} INFO - Processing /opt/airflow/dags/water_quality_pipeline_dag.py took 0.115 seconds
[2026-10-02T15:21:21.639+0000] {processor.py:186} INFO - Started process (PID=13963) to work on /opt/airflow/dags/water_quality_pipeline_dag.py
[2026-10-02T15:21:21.641+0000] {processor.py:914} INFO - Processing file /opt/airflow/dags/water_quality_pipeline_dag.py for tasks to queue
[2026-10-02T15:21:21.645+0000] {logging_mixin.py:190} INFO - [2026-10-02T15:21:21.645+0000] {dagbag.py:588} INFO - Filling up the DagBag from /opt/airflow/dags/water_quality_pipeline_dag.py
[2026-10-02T15:21:21.669+0000] {processor.py:925} INFO - DAG(s) 'water_quality_training_pipeline' retrieved from /opt/airflow/dags/water_quality_pipeline_dag.py
[2026-10-02T15:21:21.720+0000] {logging_mixin.py:190} INFO - [2026-10-02T15:21:21.720+0000] {dag.py:3239} INFO - Sync 1 DAGs
[2026-10-02T15:21:21.741+0000] {logging_mixin.py:190} INFO - [2026-10-02T15:21:21.740+0000] {dag.py:4180} INFO - Setting next_dagrun for water_quality_training_pipeline to None, run_after=None
[2026-10-02T15:21:21.767+0000] {processor.py:208} INFO - Processing /opt/airflow/dags/water_quality_pipeline_dag.py took 0.147 seconds
[2026-10-02T15:21:51.956+0000] {processor.py:186} INFO - Started process (PID=13983) to work on /opt/airflow/dags/water_quality_pipeline_dag.py
[2026-10-02T15:21:51.959+0000] {processor.py:914} INFO - Processing file /opt/airflow/dags/water_quality_pipeline_dag.py for tasks to queue
[2026-10-02T15:21:51.964+0000] {logging_mixin.py:190} INFO - [2026-10-02T15:21:51.963+0000] {dagbag.py:588} INFO - Filling up the DagBag from /opt/airflow/dags/water_quality_pipeline_dag.py
[2026-10-02T15:21:51.987+0000] {processor.py:925} INFO - DAG(s) 'water_quality_training_pipeline' retrieved from /opt/airflow/dags/water_quality_pipeline_dag.py
[2026-10-02T15:21:52.026+0000] {logging_mixin.py:190} INFO - [2026-10-02T15:21:52.025+0000] {dag.py:3239} INFO - Sync 1 DAGs
[2026-10-02T15:21:52.045+0000] {logging_mixin.py:190} INFO - [2026-10-02T15:21:52.045+0000] {dag.py:4180} INFO - Setting next_dagrun for water_quality_training_pipeline to None, run_after=None
[2026-10-02T15:21:52.069+0000] {processor.py:208} INFO - Processing /opt/airflow/dags/water_quality_pipeline_dag.py took 0.125 seconds
[2026-10-02T15:22:22.282+0000] {processor.py:186} INFO - Started process (PID=14012) to work on /opt/airflow/dags/water_quality_pipeline_dag.py
[2026-10-02T15:22:22.283+0000] {processor.py:914} INFO - Processing file /opt/airflow/dags/water_quality_pipeline_dag.py for tasks to queue
[2026-10-02T15:22:22.286+0000] {logging_mixin.py:190} INFO - [2026-10-02T15:22:22.286+0000] {dagbag.py:588} INFO - Filling up the DagBag from /opt/airflow/dags/water_quality_pipeline_dag.py
[2026-10-02T15:22:22.300+0000] {processor.py:925} INFO - DAG(s) 'water_quality_training_pipeline' retrieved from /opt/airflow/dags/water_quality_pipeline_dag.py
[2026-10-02T15:22:22.340+0000] {logging_mixin.py:190} INFO - [2026-10-02T15:22:22.340+0000] {dag.py:3239} INFO - Sync 1 DAGs
[2026-10-02T15:22:22.358+0000] {logging_mixin.py:190} INFO - [2026-10-02T15:22:22.358+0000] {dag.py:4180} INFO - Setting next_dagrun for water_quality_training_pipeline to None, run_after=None
[2026-10-02T15:22:22.383+0000] {processor.py:208} INFO - Processing /opt/airflow/dags/water_quality_pipeline_dag.py took 0.112 seconds
[2026-10-02T15:22:52.605+0000] {processor.py:186} INFO - Started process (PID=14032) to work on /opt/airflow/dags/water_quality_pipeline_dag.py
[2026-10-02T15:22:52.608+0000] {processor.py:914} INFO - Processing file /opt/airflow/dags/water_quality_pipeline_dag.py for tasks to queue
[2026-10-02T15:22:52.612+0000] {logging_mixin.py:190} INFO - [2026-10-02T15:22:52.611+0000] {dagbag.py:588} INFO - Filling up the DagBag from /opt/airflow/dags/water_quality_pipeline_dag.py
[2026-10-02T15:22:52.623+0000] {processor.py:925} INFO - DAG(s) 'water_quality_training_pipeline' retrieved from /opt/airflow/dags/water_quality_pipeline_dag.py
[2026-10-02T15:22:52.659+0000] {logging_mixin.py:190} INFO - [2026-10-02T15:22:52.659+0000] {dag.py:3239} INFO - Sync 1 DAGs
[2026-10-02T15:22:52.677+0000] {logging_mixin.py:190} INFO - [2026-10-02T15:22:52.676+0000] {dag.py:4180} INFO - Setting next_dagrun for water_quality_training_pipeline to None, run_after=None
[2026-10-02T15:22:52.700+0000] {processor.py:208} INFO - Processing /opt/airflow/dags/water_quality_pipeline_dag.py took 0.107 seconds
[2026-10-02T15:23:22.927+0000] {processor.py:186} INFO - Started process (PID=14053) to work on /opt/airflow/dags/water_quality_pipeline_dag.py
[2026-10-02T15:23:22.928+0000] {processor.py:914} INFO - Processing file /opt/airflow/dags/water_quality_pipeline_dag.py for tasks to queue
[2026-10-02T15:23:22.932+0000] {logging_mixin.py:190} INFO - [2026-10-02T15:23:22.931+0000] {dagbag.py:588} INFO - Filling up the DagBag from /opt/airflow/dags/water_quality_pipeline_dag.py
[2026-10-02T15:23:22.946+0000] {processor.py:925} INFO - DAG(s) 'water_quality_training_pipeline' retrieved from /opt/airflow/dags/water_quality_pipeline_dag.py
[2026-10-02T15:23:22.981+0000] {logging_mixin.py:190} INFO - [2026-10-02T15:23:22.981+0000] {dag.py:3239} INFO - Sync 1 DAGs
[2026-10-02T15:23:22.999+0000] {logging_mixin.py:190} INFO - [2026-10-02T15:23:22.999+0000] {dag.py:4180} INFO - Setting next_dagrun for water_quality_training_pipeline to None, run_after=None
[2026-10-02T15:23:23.025+0000] {processor.py:208} INFO - Processing /opt/airflow/dags/water_quality_pipeline_dag.py took 0.108 seconds
[2026-10-02T15:23:53.225+0000] {processor.py:186} INFO - Started process (PID=14082) to work on /opt/airflow/dags/water_quality_pipeline_dag.py
[2026-10-02T15:23:53.228+0000] {processor.py:914} INFO - Processing file /opt/airflow/dags/water_quality_pipeline_dag.py for tasks to queue
[2026-10-02T15:23:53.232+0000] {logging_mixin.py:190} INFO - [2026-10-02T15:23:53.231+0000] {dagbag.py:588} INFO - Filling up the DagBag from /opt/airflow/dags/water_quality_pipeline_dag.py
[2026-10-02T15:23:53.243+0000] {processor.py:925} INFO - DAG(s) 'water_quality_training_pipeline' retrieved from /opt/airflow/dags/water_quality_pipeline_dag.py
[2026-10-02T15:23:53.287+0000] {logging_mixin.py:190} INFO - [2026-10-02T15:23:53.286+0000] {dag.py:3239} INFO - Sync 1 DAGs
[2026-10-02T15:23:53.310+0000] {logging_mixin.py:190} INFO - [2026-10-02T15:23:53.310+0000] {dag.py:4180} INFO - Setting next_dagrun for water_quality_training_pipeline to None, run_after=None
[2026-10-02T15:23:53.335+0000] {processor.py:208} INFO - Processing /opt/airflow/dags/water_quality_pipeline_dag.py took 0.122 seconds
[2026-10-02T15:24:23.541+0000] {processor.py:186} INFO - Started process (PID=14103) to work on /opt/airflow/dags/water_quality_pipeline_dag.py
[2026-10-02T15:24:23.542+0000] {processor.py:914} INFO - Processing file /opt/airflow/dags/water_quality_pipeline_dag.py for tasks to queue
[2026-10-02T15:24:23.546+0000] {logging_mixin.py:190} INFO - [2026-10-02T15:24:23.546+0000] {dagbag.py:588} INFO - Filling up the DagBag from /opt/airflow/dags/water_quality_pipeline_dag.py
[2026-10-02T15:24:23.559+0000] {processor.py:925} INFO - DAG(s) 'water_quality_training_pipeline' retrieved from /opt/airflow/dags/water_quality_pipeline_dag.py
[2026-10-02T15:24:23.605+0000] {logging_mixin.py:190} INFO - [2026-10-02T15:24:23.605+0000] {dag.py:3239} INFO - Sync 1 DAGs
[2026-10-02T15:24:23.627+0000] {logging_mixin.py:190} INFO - [2026-10-02T15:24:23.626+0000] {dag.py:4180} INFO - Setting next_dagrun for water_quality_training_pipeline to None, run_after=None
[2026-10-02T15:24:23.657+0000] {processor.py:208} INFO - Processing /opt/airflow/dags/water_quality_pipeline_dag.py took 0.128 seconds
[2026-10-02T15:24:53.871+0000] {processor.py:186} INFO - Started process (PID=14131) to work on /opt/airflow/dags/water_quality_pipeline_dag.py
[2026-10-02T15:24:53.873+0000] {processor.py:914} INFO - Processing file /opt/airflow/dags/water_quality_pipeline_dag.py for tasks to queue
[2026-10-02T15:24:53.877+0000] {logging_mixin.py:190} INFO - [2026-10-02T15:24:53.876+0000] {dagbag.py:588} INFO - Filling up the DagBag from /opt/airflow/dags/water_quality_pipeline_dag.py
[2026-10-02T15:24:53.891+0000] {processor.py:925} INFO - DAG(s) 'water_quality_training_pipeline' retrieved from /opt/airflow/dags/water_quality_pipeline_dag.py
[2026-10-02T15:24:53.942+0000] {logging_mixin.py:190} INFO - [2026-10-02T15:24:53.941+0000] {dag.py:3239} INFO - Sync 1 DAGs
[2026-10-02T15:24:53.961+0000] {logging_mixin.py:190} INFO - [2026-10-02T15:24:53.961+0000] {dag.py:4180} INFO - Setting next_dagrun for water_quality_training_pipeline to None, run_after=None
[2026-10-02T15:24:53.985+0000] {processor.py:208} INFO - Processing /opt/airflow/dags/water_quality_pipeline_dag.py took 0.124 seconds
[2026-10-02T15:25:24.179+0000] {processor.py:186} INFO - Started process (PID=14153) to work on /opt/airflow/dags/water_quality_pipeline_dag.py
[2026-10-02T15:25:24.180+0000] {processor.py:914} INFO - Processing file /opt/airflow/dags/water_quality_pipeline_dag.py for tasks to queue
[2026-10-02T15:25:24.182+0000] {logging_mixin.py:190} INFO - [2026-10-02T15:25:24.182+0000] {dagbag.py:588} INFO - Filling up the DagBag from /opt/airflow/dags/water_quality_pipeline_dag.py
[2026-10-02T15:25:24.195+0000] {processor.py:925} INFO - DAG(s) 'water_quality_training_pipeline' retrieved from /opt/airflow/dags/water_quality_pipeline_dag.py
[2026-10-02T15:25:24.237+0000] {logging_mixin.py:190} INFO - [2026-10-02T15:25:24.236+0000] {dag.py:3239} INFO - Sync 1 DAGs
[2026-10-02T15:25:24.254+0000] {logging_mixin.py:190} INFO - [2026-10-02T15:25:24.254+0000] {dag.py:4180} INFO - Setting next_dagrun for water_quality_training_pipeline to None, run_after=None
[2026-10-02T15:25:24.274+0000] {processor.py:208} INFO - Processing /opt/airflow/dags/water_quality_pipeline_dag.py took 0.103 seconds
[2026-10-02T15:25:54.492+0000] {processor.py:186} INFO - Started process (PID=14174) to work on /opt/airflow/dags/water_quality_pipeline_dag.py
[2026-10-02T15:25:54.494+0000] {processor.py:914} INFO - Processing file /opt/airflow/dags/water_quality_pipeline_dag.py for tasks to queue
[2026-10-02T15:25:54.497+0000] {logging_mixin.py:190} INFO - [2026-10-02T15:25:54.497+0000] {dagbag.py:588} INFO - Filling up the DagBag from /opt/airflow/dags/water_quality_pipeline_dag.py
[2026-10-02T15:25:54.509+0000] {processor.py:925} INFO - DAG(s) 'water_quality_training_pipeline' retrieved from /opt/airflow/dags/water_quality_pipeline_dag.py
[2026-10-02T15:25:54.552+0000] {logging_mixin.py:190} INFO - [2026-10-02T15:25:54.551+0000] {dag.py:3239} INFO - Sync 1 DAGs
[2026-10-02T15:25:54.571+0000] {logging_mixin.py:190} INFO - [2026-10-02T15:25:54.570+0000] {dag.py:4180} INFO - Setting next_dagrun for water_quality_training_pipeline to None, run_after=None
[2026-10-02T15:25:54.593+0000] {processor.py:208} INFO - Processing /opt/airflow/dags/water_quality_pipeline_dag.py took 0.113 seconds
[2026-10-02T15:26:24.790+0000] {processor.py:186} INFO - Started process (PID=14203) to work on /opt/airflow/dags/water_quality_pipeline_dag.py
[2026-10-02T15:26:24.791+0000] {processor.py:914} INFO - Processing file /opt/airflow/dags/water_quality_pipeline_dag.py for tasks to queue
[2026-10-02T15:26:24.794+0000] {logging_mixin.py:190} INFO - [2026-10-02T15:26:24.793+0000] {dagbag.py:588} INFO - Filling up the DagBag from /opt/airflow/dags/water_quality_pipeline_dag.py
[2026-10-02T15:26:24.808+0000] {processor.py:925} INFO - DAG(s) 'water_quality_training_pipeline' retrieved from /opt/airflow/dags/water_quality_pipeline_dag.py
[2026-10-02T15:26:24.847+0000] {logging_mixin.py:190} INFO - [2026-10-02T15:26:24.846+0000] {dag.py:3239} INFO - Sync 1 DAGs
[2026-10-02T15:26:24.865+0000] {logging_mixin.py:190} INFO - [2026-10-02T15:26:24.865+0000] {dag.py:4180} INFO - Setting next_dagrun for water_quality_training_pipeline to None, run_after=None
[2026-10-02T15:26:24.888+0000] {processor.py:208} INFO - Processing /opt/airflow/dags/water_quality_pipeline_dag.py took 0.110 seconds
[2026-10-02T15:26:55.110+0000] {processor.py:186} INFO - Started process (PID=14224) to work on /opt/airflow/dags/water_quality_pipeline_dag.py
[2026-10-02T15:26:55.112+0000] {processor.py:914} INFO - Processing file /opt/airflow/dags/water_quality_pipeline_dag.py for tasks to queue
[2026-10-02T15:26:55.115+0000] {logging_mixin.py:190} INFO - [2026-10-02T15:26:55.115+0000] {dagbag.py:588} INFO - Filling up the DagBag from /opt/airflow/dags/water_quality_pipeline_dag.py
[2026-10-02T15:26:55.128+0000] {processor.py:925} INFO - DAG(s) 'water_quality_training_pipeline' retrieved from /opt/airflow/dags/water_quality_pipeline_dag.py
[2026-10-02T15:26:55.169+0000] {logging_mixin.py:190} INFO - [2026-10-02T15:26:55.169+0000] {dag.py:3239} INFO - Sync 1 DAGs
[2026-10-02T15:26:55.189+0000] {logging_mixin.py:190} INFO - [2026-10-02T15:26:55.189+0000] {dag.py:4180} INFO - Setting next_dagrun for water_quality_training_pipeline to None, run_after=None
[2026-10-02T15:26:55.210+0000] {processor.py:208} INFO - Processing /opt/airflow/dags/water_quality_pipeline_dag.py took 0.111 seconds
[2026-10-02T15:27:25.397+0000] {processor.py:186} INFO - Started process (PID=14252) to work on /opt/airflow/dags/water_quality_pipeline_dag.py
[2026-10-02T15:27:25.398+0000] {processor.py:914} INFO - Processing file /opt/airflow/dags/water_quality_pipeline_dag.py for tasks to queue
[2026-10-02T15:27:25.402+0000] {logging_mixin.py:190} INFO - [2026-10-02T15:27:25.401+0000] {dagbag.py:588} INFO - Filling up the DagBag from /opt/airflow/dags/water_quality_pipeline_dag.py
[2026-10-02T15:27:25.420+0000] {processor.py:925} INFO - DAG(s) 'water_quality_training_pipeline' retrieved from /opt/airflow/dags/water_quality_pipeline_dag.py
[2026-10-02T15:27:25.473+0000] {logging_mixin.py:190} INFO - [2026-10-02T15:27:25.473+0000] {dag.py:3239} INFO - Sync 1 DAGs
[2026-10-02T15:27:25.504+0000] {logging_mixin.py:190} INFO - [2026-10-02T15:27:25.503+0000] {dag.py:4180} INFO - Setting next_dagrun for water_quality_training_pipeline to None, run_after=None
[2026-10-02T15:27:25.528+0000] {processor.py:208} INFO - Processing /opt/airflow/dags/water_quality_pipeline_dag.py took 0.142 seconds
[2026-10-02T15:27:55.753+0000] {processor.py:186} INFO - Started process (PID=14274) to work on /opt/airflow/dags/water_quality_pipeline_dag.py
[2026-10-02T15:27:55.755+0000] {processor.py:914} INFO - Processing file /opt/airflow/dags/water_quality_pipeline_dag.py for tasks to queue
[2026-10-02T15:27:55.759+0000] {logging_mixin.py:190} INFO - [2026-10-02T15:27:55.758+0000] {dagbag.py:588} INFO - Filling up the DagBag from /opt/airflow/dags/water_quality_pipeline_dag.py
[2026-10-02T15:27:55.771+0000] {processor.py:925} INFO - DAG(s) 'water_quality_training_pipeline' retrieved from /opt/airflow/dags/water_quality_pipeline_dag.py
[2026-10-02T15:27:55.811+0000] {logging_mixin.py:190} INFO - [2026-10-02T15:27:55.810+0000] {dag.py:3239} INFO - Sync 1 DAGs
[2026-10-02T15:27:55.828+0000] {logging_mixin.py:190} INFO - [2026-10-02T15:27:55.827+0000] {dag.py:4180} INFO - Setting next_dagrun for water_quality_training_pipeline to None, run_after=None
[2026-10-02T15:27:55.847+0000] {processor.py:208} INFO - Processing /opt/airflow/dags/water_quality_pipeline_dag.py took 0.106 seconds
[2026-10-02T15:28:26.050+0000] {processor.py:186} INFO - Started process (PID=14295) to work on /opt/airflow/dags/water_quality_pipeline_dag.py
[2026-10-02T15:28:26.051+0000] {processor.py:914} INFO - Processing file /opt/airflow/dags/water_quality_pipeline_dag.py for tasks to queue
[2026-10-02T15:28:26.056+0000] {logging_mixin.py:190} INFO - [2026-10-02T15:28:26.055+0000] {dagbag.py:588} INFO - Filling up the DagBag from /opt/airflow/dags/water_quality_pipeline_dag.py
[2026-10-02T15:28:26.069+0000] {processor.py:925} INFO - DAG(s) 'water_quality_training_pipeline' retrieved from /opt/airflow/dags/water_quality_pipeline_dag.py
[2026-10-02T15:28:26.115+0000] {logging_mixin.py:190} INFO - [2026-10-02T15:28:26.115+0000] {dag.py:3239} INFO - Sync 1 DAGs
[2026-10-02T15:28:26.135+0000] {logging_mixin.py:190} INFO - [2026-10-02T15:28:26.135+0000] {dag.py:4180} INFO - Setting next_dagrun for water_quality_training_pipeline to None, run_after=None
[2026-10-02T15:28:26.166+0000] {processor.py:208} INFO - Processing /opt/airflow/dags/water_quality_pipeline_dag.py took 0.126 seconds
[2026-10-02T15:28:56.380+0000] {processor.py:186} INFO - Started process (PID=14323) to work on /opt/airflow/dags/water_quality_pipeline_dag.py
[2026-10-02T15:28:56.381+0000] {processor.py:914} INFO - Processing file /opt/airflow/dags/water_quality_pipeline_dag.py for tasks to queue
[2026-10-02T15:28:56.384+0000] {logging_mixin.py:190} INFO - [2026-10-02T15:28:56.383+0000] {dagbag.py:588} INFO - Filling up the DagBag from /opt/airflow/dags/water_quality_pipeline_dag.py
[2026-10-02T15:28:56.397+0000] {processor.py:925} INFO - DAG(s) 'water_quality_training_pipeline' retrieved from /opt/airflow/dags/water_quality_pipeline_dag.py
[2026-10-02T15:28:56.433+0000] {logging_mixin.py:190} INFO - [2026-10-02T15:28:56.432+0000] {dag.py:3239} INFO - Sync 1 DAGs
[2026-10-02T15:28:56.445+0000] {logging_mixin.py:190} INFO - [2026-10-02T15:28:56.444+0000] {dag.py:4180} INFO - Setting next_dagrun for water_quality_training_pipeline to None, run_after=None
[2026-10-02T15:28:56.462+0000] {processor.py:208} INFO - Processing /opt/airflow/dags/water_quality_pipeline_dag.py took 0.096 seconds
[2026-10-02T15:29:26.690+0000] {processor.py:186} INFO - Started process (PID=14345) to work on /opt/airflow/dags/water_quality_pipeline_dag.py
[2026-10-02T15:29:26.691+0000] {processor.py:914} INFO - Processing file /opt/airflow/dags/water_quality_pipeline_dag.py for tasks to queue
[2026-10-02T15:29:26.694+0000] {logging_mixin.py:190} INFO - [2026-10-02T15:29:26.693+0000] {dagbag.py:588} INFO - Filling up the DagBag from /opt/airflow/dags/water_quality_pipeline_dag.py
[2026-10-02T15:29:26.706+0000] {processor.py:925} INFO - DAG(s) 'water_quality_training_pipeline' retrieved from /opt/airflow/dags/water_quality_pipeline_dag.py
[2026-10-02T15:29:26.742+0000] {logging_mixin.py:190} INFO - [2026-10-02T15:29:26.742+0000] {dag.py:3239} INFO - Sync 1 DAGs
[2026-10-02T15:29:26.760+0000] {logging_mixin.py:190} INFO - [2026-10-02T15:29:26.759+0000] {dag.py:4180} INFO - Setting next_dagrun for water_quality_training_pipeline to None, run_after=None
[2026-10-02T15:29:26.789+0000] {processor.py:208} INFO - Processing /opt/airflow/dags/water_quality_pipeline_dag.py took 0.113 seconds
[2026-10-02T15:29:56.990+0000] {processor.py:186} INFO - Started process (PID=14366) to work on /opt/airflow/dags/water_quality_pipeline_dag.py
[2026-10-02T15:29:56.991+0000] {processor.py:914} INFO - Processing file /opt/airflow/dags/water_quality_pipeline_dag.py for tasks to queue
[2026-10-02T15:29:56.994+0000] {logging_mixin.py:190} INFO - [2026-10-02T15:29:56.993+0000] {dagbag.py:588} INFO - Filling up the DagBag from /opt/airflow/dags/water_quality_pipeline_dag.py
[2026-10-02T15:29:57.007+0000] {processor.py:925} INFO - DAG(s) 'water_quality_training_pipeline' retrieved from /opt/airflow/dags/water_quality_pipeline_dag.py
[2026-10-02T15:29:57.052+0000] {logging_mixin.py:190} INFO - [2026-10-02T15:29:57.052+0000] {dag.py:3239} INFO - Sync 1 DAGs
[2026-10-02T15:29:57.070+0000] {logging_mixin.py:190} INFO - [2026-10-02T15:29:57.070+0000] {dag.py:4180} INFO - Setting next_dagrun for water_quality_training_pipeline to None, run_after=None
[2026-10-02T15:29:57.093+0000] {processor.py:208} INFO - Processing /opt/airflow/dags/water_quality_pipeline_dag.py took 0.113 seconds
[2026-10-02T15:30:27.349+0000] {processor.py:186} INFO - Started process (PID=14395) to work on /opt/airflow/dags/water_quality_pipeline_dag.py
[2026-10-02T15:30:27.350+0000] {processor.py:914} INFO - Processing file /opt/airflow/dags/water_quality_pipeline_dag.py for tasks to queue
[2026-10-02T15:30:27.353+0000] {logging_mixin.py:190} INFO - [2026-10-02T15:30:27.352+0000] {dagbag.py:588} INFO - Filling up the DagBag from /opt/airflow/dags/water_quality_pipeline_dag.py
[2026-10-02T15:30:27.366+0000] {processor.py:925} INFO - DAG(s) 'water_quality_training_pipeline' retrieved from /opt/airflow/dags/water_quality_pipeline_dag.py
[2026-10-02T15:30:27.413+0000] {logging_mixin.py:190} INFO - [2026-10-02T15:30:27.412+0000] {dag.py:3239} INFO - Sync 1 DAGs
[2026-10-02T15:30:27.447+0000] {logging_mixin.py:190} INFO - [2026-10-02T15:30:27.446+0000] {dag.py:4180} INFO - Setting next_dagrun for water_quality_training_pipeline to None, run_after=None
[2026-10-02T15:30:27.475+0000] {processor.py:208} INFO - Processing /opt/airflow/dags/water_quality_pipeline_dag.py took 0.137 seconds
[2026-10-02T15:30:57.611+0000] {processor.py:186} INFO - Started process (PID=14416) to work on /opt/airflow/dags/water_quality_pipeline_dag.py
[2026-10-02T15:30:57.613+0000] {processor.py:914} INFO - Processing file /opt/airflow/dags/water_quality_pipeline_dag.py for tasks to queue
[2026-10-02T15:30:57.616+0000] {logging_mixin.py:190} INFO - [2026-10-02T15:30:57.615+0000] {dagbag.py:588} INFO - Filling up the DagBag from /opt/airflow/dags/water_quality_pipeline_dag.py
[2026-10-02T15:30:57.627+0000] {processor.py:925} INFO - DAG(s) 'water_quality_training_pipeline' retrieved from /opt/airflow/dags/water_quality_pipeline_dag.py
[2026-10-02T15:30:57.672+0000] {logging_mixin.py:190} INFO - [2026-10-02T15:30:57.671+0000] {dag.py:3239} INFO - Sync 1 DAGs
[2026-10-02T15:30:57.690+0000] {logging_mixin.py:190} INFO - [2026-10-02T15:30:57.689+0000] {dag.py:4180} INFO - Setting next_dagrun for water_quality_training_pipeline to None, run_after=None
[2026-10-02T15:30:57.714+0000] {processor.py:208} INFO - Processing /opt/airflow/dags/water_quality_pipeline_dag.py took 0.112 seconds
[2026-10-02T15:31:27.868+0000] {processor.py:186} INFO - Started process (PID=14445) to work on /opt/airflow/dags/water_quality_pipeline_dag.py
[2026-10-02T15:31:27.869+0000] {processor.py:914} INFO - Processing file /opt/airflow/dags/water_quality_pipeline_dag.py for tasks to queue
[2026-10-02T15:31:27.873+0000] {logging_mixin.py:190} INFO - [2026-10-02T15:31:27.873+0000] {dagbag.py:588} INFO - Filling up the DagBag from /opt/airflow/dags/water_quality_pipeline_dag.py
[2026-10-02T15:31:27.886+0000] {processor.py:925} INFO - DAG(s) 'water_quality_training_pipeline' retrieved from /opt/airflow/dags/water_quality_pipeline_dag.py
[2026-10-02T15:31:27.934+0000] {logging_mixin.py:190} INFO - [2026-10-02T15:31:27.934+0000] {dag.py:3239} INFO - Sync 1 DAGs
[2026-10-02T15:31:27.953+0000] {logging_mixin.py:190} INFO - [2026-10-02T15:31:27.952+0000] {dag.py:4180} INFO - Setting next_dagrun for water_quality_training_pipeline to None, run_after=None
[2026-10-02T15:31:27.976+0000] {processor.py:208} INFO - Processing /opt/airflow/dags/water_quality_pipeline_dag.py took 0.118 seconds
[2026-10-02T15:31:58.221+0000] {processor.py:186} INFO - Started process (PID=14467) to work on /opt/airflow/dags/water_quality_pipeline_dag.py
[2026-10-02T15:31:58.224+0000] {processor.py:914} INFO - Processing file /opt/airflow/dags/water_quality_pipeline_dag.py for tasks to queue
[2026-10-02T15:31:58.228+0000] {logging_mixin.py:190} INFO - [2026-10-02T15:31:58.228+0000] {dagbag.py:588} INFO - Filling up the DagBag from /opt/airflow/dags/water_quality_pipeline_dag.py
[2026-10-02T15:31:58.239+0000] {processor.py:925} INFO - DAG(s) 'water_quality_training_pipeline' retrieved from /opt/airflow/dags/water_quality_pipeline_dag.py
[2026-10-02T15:31:58.280+0000] {logging_mixin.py:190} INFO - [2026-10-02T15:31:58.279+0000] {dag.py:3239} INFO - Sync 1 DAGs
[2026-10-02T15:31:58.299+0000] {logging_mixin.py:190} INFO - [2026-10-02T15:31:58.299+0000] {dag.py:4180} INFO - Setting next_dagrun for water_quality_training_pipeline to None, run_after=None
[2026-10-02T15:31:58.330+0000] {processor.py:208} INFO - Processing /opt/airflow/dags/water_quality_pipeline_dag.py took 0.119 seconds
[2026-10-02T15:32:28.509+0000] {processor.py:186} INFO - Started process (PID=14488) to work on /opt/airflow/dags/water_quality_pipeline_dag.py
[2026-10-02T15:32:28.510+0000] {processor.py:914} INFO - Processing file /opt/airflow/dags/water_quality_pipeline_dag.py for tasks to queue
[2026-10-02T15:32:28.516+0000] {logging_mixin.py:190} INFO - [2026-10-02T15:32:28.515+0000] {dagbag.py:588} INFO - Filling up the DagBag from /opt/airflow/dags/water_quality_pipeline_dag.py
[2026-10-02T15:32:28.551+0000] {processor.py:925} INFO - DAG(s) 'water_quality_training_pipeline' retrieved from /opt/airflow/dags/water_quality_pipeline_dag.py
[2026-10-02T15:32:28.602+0000] {logging_mixin.py:190} INFO - [2026-10-02T15:32:28.602+0000] {dag.py:3239} INFO - Sync 1 DAGs
[2026-10-02T15:32:28.625+0000] {logging_mixin.py:190} INFO - [2026-10-02T15:32:28.625+0000] {dag.py:4180} INFO - Setting next_dagrun for water_quality_training_pipeline to None, run_after=None
[2026-10-02T15:32:28.650+0000] {processor.py:208} INFO - Processing /opt/airflow/dags/water_quality_pipeline_dag.py took 0.151 seconds
[2026-10-02T15:32:58.861+0000] {processor.py:186} INFO - Started process (PID=14516) to work on /opt/airflow/dags/water_quality_pipeline_dag.py
[2026-10-02T15:32:58.864+0000] {processor.py:914} INFO - Processing file /opt/airflow/dags/water_quality_pipeline_dag.py for tasks to queue
[2026-10-02T15:32:58.866+0000] {logging_mixin.py:190} INFO - [2026-10-02T15:32:58.866+0000] {dagbag.py:588} INFO - Filling up the DagBag from /opt/airflow/dags/water_quality_pipeline_dag.py
[2026-10-02T15:32:58.878+0000] {processor.py:925} INFO - DAG(s) 'water_quality_training_pipeline' retrieved from /opt/airflow/dags/water_quality_pipeline_dag.py
[2026-10-02T15:32:58.919+0000] {logging_mixin.py:190} INFO - [2026-10-02T15:32:58.918+0000] {dag.py:3239} INFO - Sync 1 DAGs
[2026-10-02T15:32:58.941+0000] {logging_mixin.py:190} INFO - [2026-10-02T15:32:58.941+0000] {dag.py:4180} INFO - Setting next_dagrun for water_quality_training_pipeline to None, run_after=None
[2026-10-02T15:32:58.967+0000] {processor.py:208} INFO - Processing /opt/airflow/dags/water_quality_pipeline_dag.py took 0.118 seconds
[2026-10-02T15:33:29.174+0000] {processor.py:186} INFO - Started process (PID=14536) to work on /opt/airflow/dags/water_quality_pipeline_dag.py
[2026-10-02T15:33:29.175+0000] {processor.py:914} INFO - Processing file /opt/airflow/dags/water_quality_pipeline_dag.py for tasks to queue
[2026-10-02T15:33:29.178+0000] {logging_mixin.py:190} INFO - [2026-10-02T15:33:29.177+0000] {dagbag.py:588} INFO - Filling up the DagBag from /opt/airflow/dags/water_quality_pipeline_dag.py
[2026-10-02T15:33:29.189+0000] {processor.py:925} INFO - DAG(s) 'water_quality_training_pipeline' retrieved from /opt/airflow/dags/water_quality_pipeline_dag.py
[2026-10-02T15:33:29.229+0000] {logging_mixin.py:190} INFO - [2026-10-02T15:33:29.228+0000] {dag.py:3239} INFO - Sync 1 DAGs
[2026-10-02T15:33:29.250+0000] {logging_mixin.py:190} INFO - [2026-10-02T15:33:29.249+0000] {dag.py:4180} INFO - Setting next_dagrun for water_quality_training_pipeline to None, run_after=None
[2026-10-02T15:33:29.274+0000] {processor.py:208} INFO - Processing /opt/airflow/dags/water_quality_pipeline_dag.py took 0.113 seconds
[2026-10-02T15:33:59.504+0000] {processor.py:186} INFO - Started process (PID=14557) to work on /opt/airflow/dags/water_quality_pipeline_dag.py
[2026-10-02T15:33:59.507+0000] {processor.py:914} INFO - Processing file /opt/airflow/dags/water_quality_pipeline_dag.py for tasks to queue
[2026-10-02T15:33:59.510+0000] {logging_mixin.py:190} INFO - [2026-10-02T15:33:59.509+0000] {dagbag.py:588} INFO - Filling up the DagBag from /opt/airflow/dags/water_quality_pipeline_dag.py
[2026-10-02T15:33:59.524+0000] {processor.py:925} INFO - DAG(s) 'water_quality_training_pipeline' retrieved from /opt/airflow/dags/water_quality_pipeline_dag.py
[2026-10-02T15:33:59.569+0000] {logging_mixin.py:190} INFO - [2026-10-02T15:33:59.569+0000] {dag.py:3239} INFO - Sync 1 DAGs
[2026-10-02T15:33:59.589+0000] {logging_mixin.py:190} INFO - [2026-10-02T15:33:59.589+0000] {dag.py:4180} INFO - Setting next_dagrun for water_quality_training_pipeline to None, run_after=None
[2026-10-02T15:33:59.613+0000] {processor.py:208} INFO - Processing /opt/airflow/dags/water_quality_pipeline_dag.py took 0.123 seconds
[2026-10-02T15:34:29.828+0000] {processor.py:186} INFO - Started process (PID=14586) to work on /opt/airflow/dags/water_quality_pipeline_dag.py
[2026-10-02T15:34:29.829+0000] {processor.py:914} INFO - Processing file /opt/airflow/dags/water_quality_pipeline_dag.py for tasks to queue
[2026-10-02T15:34:29.833+0000] {logging_mixin.py:190} INFO - [2026-10-02T15:34:29.832+0000] {dagbag.py:588} INFO - Filling up the DagBag from /opt/airflow/dags/water_quality_pipeline_dag.py
[2026-10-02T15:34:29.846+0000] {processor.py:925} INFO - DAG(s) 'water_quality_training_pipeline' retrieved from /opt/airflow/dags/water_quality_pipeline_dag.py
[2026-10-02T15:34:29.886+0000] {logging_mixin.py:190} INFO - [2026-10-02T15:34:29.886+0000] {dag.py:3239} INFO - Sync 1 DAGs
[2026-10-02T15:34:29.905+0000] {logging_mixin.py:190} INFO - [2026-10-02T15:34:29.905+0000] {dag.py:4180} INFO - Setting next_dagrun for water_quality_training_pipeline to None, run_after=None
[2026-10-02T15:34:29.933+0000] {processor.py:208} INFO - Processing /opt/airflow/dags/water_quality_pipeline_dag.py took 0.119 seconds
[2026-10-02T15:35:00.153+0000] {processor.py:186} INFO - Started process (PID=14607) to work on /opt/airflow/dags/water_quality_pipeline_dag.py
[2026-10-02T15:35:00.156+0000] {processor.py:914} INFO - Processing file /opt/airflow/dags/water_quality_pipeline_dag.py for tasks to queue
[2026-10-02T15:35:00.159+0000] {logging_mixin.py:190} INFO - [2026-10-02T15:35:00.158+0000] {dagbag.py:588} INFO - Filling up the DagBag from /opt/airflow/dags/water_quality_pipeline_dag.py
[2026-10-02T15:35:00.172+0000] {processor.py:925} INFO - DAG(s) 'water_quality_training_pipeline' retrieved from /opt/airflow/dags/water_quality_pipeline_dag.py
[2026-10-02T15:35:00.228+0000] {logging_mixin.py:190} INFO - [2026-10-02T15:35:00.227+0000] {dag.py:3239} INFO - Sync 1 DAGs
[2026-10-02T15:35:00.247+0000] {logging_mixin.py:190} INFO - [2026-10-02T15:35:00.247+0000] {dag.py:4180} INFO - Setting next_dagrun for water_quality_training_pipeline to None, run_after=None
[2026-10-02T15:35:00.273+0000] {processor.py:208} INFO - Processing /opt/airflow/dags/water_quality_pipeline_dag.py took 0.130 seconds
[2026-10-02T15:35:30.465+0000] {processor.py:186} INFO - Started process (PID=14636) to work on /opt/airflow/dags/water_quality_pipeline_dag.py
[2026-10-02T15:35:30.466+0000] {processor.py:914} INFO - Processing file /opt/airflow/dags/water_quality_pipeline_dag.py for tasks to queue
[2026-10-02T15:35:30.470+0000] {logging_mixin.py:190} INFO - [2026-10-02T15:35:30.469+0000] {dagbag.py:588} INFO - Filling up the DagBag from /opt/airflow/dags/water_quality_pipeline_dag.py
[2026-10-02T15:35:30.484+0000] {processor.py:925} INFO - DAG(s) 'water_quality_training_pipeline' retrieved from /opt/airflow/dags/water_quality_pipeline_dag.py
[2026-10-02T15:35:30.519+0000] {logging_mixin.py:190} INFO - [2026-10-02T15:35:30.519+0000] {dag.py:3239} INFO - Sync 1 DAGs
[2026-10-02T15:35:30.541+0000] {logging_mixin.py:190} INFO - [2026-10-02T15:35:30.540+0000] {dag.py:4180} INFO - Setting next_dagrun for water_quality_training_pipeline to None, run_after=None
[2026-10-02T15:35:30.564+0000] {processor.py:208} INFO - Processing /opt/airflow/dags/water_quality_pipeline_dag.py took 0.112 seconds
[2026-10-02T15:36:00.799+0000] {processor.py:186} INFO - Started process (PID=14657) to work on /opt/airflow/dags/water_quality_pipeline_dag.py
[2026-10-02T15:36:00.801+0000] {processor.py:914} INFO - Processing file /opt/airflow/dags/water_quality_pipeline_dag.py for tasks to queue
[2026-10-02T15:36:00.804+0000] {logging_mixin.py:190} INFO - [2026-10-02T15:36:00.804+0000] {dagbag.py:588} INFO - Filling up the DagBag from /opt/airflow/dags/water_quality_pipeline_dag.py
[2026-10-02T15:36:00.816+0000] {processor.py:925} INFO - DAG(s) 'water_quality_training_pipeline' retrieved from /opt/airflow/dags/water_quality_pipeline_dag.py
[2026-10-02T15:36:00.856+0000] {logging_mixin.py:190} INFO - [2026-10-02T15:36:00.856+0000] {dag.py:3239} INFO - Sync 1 DAGs
[2026-10-02T15:36:00.876+0000] {logging_mixin.py:190} INFO - [2026-10-02T15:36:00.875+0000] {dag.py:4180} INFO - Setting next_dagrun for water_quality_training_pipeline to None, run_after=None
[2026-10-02T15:36:00.900+0000] {processor.py:208} INFO - Processing /opt/airflow/dags/water_quality_pipeline_dag.py took 0.112 seconds
[2026-10-02T15:36:31.075+0000] {processor.py:186} INFO - Started process (PID=14678) to work on /opt/airflow/dags/water_quality_pipeline_dag.py
[2026-10-02T15:36:31.076+0000] {processor.py:914} INFO - Processing file /opt/airflow/dags/water_quality_pipeline_dag.py for tasks to queue
[2026-10-02T15:36:31.080+0000] {logging_mixin.py:190} INFO - [2026-10-02T15:36:31.079+0000] {dagbag.py:588} INFO - Filling up the DagBag from /opt/airflow/dags/water_quality_pipeline_dag.py
[2026-10-02T15:36:31.092+0000] {processor.py:925} INFO - DAG(s) 'water_quality_training_pipeline' retrieved from /opt/airflow/dags/water_quality_pipeline_dag.py
[2026-10-02T15:36:31.133+0000] {logging_mixin.py:190} INFO - [2026-10-02T15:36:31.133+0000] {dag.py:3239} INFO - Sync 1 DAGs
[2026-10-02T15:36:31.152+0000] {logging_mixin.py:190} INFO - [2026-10-02T15:36:31.152+0000] {dag.py:4180} INFO - Setting next_dagrun for water_quality_training_pipeline to None, run_after=None
[2026-10-02T15:36:31.174+0000] {processor.py:208} INFO - Processing /opt/airflow/dags/water_quality_pipeline_dag.py took 0.107 seconds
[2026-10-02T15:37:01.427+0000] {processor.py:186} INFO - Started process (PID=14706) to work on /opt/airflow/dags/water_quality_pipeline_dag.py
[2026-10-02T15:37:01.430+0000] {processor.py:914} INFO - Processing file /opt/airflow/dags/water_quality_pipeline_dag.py for tasks to queue
[2026-10-02T15:37:01.433+0000] {logging_mixin.py:190} INFO - [2026-10-02T15:37:01.433+0000] {dagbag.py:588} INFO - Filling up the DagBag from /opt/airflow/dags/water_quality_pipeline_dag.py
[2026-10-02T15:37:01.446+0000] {processor.py:925} INFO - DAG(s) 'water_quality_training_pipeline' retrieved from /opt/airflow/dags/water_quality_pipeline_dag.py
[2026-10-02T15:37:01.485+0000] {logging_mixin.py:190} INFO - [2026-10-02T15:37:01.484+0000] {dag.py:3239} INFO - Sync 1 DAGs
[2026-10-02T15:37:01.504+0000] {logging_mixin.py:190} INFO - [2026-10-02T15:37:01.503+0000] {dag.py:4180} INFO - Setting next_dagrun for water_quality_training_pipeline to None, run_after=None
[2026-10-02T15:37:01.524+0000] {processor.py:208} INFO - Processing /opt/airflow/dags/water_quality_pipeline_dag.py took 0.109 seconds
[2026-10-02T15:37:31.701+0000] {processor.py:186} INFO - Started process (PID=14727) to work on /opt/airflow/dags/water_quality_pipeline_dag.py
[2026-10-02T15:37:31.702+0000] {processor.py:914} INFO - Processing file /opt/airflow/dags/water_quality_pipeline_dag.py for tasks to queue
[2026-10-02T15:37:31.704+0000] {logging_mixin.py:190} INFO - [2026-10-02T15:37:31.704+0000] {dagbag.py:588} INFO - Filling up the DagBag from /opt/airflow/dags/water_quality_pipeline_dag.py
[2026-10-02T15:37:31.717+0000] {processor.py:925} INFO - DAG(s) 'water_quality_training_pipeline' retrieved from /opt/airflow/dags/water_quality_pipeline_dag.py
[2026-10-02T15:37:31.755+0000] {logging_mixin.py:190} INFO - [2026-10-02T15:37:31.754+0000] {dag.py:3239} INFO - Sync 1 DAGs
[2026-10-02T15:37:31.772+0000] {logging_mixin.py:190} INFO - [2026-10-02T15:37:31.772+0000] {dag.py:4180} INFO - Setting next_dagrun for water_quality_training_pipeline to None, run_after=None
[2026-10-02T15:37:31.796+0000] {processor.py:208} INFO - Processing /opt/airflow/dags/water_quality_pipeline_dag.py took 0.109 seconds
[2026-10-02T15:38:02.034+0000] {processor.py:186} INFO - Started process (PID=14755) to work on /opt/airflow/dags/water_quality_pipeline_dag.py
[2026-10-02T15:38:02.037+0000] {processor.py:914} INFO - Processing file /opt/airflow/dags/water_quality_pipeline_dag.py for tasks to queue
[2026-10-02T15:38:02.041+0000] {logging_mixin.py:190} INFO - [2026-10-02T15:38:02.040+0000] {dagbag.py:588} INFO - Filling up the DagBag from /opt/airflow/dags/water_quality_pipeline_dag.py
[2026-10-02T15:38:02.056+0000] {processor.py:925} INFO - DAG(s) 'water_quality_training_pipeline' retrieved from /opt/airflow/dags/water_quality_pipeline_dag.py
[2026-10-02T15:38:02.098+0000] {logging_mixin.py:190} INFO - [2026-10-02T15:38:02.097+0000] {dag.py:3239} INFO - Sync 1 DAGs
[2026-10-02T15:38:02.116+0000] {logging_mixin.py:190} INFO - [2026-10-02T15:38:02.116+0000] {dag.py:4180} INFO - Setting next_dagrun for water_quality_training_pipeline to None, run_after=None
[2026-10-02T15:38:02.138+0000] {processor.py:208} INFO - Processing /opt/airflow/dags/water_quality_pipeline_dag.py took 0.113 seconds
[2026-10-02T15:38:32.321+0000] {processor.py:186} INFO - Started process (PID=14777) to work on /opt/airflow/dags/water_quality_pipeline_dag.py
[2026-10-02T15:38:32.322+0000] {processor.py:914} INFO - Processing file /opt/airflow/dags/water_quality_pipeline_dag.py for tasks to queue
[2026-10-02T15:38:32.324+0000] {logging_mixin.py:190} INFO - [2026-10-02T15:38:32.324+0000] {dagbag.py:588} INFO - Filling up the DagBag from /opt/airflow/dags/water_quality_pipeline_dag.py
[2026-10-02T15:38:32.337+0000] {processor.py:925} INFO - DAG(s) 'water_quality_training_pipeline' retrieved from /opt/airflow/dags/water_quality_pipeline_dag.py
[2026-10-02T15:38:32.378+0000] {logging_mixin.py:190} INFO - [2026-10-02T15:38:32.378+0000] {dag.py:3239} INFO - Sync 1 DAGs
[2026-10-02T15:38:32.398+0000] {logging_mixin.py:190} INFO - [2026-10-02T15:38:32.397+0000] {dag.py:4180} INFO - Setting next_dagrun for water_quality_training_pipeline to None, run_after=None
[2026-10-02T15:38:32.423+0000] {processor.py:208} INFO - Processing /opt/airflow/dags/water_quality_pipeline_dag.py took 0.111 seconds
[2026-10-02T15:39:02.653+0000] {processor.py:186} INFO - Started process (PID=14798) to work on /opt/airflow/dags/water_quality_pipeline_dag.py
[2026-10-02T15:39:02.655+0000] {processor.py:914} INFO - Processing file /opt/airflow/dags/water_quality_pipeline_dag.py for tasks to queue
[2026-10-02T15:39:02.658+0000] {logging_mixin.py:190} INFO - [2026-10-02T15:39:02.658+0000] {dagbag.py:588} INFO - Filling up the DagBag from /opt/airflow/dags/water_quality_pipeline_dag.py
[2026-10-02T15:39:02.673+0000] {processor.py:925} INFO - DAG(s) 'water_quality_training_pipeline' retrieved from /opt/airflow/dags/water_quality_pipeline_dag.py
[2026-10-02T15:39:02.714+0000] {logging_mixin.py:190} INFO - [2026-10-02T15:39:02.713+0000] {dag.py:3239} INFO - Sync 1 DAGs
[2026-10-02T15:39:02.731+0000] {logging_mixin.py:190} INFO - [2026-10-02T15:39:02.730+0000] {dag.py:4180} INFO - Setting next_dagrun for water_quality_training_pipeline to None, run_after=None
[2026-10-02T15:39:02.750+0000] {processor.py:208} INFO - Processing /opt/airflow/dags/water_quality_pipeline_dag.py took 0.108 seconds
[2026-10-02T15:39:32.948+0000] {processor.py:186} INFO - Started process (PID=14827) to work on /opt/airflow/dags/water_quality_pipeline_dag.py
[2026-10-02T15:39:32.950+0000] {processor.py:914} INFO - Processing file /opt/airflow/dags/water_quality_pipeline_dag.py for tasks to queue
[2026-10-02T15:39:32.953+0000] {logging_mixin.py:190} INFO - [2026-10-02T15:39:32.953+0000] {dagbag.py:588} INFO - Filling up the DagBag from /opt/airflow/dags/water_quality_pipeline_dag.py
[2026-10-02T15:39:32.968+0000] {processor.py:925} INFO - DAG(s) 'water_quality_training_pipeline' retrieved from /opt/airflow/dags/water_quality_pipeline_dag.py
[2026-10-02T15:39:33.004+0000] {logging_mixin.py:190} INFO - [2026-10-02T15:39:33.004+0000] {dag.py:3239} INFO - Sync 1 DAGs
[2026-10-02T15:39:33.025+0000] {logging_mixin.py:190} INFO - [2026-10-02T15:39:33.024+0000] {dag.py:4180} INFO - Setting next_dagrun for water_quality_training_pipeline to None, run_after=None
[2026-10-02T15:39:33.052+0000] {processor.py:208} INFO - Processing /opt/airflow/dags/water_quality_pipeline_dag.py took 0.113 seconds
[2026-10-02T15:40:03.269+0000] {processor.py:186} INFO - Started process (PID=14848) to work on /opt/airflow/dags/water_quality_pipeline_dag.py
[2026-10-02T15:40:03.272+0000] {processor.py:914} INFO - Processing file /opt/airflow/dags/water_quality_pipeline_dag.py for tasks to queue
[2026-10-02T15:40:03.275+0000] {logging_mixin.py:190} INFO - [2026-10-02T15:40:03.275+0000] {dagbag.py:588} INFO - Filling up the DagBag from /opt/airflow/dags/water_quality_pipeline_dag.py
[2026-10-02T15:40:03.289+0000] {processor.py:925} INFO - DAG(s) 'water_quality_training_pipeline' retrieved from /opt/airflow/dags/water_quality_pipeline_dag.py
[2026-10-02T15:40:03.329+0000] {logging_mixin.py:190} INFO - [2026-10-02T15:40:03.329+0000] {dag.py:3239} INFO - Sync 1 DAGs
[2026-10-02T15:40:03.347+0000] {logging_mixin.py:190} INFO - [2026-10-02T15:40:03.347+0000] {dag.py:4180} INFO - Setting next_dagrun for water_quality_training_pipeline to None, run_after=None
[2026-10-02T15:40:03.371+0000] {processor.py:208} INFO - Processing /opt/airflow/dags/water_quality_pipeline_dag.py took 0.113 seconds
[2026-10-02T15:40:33.585+0000] {processor.py:186} INFO - Started process (PID=14876) to work on /opt/airflow/dags/water_quality_pipeline_dag.py
[2026-10-02T15:40:33.586+0000] {processor.py:914} INFO - Processing file /opt/airflow/dags/water_quality_pipeline_dag.py for tasks to queue
[2026-10-02T15:40:33.589+0000] {logging_mixin.py:190} INFO - [2026-10-02T15:40:33.589+0000] {dagbag.py:588} INFO - Filling up the DagBag from /opt/airflow/dags/water_quality_pipeline_dag.py
[2026-10-02T15:40:33.604+0000] {processor.py:925} INFO - DAG(s) 'water_quality_training_pipeline' retrieved from /opt/airflow/dags/water_quality_pipeline_dag.py
[2026-10-02T15:40:33.644+0000] {logging_mixin.py:190} INFO - [2026-10-02T15:40:33.644+0000] {dag.py:3239} INFO - Sync 1 DAGs
[2026-10-02T15:40:33.664+0000] {logging_mixin.py:190} INFO - [2026-10-02T15:40:33.663+0000] {dag.py:4180} INFO - Setting next_dagrun for water_quality_training_pipeline to None, run_after=None
[2026-10-02T15:40:33.687+0000] {processor.py:208} INFO - Processing /opt/airflow/dags/water_quality_pipeline_dag.py took 0.111 seconds
[2026-10-02T15:41:03.870+0000] {processor.py:186} INFO - Started process (PID=14898) to work on /opt/airflow/dags/water_quality_pipeline_dag.py
[2026-10-02T15:41:03.872+0000] {processor.py:914} INFO - Processing file /opt/airflow/dags/water_quality_pipeline_dag.py for tasks to queue
[2026-10-02T15:41:03.876+0000] {logging_mixin.py:190} INFO - [2026-10-02T15:41:03.875+0000] {dagbag.py:588} INFO - Filling up the DagBag from /opt/airflow/dags/water_quality_pipeline_dag.py
[2026-10-02T15:41:03.889+0000] {processor.py:925} INFO - DAG(s) 'water_quality_training_pipeline' retrieved from /opt/airflow/dags/water_quality_pipeline_dag.py
[2026-10-02T15:41:03.925+0000] {logging_mixin.py:190} INFO - [2026-10-02T15:41:03.925+0000] {dag.py:3239} INFO - Sync 1 DAGs
[2026-10-02T15:41:03.945+0000] {logging_mixin.py:190} INFO - [2026-10-02T15:41:03.944+0000] {dag.py:4180} INFO - Setting next_dagrun for water_quality_training_pipeline to None, run_after=None
[2026-10-02T15:41:03.968+0000] {processor.py:208} INFO - Processing /opt/airflow/dags/water_quality_pipeline_dag.py took 0.108 seconds
[2026-10-02T15:41:34.211+0000] {processor.py:186} INFO - Started process (PID=14919) to work on /opt/airflow/dags/water_quality_pipeline_dag.py
[2026-10-02T15:41:34.212+0000] {processor.py:914} INFO - Processing file /opt/airflow/dags/water_quality_pipeline_dag.py for tasks to queue
[2026-10-02T15:41:34.215+0000] {logging_mixin.py:190} INFO - [2026-10-02T15:41:34.214+0000] {dagbag.py:588} INFO - Filling up the DagBag from /opt/airflow/dags/water_quality_pipeline_dag.py
[2026-10-02T15:41:34.226+0000] {processor.py:925} INFO - DAG(s) 'water_quality_training_pipeline' retrieved from /opt/airflow/dags/water_quality_pipeline_dag.py
[2026-10-02T15:41:34.266+0000] {logging_mixin.py:190} INFO - [2026-10-02T15:41:34.266+0000] {dag.py:3239} INFO - Sync 1 DAGs
[2026-10-02T15:41:34.285+0000] {logging_mixin.py:190} INFO - [2026-10-02T15:41:34.284+0000] {dag.py:4180} INFO - Setting next_dagrun for water_quality_training_pipeline to None, run_after=None
[2026-10-02T15:41:34.313+0000] {processor.py:208} INFO - Processing /opt/airflow/dags/water_quality_pipeline_dag.py took 0.116 seconds
[2026-10-02T15:42:04.477+0000] {processor.py:186} INFO - Started process (PID=14948) to work on /opt/airflow/dags/water_quality_pipeline_dag.py
[2026-10-02T15:42:04.478+0000] {processor.py:914} INFO - Processing file /opt/airflow/dags/water_quality_pipeline_dag.py for tasks to queue
[2026-10-02T15:42:04.482+0000] {logging_mixin.py:190} INFO - [2026-10-02T15:42:04.481+0000] {dagbag.py:588} INFO - Filling up the DagBag from /opt/airflow/dags/water_quality_pipeline_dag.py
[2026-10-02T15:42:04.497+0000] {processor.py:925} INFO - DAG(s) 'water_quality_training_pipeline' retrieved from /opt/airflow/dags/water_quality_pipeline_dag.py
[2026-10-02T15:42:04.545+0000] {logging_mixin.py:190} INFO - [2026-10-02T15:42:04.544+0000] {dag.py:3239} INFO - Sync 1 DAGs
[2026-10-02T15:42:04.565+0000] {logging_mixin.py:190} INFO - [2026-10-02T15:42:04.564+0000] {dag.py:4180} INFO - Setting next_dagrun for water_quality_training_pipeline to None, run_after=None
[2026-10-02T15:42:04.589+0000] {processor.py:208} INFO - Processing /opt/airflow/dags/water_quality_pipeline_dag.py took 0.123 seconds
[2026-10-02T15:42:34.830+0000] {processor.py:186} INFO - Started process (PID=14969) to work on /opt/airflow/dags/water_quality_pipeline_dag.py
[2026-10-02T15:42:34.830+0000] {processor.py:914} INFO - Processing file /opt/airflow/dags/water_quality_pipeline_dag.py for tasks to queue
[2026-10-02T15:42:34.832+0000] {logging_mixin.py:190} INFO - [2026-10-02T15:42:34.832+0000] {dagbag.py:588} INFO - Filling up the DagBag from /opt/airflow/dags/water_quality_pipeline_dag.py
[2026-10-02T15:42:34.841+0000] {processor.py:925} INFO - DAG(s) 'water_quality_training_pipeline' retrieved from /opt/airflow/dags/water_quality_pipeline_dag.py
[2026-10-02T15:42:34.877+0000] {logging_mixin.py:190} INFO - [2026-10-02T15:42:34.876+0000] {dag.py:3239} INFO - Sync 1 DAGs
[2026-10-02T15:42:34.889+0000] {logging_mixin.py:190} INFO - [2026-10-02T15:42:34.889+0000] {dag.py:4180} INFO - Setting next_dagrun for water_quality_training_pipeline to None, run_after=None
[2026-10-02T15:42:34.909+0000] {processor.py:208} INFO - Processing /opt/airflow/dags/water_quality_pipeline_dag.py took 0.088 seconds
[2026-10-02T15:43:05.084+0000] {processor.py:186} INFO - Started process (PID=14996) to work on /opt/airflow/dags/water_quality_pipeline_dag.py
[2026-10-02T15:43:05.085+0000] {processor.py:914} INFO - Processing file /opt/airflow/dags/water_quality_pipeline_dag.py for tasks to queue
[2026-10-02T15:43:05.089+0000] {logging_mixin.py:190} INFO - [2026-10-02T15:43:05.089+0000] {dagbag.py:588} INFO - Filling up the DagBag from /opt/airflow/dags/water_quality_pipeline_dag.py
[2026-10-02T15:43:05.105+0000] {processor.py:925} INFO - DAG(s) 'water_quality_training_pipeline' retrieved from /opt/airflow/dags/water_quality_pipeline_dag.py
[2026-10-02T15:43:05.151+0000] {logging_mixin.py:190} INFO - [2026-10-02T15:43:05.150+0000] {dag.py:3239} INFO - Sync 1 DAGs
[2026-10-02T15:43:05.169+0000] {logging_mixin.py:190} INFO - [2026-10-02T15:43:05.169+0000] {dag.py:4180} INFO - Setting next_dagrun for water_quality_training_pipeline to None, run_after=None
[2026-10-02T15:43:05.189+0000] {processor.py:208} INFO - Processing /opt/airflow/dags/water_quality_pipeline_dag.py took 0.115 seconds
[2026-10-02T15:43:35.426+0000] {processor.py:186} INFO - Started process (PID=15018) to work on /opt/airflow/dags/water_quality_pipeline_dag.py
[2026-10-02T15:43:35.427+0000] {processor.py:914} INFO - Processing file /opt/airflow/dags/water_quality_pipeline_dag.py for tasks to queue
[2026-10-02T15:43:35.429+0000] {logging_mixin.py:190} INFO - [2026-10-02T15:43:35.429+0000] {dagbag.py:588} INFO - Filling up the DagBag from /opt/airflow/dags/water_quality_pipeline_dag.py
[2026-10-02T15:43:35.442+0000] {processor.py:925} INFO - DAG(s) 'water_quality_training_pipeline' retrieved from /opt/airflow/dags/water_quality_pipeline_dag.py
[2026-10-02T15:43:35.483+0000] {logging_mixin.py:190} INFO - [2026-10-02T15:43:35.482+0000] {dag.py:3239} INFO - Sync 1 DAGs
[2026-10-02T15:43:35.505+0000] {logging_mixin.py:190} INFO - [2026-10-02T15:43:35.504+0000] {dag.py:4180} INFO - Setting next_dagrun for water_quality_training_pipeline to None, run_after=None
[2026-10-02T15:43:35.531+0000] {processor.py:208} INFO - Processing /opt/airflow/dags/water_quality_pipeline_dag.py took 0.118 seconds
[2026-10-02T15:44:05.703+0000] {processor.py:186} INFO - Started process (PID=15039) to work on /opt/airflow/dags/water_quality_pipeline_dag.py
[2026-10-02T15:44:05.705+0000] {processor.py:914} INFO - Processing file /opt/airflow/dags/water_quality_pipeline_dag.py for tasks to queue
[2026-10-02T15:44:05.708+0000] {logging_mixin.py:190} INFO - [2026-10-02T15:44:05.708+0000] {dagbag.py:588} INFO - Filling up the DagBag from /opt/airflow/dags/water_quality_pipeline_dag.py
[2026-10-02T15:44:05.721+0000] {processor.py:925} INFO - DAG(s) 'water_quality_training_pipeline' retrieved from /opt/airflow/dags/water_quality_pipeline_dag.py
[2026-10-02T15:44:05.758+0000] {logging_mixin.py:190} INFO - [2026-10-02T15:44:05.758+0000] {dag.py:3239} INFO - Sync 1 DAGs
[2026-10-02T15:44:05.779+0000] {logging_mixin.py:190} INFO - [2026-10-02T15:44:05.778+0000] {dag.py:4180} INFO - Setting next_dagrun for water_quality_training_pipeline to None, run_after=None
[2026-10-02T15:44:05.803+0000] {processor.py:208} INFO - Processing /opt/airflow/dags/water_quality_pipeline_dag.py took 0.109 seconds
[2026-10-02T15:44:36.060+0000] {processor.py:186} INFO - Started process (PID=15068) to work on /opt/airflow/dags/water_quality_pipeline_dag.py
[2026-10-02T15:44:36.061+0000] {processor.py:914} INFO - Processing file /opt/airflow/dags/water_quality_pipeline_dag.py for tasks to queue
[2026-10-02T15:44:36.067+0000] {logging_mixin.py:190} INFO - [2026-10-02T15:44:36.066+0000] {dagbag.py:588} INFO - Filling up the DagBag from /opt/airflow/dags/water_quality_pipeline_dag.py
[2026-10-02T15:44:36.078+0000] {processor.py:925} INFO - DAG(s) 'water_quality_training_pipeline' retrieved from /opt/airflow/dags/water_quality_pipeline_dag.py
[2026-10-02T15:44:36.112+0000] {logging_mixin.py:190} INFO - [2026-10-02T15:44:36.111+0000] {dag.py:3239} INFO - Sync 1 DAGs
[2026-10-02T15:44:36.129+0000] {logging_mixin.py:190} INFO - [2026-10-02T15:44:36.129+0000] {dag.py:4180} INFO - Setting next_dagrun for water_quality_training_pipeline to None, run_after=None
[2026-10-02T15:44:36.154+0000] {processor.py:208} INFO - Processing /opt/airflow/dags/water_quality_pipeline_dag.py took 0.107 seconds
[2026-10-02T15:59:12.637+0000] {processor.py:186} INFO - Started process (PID=15073) to work on /opt/airflow/dags/water_quality_pipeline_dag.py
[2026-10-02T15:59:12.638+0000] {processor.py:914} INFO - Processing file /opt/airflow/dags/water_quality_pipeline_dag.py for tasks to queue
[2026-10-02T15:59:12.640+0000] {logging_mixin.py:190} INFO - [2026-10-02T15:59:12.639+0000] {dagbag.py:588} INFO - Filling up the DagBag from /opt/airflow/dags/water_quality_pipeline_dag.py
[2026-10-02T15:59:12.649+0000] {processor.py:925} INFO - DAG(s) 'water_quality_training_pipeline' retrieved from /opt/airflow/dags/water_quality_pipeline_dag.py
[2026-10-02T15:59:12.687+0000] {logging_mixin.py:190} INFO - [2026-10-02T15:59:12.687+0000] {dag.py:3239} INFO - Sync 1 DAGs
[2026-10-02T15:59:12.707+0000] {logging_mixin.py:190} INFO - [2026-10-02T15:59:12.706+0000] {dag.py:4180} INFO - Setting next_dagrun for water_quality_training_pipeline to None, run_after=None
[2026-10-02T15:59:12.735+0000] {processor.py:208} INFO - Processing /opt/airflow/dags/water_quality_pipeline_dag.py took 0.103 seconds
[2026-10-02T15:59:43.006+0000] {processor.py:186} INFO - Started process (PID=15101) to work on /opt/airflow/dags/water_quality_pipeline_dag.py
[2026-10-02T15:59:43.008+0000] {processor.py:914} INFO - Processing file /opt/airflow/dags/water_quality_pipeline_dag.py for tasks to queue
[2026-10-02T15:59:43.011+0000] {logging_mixin.py:190} INFO - [2026-10-02T15:59:43.011+0000] {dagbag.py:588} INFO - Filling up the DagBag from /opt/airflow/dags/water_quality_pipeline_dag.py
[2026-10-02T15:59:43.026+0000] {processor.py:925} INFO - DAG(s) 'water_quality_training_pipeline' retrieved from /opt/airflow/dags/water_quality_pipeline_dag.py
[2026-10-02T15:59:43.073+0000] {logging_mixin.py:190} INFO - [2026-10-02T15:59:43.072+0000] {dag.py:3239} INFO - Sync 1 DAGs
[2026-10-02T15:59:43.094+0000] {logging_mixin.py:190} INFO - [2026-10-02T15:59:43.093+0000] {dag.py:4180} INFO - Setting next_dagrun for water_quality_training_pipeline to None, run_after=None
[2026-10-02T15:59:43.118+0000] {processor.py:208} INFO - Processing /opt/airflow/dags/water_quality_pipeline_dag.py took 0.123 seconds
[2026-10-02T16:00:13.283+0000] {processor.py:186} INFO - Started process (PID=15123) to work on /opt/airflow/dags/water_quality_pipeline_dag.py
[2026-10-02T16:00:13.284+0000] {processor.py:914} INFO - Processing file /opt/airflow/dags/water_quality_pipeline_dag.py for tasks to queue
[2026-10-02T16:00:13.288+0000] {logging_mixin.py:190} INFO - [2026-10-02T16:00:13.288+0000] {dagbag.py:588} INFO - Filling up the DagBag from /opt/airflow/dags/water_quality_pipeline_dag.py
[2026-10-02T16:00:13.303+0000] {processor.py:925} INFO - DAG(s) 'water_quality_training_pipeline' retrieved from /opt/airflow/dags/water_quality_pipeline_dag.py
[2026-10-02T16:00:13.353+0000] {logging_mixin.py:190} INFO - [2026-10-02T16:00:13.352+0000] {dag.py:3239} INFO - Sync 1 DAGs
[2026-10-02T16:00:13.379+0000] {logging_mixin.py:190} INFO - [2026-10-02T16:00:13.379+0000] {dag.py:4180} INFO - Setting next_dagrun for water_quality_training_pipeline to None, run_after=None
[2026-10-02T16:00:13.404+0000] {processor.py:208} INFO - Processing /opt/airflow/dags/water_quality_pipeline_dag.py took 0.132 seconds
[2026-10-02T16:00:43.683+0000] {processor.py:186} INFO - Started process (PID=15144) to work on /opt/airflow/dags/water_quality_pipeline_dag.py
[2026-10-02T16:00:43.686+0000] {processor.py:914} INFO - Processing file /opt/airflow/dags/water_quality_pipeline_dag.py for tasks to queue
[2026-10-02T16:00:43.692+0000] {logging_mixin.py:190} INFO - [2026-10-02T16:00:43.691+0000] {dagbag.py:588} INFO - Filling up the DagBag from /opt/airflow/dags/water_quality_pipeline_dag.py
[2026-10-02T16:00:43.707+0000] {processor.py:925} INFO - DAG(s) 'water_quality_training_pipeline' retrieved from /opt/airflow/dags/water_quality_pipeline_dag.py
[2026-10-02T16:00:43.741+0000] {logging_mixin.py:190} INFO - [2026-10-02T16:00:43.741+0000] {dag.py:3239} INFO - Sync 1 DAGs
[2026-10-02T16:00:43.760+0000] {logging_mixin.py:190} INFO - [2026-10-02T16:00:43.760+0000] {dag.py:4180} INFO - Setting next_dagrun for water_quality_training_pipeline to None, run_after=None
[2026-10-02T16:00:43.780+0000] {processor.py:208} INFO - Processing /opt/airflow/dags/water_quality_pipeline_dag.py took 0.110 seconds
[2026-10-02T16:01:13.931+0000] {processor.py:186} INFO - Started process (PID=15173) to work on /opt/airflow/dags/water_quality_pipeline_dag.py
[2026-10-02T16:01:13.932+0000] {processor.py:914} INFO - Processing file /opt/airflow/dags/water_quality_pipeline_dag.py for tasks to queue
[2026-10-02T16:01:13.936+0000] {logging_mixin.py:190} INFO - [2026-10-02T16:01:13.936+0000] {dagbag.py:588} INFO - Filling up the DagBag from /opt/airflow/dags/water_quality_pipeline_dag.py
[2026-10-02T16:01:13.951+0000] {processor.py:925} INFO - DAG(s) 'water_quality_training_pipeline' retrieved from /opt/airflow/dags/water_quality_pipeline_dag.py
[2026-10-02T16:01:13.989+0000] {logging_mixin.py:190} INFO - [2026-10-02T16:01:13.989+0000] {dag.py:3239} INFO - Sync 1 DAGs
[2026-10-02T16:01:14.010+0000] {logging_mixin.py:190} INFO - [2026-10-02T16:01:14.010+0000] {dag.py:4180} INFO - Setting next_dagrun for water_quality_training_pipeline to None, run_after=None
[2026-10-02T16:01:14.036+0000] {processor.py:208} INFO - Processing /opt/airflow/dags/water_quality_pipeline_dag.py took 0.116 seconds
[2026-10-02T16:01:44.272+0000] {processor.py:186} INFO - Started process (PID=15195) to work on /opt/airflow/dags/water_quality_pipeline_dag.py
[2026-10-02T16:01:44.274+0000] {processor.py:914} INFO - Processing file /opt/airflow/dags/water_quality_pipeline_dag.py for tasks to queue
[2026-10-02T16:01:44.278+0000] {logging_mixin.py:190} INFO - [2026-10-02T16:01:44.278+0000] {dagbag.py:588} INFO - Filling up the DagBag from /opt/airflow/dags/water_quality_pipeline_dag.py
[2026-10-02T16:01:44.292+0000] {processor.py:925} INFO - DAG(s) 'water_quality_training_pipeline' retrieved from /opt/airflow/dags/water_quality_pipeline_dag.py
[2026-10-02T16:01:44.330+0000] {logging_mixin.py:190} INFO - [2026-10-02T16:01:44.330+0000] {dag.py:3239} INFO - Sync 1 DAGs
[2026-10-02T16:01:44.345+0000] {logging_mixin.py:190} INFO - [2026-10-02T16:01:44.345+0000] {dag.py:4180} INFO - Setting next_dagrun for water_quality_training_pipeline to None, run_after=None
[2026-10-02T16:01:44.364+0000] {processor.py:208} INFO - Processing /opt/airflow/dags/water_quality_pipeline_dag.py took 0.101 seconds
[2026-10-02T16:02:14.541+0000] {processor.py:186} INFO - Started process (PID=15216) to work on /opt/airflow/dags/water_quality_pipeline_dag.py
[2026-10-02T16:02:14.542+0000] {processor.py:914} INFO - Processing file /opt/airflow/dags/water_quality_pipeline_dag.py for tasks to queue
[2026-10-02T16:02:14.545+0000] {logging_mixin.py:190} INFO - [2026-10-02T16:02:14.545+0000] {dagbag.py:588} INFO - Filling up the DagBag from /opt/airflow/dags/water_quality_pipeline_dag.py
[2026-10-02T16:02:14.559+0000] {processor.py:925} INFO - DAG(s) 'water_quality_training_pipeline' retrieved from /opt/airflow/dags/water_quality_pipeline_dag.py
[2026-10-02T16:02:14.605+0000] {logging_mixin.py:190} INFO - [2026-10-02T16:02:14.605+0000] {dag.py:3239} INFO - Sync 1 DAGs
[2026-10-02T16:02:14.626+0000] {logging_mixin.py:190} INFO - [2026-10-02T16:02:14.626+0000] {dag.py:4180} INFO - Setting next_dagrun for water_quality_training_pipeline to None, run_after=None
[2026-10-02T16:02:14.654+0000] {processor.py:208} INFO - Processing /opt/airflow/dags/water_quality_pipeline_dag.py took 0.124 seconds
[2026-10-02T16:02:44.891+0000] {processor.py:186} INFO - Started process (PID=15245) to work on /opt/airflow/dags/water_quality_pipeline_dag.py
[2026-10-02T16:02:44.894+0000] {processor.py:914} INFO - Processing file /opt/airflow/dags/water_quality_pipeline_dag.py for tasks to queue
[2026-10-02T16:02:44.898+0000] {logging_mixin.py:190} INFO - [2026-10-02T16:02:44.898+0000] {dagbag.py:588} INFO - Filling up the DagBag from /opt/airflow/dags/water_quality_pipeline_dag.py
[2026-10-02T16:02:44.910+0000] {processor.py:925} INFO - DAG(s) 'water_quality_training_pipeline' retrieved from /opt/airflow/dags/water_quality_pipeline_dag.py
[2026-10-02T16:02:44.949+0000] {logging_mixin.py:190} INFO - [2026-10-02T16:02:44.948+0000] {dag.py:3239} INFO - Sync 1 DAGs
[2026-10-02T16:02:44.969+0000] {logging_mixin.py:190} INFO - [2026-10-02T16:02:44.969+0000] {dag.py:4180} INFO - Setting next_dagrun for water_quality_training_pipeline to None, run_after=None
[2026-10-02T16:02:44.994+0000] {processor.py:208} INFO - Processing /opt/airflow/dags/water_quality_pipeline_dag.py took 0.115 seconds
[2026-10-02T16:03:15.192+0000] {processor.py:186} INFO - Started process (PID=15266) to work on /opt/airflow/dags/water_quality_pipeline_dag.py
[2026-10-02T16:03:15.193+0000] {processor.py:914} INFO - Processing file /opt/airflow/dags/water_quality_pipeline_dag.py for tasks to queue
[2026-10-02T16:03:15.196+0000] {logging_mixin.py:190} INFO - [2026-10-02T16:03:15.196+0000] {dagbag.py:588} INFO - Filling up the DagBag from /opt/airflow/dags/water_quality_pipeline_dag.py
[2026-10-02T16:03:15.209+0000] {processor.py:925} INFO - DAG(s) 'water_quality_training_pipeline' retrieved from /opt/airflow/dags/water_quality_pipeline_dag.py
[2026-10-02T16:03:15.250+0000] {logging_mixin.py:190} INFO - [2026-10-02T16:03:15.249+0000] {dag.py:3239} INFO - Sync 1 DAGs
[2026-10-02T16:03:15.267+0000] {logging_mixin.py:190} INFO - [2026-10-02T16:03:15.267+0000] {dag.py:4180} INFO - Setting next_dagrun for water_quality_training_pipeline to None, run_after=None
[2026-10-02T16:03:15.288+0000] {processor.py:208} INFO - Processing /opt/airflow/dags/water_quality_pipeline_dag.py took 0.108 seconds
[2026-10-02T16:03:46.291+0000] {processor.py:186} INFO - Started process (PID=15294) to work on /opt/airflow/dags/water_quality_pipeline_dag.py
[2026-10-02T16:03:46.293+0000] {processor.py:914} INFO - Processing file /opt/airflow/dags/water_quality_pipeline_dag.py for tasks to queue
[2026-10-02T16:03:46.296+0000] {logging_mixin.py:190} INFO - [2026-10-02T16:03:46.295+0000] {dagbag.py:588} INFO - Filling up the DagBag from /opt/airflow/dags/water_quality_pipeline_dag.py
[2026-10-02T16:03:46.307+0000] {processor.py:925} INFO - DAG(s) 'water_quality_training_pipeline' retrieved from /opt/airflow/dags/water_quality_pipeline_dag.py
[2026-10-02T16:03:46.350+0000] {logging_mixin.py:190} INFO - [2026-10-02T16:03:46.349+0000] {dag.py:3239} INFO - Sync 1 DAGs
[2026-10-02T16:03:46.370+0000] {logging_mixin.py:190} INFO - [2026-10-02T16:03:46.370+0000] {dag.py:4180} INFO - Setting next_dagrun for water_quality_training_pipeline to None, run_after=None
[2026-10-02T16:03:46.392+0000] {processor.py:208} INFO - Processing /opt/airflow/dags/water_quality_pipeline_dag.py took 0.111 seconds
[2026-10-02T16:04:16.608+0000] {processor.py:186} INFO - Started process (PID=15316) to work on /opt/airflow/dags/water_quality_pipeline_dag.py
[2026-10-02T16:04:16.611+0000] {processor.py:914} INFO - Processing file /opt/airflow/dags/water_quality_pipeline_dag.py for tasks to queue
[2026-10-02T16:04:16.614+0000] {logging_mixin.py:190} INFO - [2026-10-02T16:04:16.614+0000] {dagbag.py:588} INFO - Filling up the DagBag from /opt/airflow/dags/water_quality_pipeline_dag.py
[2026-10-02T16:04:16.627+0000] {processor.py:925} INFO - DAG(s) 'water_quality_training_pipeline' retrieved from /opt/airflow/dags/water_quality_pipeline_dag.py
[2026-10-02T16:04:16.664+0000] {logging_mixin.py:190} INFO - [2026-10-02T16:04:16.664+0000] {dag.py:3239} INFO - Sync 1 DAGs
[2026-10-02T16:04:16.683+0000] {logging_mixin.py:190} INFO - [2026-10-02T16:04:16.683+0000] {dag.py:4180} INFO - Setting next_dagrun for water_quality_training_pipeline to None, run_after=None
[2026-10-02T16:04:16.708+0000] {processor.py:208} INFO - Processing /opt/airflow/dags/water_quality_pipeline_dag.py took 0.112 seconds
[2026-10-02T16:04:46.919+0000] {processor.py:186} INFO - Started process (PID=15338) to work on /opt/airflow/dags/water_quality_pipeline_dag.py
[2026-10-02T16:04:46.922+0000] {processor.py:914} INFO - Processing file /opt/airflow/dags/water_quality_pipeline_dag.py for tasks to queue
[2026-10-02T16:04:46.926+0000] {logging_mixin.py:190} INFO - [2026-10-02T16:04:46.925+0000] {dagbag.py:588} INFO - Filling up the DagBag from /opt/airflow/dags/water_quality_pipeline_dag.py
[2026-10-02T16:04:46.938+0000] {processor.py:925} INFO - DAG(s) 'water_quality_training_pipeline' retrieved from /opt/airflow/dags/water_quality_pipeline_dag.py
[2026-10-02T16:04:46.980+0000] {logging_mixin.py:190} INFO - [2026-10-02T16:04:46.979+0000] {dag.py:3239} INFO - Sync 1 DAGs
[2026-10-02T16:04:46.998+0000] {logging_mixin.py:190} INFO - [2026-10-02T16:04:46.998+0000] {dag.py:4180} INFO - Setting next_dagrun for water_quality_training_pipeline to None, run_after=None
[2026-10-02T16:04:47.022+0000] {processor.py:208} INFO - Processing /opt/airflow/dags/water_quality_pipeline_dag.py took 0.114 seconds
[2026-10-02T16:05:17.253+0000] {processor.py:186} INFO - Started process (PID=15367) to work on /opt/airflow/dags/water_quality_pipeline_dag.py
[2026-10-02T16:05:17.255+0000] {processor.py:914} INFO - Processing file /opt/airflow/dags/water_quality_pipeline_dag.py for tasks to queue
[2026-10-02T16:05:17.259+0000] {logging_mixin.py:190} INFO - [2026-10-02T16:05:17.258+0000] {dagbag.py:588} INFO - Filling up the DagBag from /opt/airflow/dags/water_quality_pipeline_dag.py
[2026-10-02T16:05:17.273+0000] {processor.py:925} INFO - DAG(s) 'water_quality_training_pipeline' retrieved from /opt/airflow/dags/water_quality_pipeline_dag.py
[2026-10-02T16:05:17.308+0000] {logging_mixin.py:190} INFO - [2026-10-02T16:05:17.308+0000] {dag.py:3239} INFO - Sync 1 DAGs
[2026-10-02T16:05:17.327+0000] {logging_mixin.py:190} INFO - [2026-10-02T16:05:17.327+0000] {dag.py:4180} INFO - Setting next_dagrun for water_quality_training_pipeline to None, run_after=None
[2026-10-02T16:05:17.352+0000] {processor.py:208} INFO - Processing /opt/airflow/dags/water_quality_pipeline_dag.py took 0.109 seconds
[2026-10-02T16:05:47.544+0000] {processor.py:186} INFO - Started process (PID=15388) to work on /opt/airflow/dags/water_quality_pipeline_dag.py
[2026-10-02T16:05:47.547+0000] {processor.py:914} INFO - Processing file /opt/airflow/dags/water_quality_pipeline_dag.py for tasks to queue
[2026-10-02T16:05:47.551+0000] {logging_mixin.py:190} INFO - [2026-10-02T16:05:47.551+0000] {dagbag.py:588} INFO - Filling up the DagBag from /opt/airflow/dags/water_quality_pipeline_dag.py
[2026-10-02T16:05:47.563+0000] {processor.py:925} INFO - DAG(s) 'water_quality_training_pipeline' retrieved from /opt/airflow/dags/water_quality_pipeline_dag.py
[2026-10-02T16:05:47.603+0000] {logging_mixin.py:190} INFO - [2026-10-02T16:05:47.603+0000] {dag.py:3239} INFO - Sync 1 DAGs
[2026-10-02T16:05:47.621+0000] {logging_mixin.py:190} INFO - [2026-10-02T16:05:47.621+0000] {dag.py:4180} INFO - Setting next_dagrun for water_quality_training_pipeline to None, run_after=None
[2026-10-02T16:05:47.641+0000] {processor.py:208} INFO - Processing /opt/airflow/dags/water_quality_pipeline_dag.py took 0.108 seconds
[2026-10-02T16:06:17.875+0000] {processor.py:186} INFO - Started process (PID=15415) to work on /opt/airflow/dags/water_quality_pipeline_dag.py
[2026-10-02T16:06:17.876+0000] {processor.py:914} INFO - Processing file /opt/airflow/dags/water_quality_pipeline_dag.py for tasks to queue
[2026-10-02T16:06:17.881+0000] {logging_mixin.py:190} INFO - [2026-10-02T16:06:17.881+0000] {dagbag.py:588} INFO - Filling up the DagBag from /opt/airflow/dags/water_quality_pipeline_dag.py
[2026-10-02T16:06:17.896+0000] {processor.py:925} INFO - DAG(s) 'water_quality_training_pipeline' retrieved from /opt/airflow/dags/water_quality_pipeline_dag.py
[2026-10-02T16:06:17.936+0000] {logging_mixin.py:190} INFO - [2026-10-02T16:06:17.936+0000] {dag.py:3239} INFO - Sync 1 DAGs
[2026-10-02T16:06:17.957+0000] {logging_mixin.py:190} INFO - [2026-10-02T16:06:17.957+0000] {dag.py:4180} INFO - Setting next_dagrun for water_quality_training_pipeline to None, run_after=None
[2026-10-02T16:06:17.982+0000] {processor.py:208} INFO - Processing /opt/airflow/dags/water_quality_pipeline_dag.py took 0.116 seconds
[2026-10-02T16:06:48.160+0000] {processor.py:186} INFO - Started process (PID=15437) to work on /opt/airflow/dags/water_quality_pipeline_dag.py
[2026-10-02T16:06:48.163+0000] {processor.py:914} INFO - Processing file /opt/airflow/dags/water_quality_pipeline_dag.py for tasks to queue
[2026-10-02T16:06:48.167+0000] {logging_mixin.py:190} INFO - [2026-10-02T16:06:48.166+0000] {dagbag.py:588} INFO - Filling up the DagBag from /opt/airflow/dags/water_quality_pipeline_dag.py
[2026-10-02T16:06:48.179+0000] {processor.py:925} INFO - DAG(s) 'water_quality_training_pipeline' retrieved from /opt/airflow/dags/water_quality_pipeline_dag.py
[2026-10-02T16:06:48.221+0000] {logging_mixin.py:190} INFO - [2026-10-02T16:06:48.221+0000] {dag.py:3239} INFO - Sync 1 DAGs
[2026-10-02T16:06:48.241+0000] {logging_mixin.py:190} INFO - [2026-10-02T16:06:48.241+0000] {dag.py:4180} INFO - Setting next_dagrun for water_quality_training_pipeline to None, run_after=None
[2026-10-02T16:06:48.266+0000] {processor.py:208} INFO - Processing /opt/airflow/dags/water_quality_pipeline_dag.py took 0.116 seconds
[2026-10-02T16:07:18.525+0000] {processor.py:186} INFO - Started process (PID=15458) to work on /opt/airflow/dags/water_quality_pipeline_dag.py
[2026-10-02T16:07:18.526+0000] {processor.py:914} INFO - Processing file /opt/airflow/dags/water_quality_pipeline_dag.py for tasks to queue
[2026-10-02T16:07:18.529+0000] {logging_mixin.py:190} INFO - [2026-10-02T16:07:18.528+0000] {dagbag.py:588} INFO - Filling up the DagBag from /opt/airflow/dags/water_quality_pipeline_dag.py
[2026-10-02T16:07:18.542+0000] {processor.py:925} INFO - DAG(s) 'water_quality_training_pipeline' retrieved from /opt/airflow/dags/water_quality_pipeline_dag.py
[2026-10-02T16:07:18.579+0000] {logging_mixin.py:190} INFO - [2026-10-02T16:07:18.579+0000] {dag.py:3239} INFO - Sync 1 DAGs
[2026-10-02T16:07:18.599+0000] {logging_mixin.py:190} INFO - [2026-10-02T16:07:18.599+0000] {dag.py:4180} INFO - Setting next_dagrun for water_quality_training_pipeline to None, run_after=None
[2026-10-02T16:07:18.623+0000] {processor.py:208} INFO - Processing /opt/airflow/dags/water_quality_pipeline_dag.py took 0.109 seconds
[2026-10-02T16:07:48.823+0000] {processor.py:186} INFO - Started process (PID=15487) to work on /opt/airflow/dags/water_quality_pipeline_dag.py
[2026-10-02T16:07:48.826+0000] {processor.py:914} INFO - Processing file /opt/airflow/dags/water_quality_pipeline_dag.py for tasks to queue
[2026-10-02T16:07:48.828+0000] {logging_mixin.py:190} INFO - [2026-10-02T16:07:48.828+0000] {dagbag.py:588} INFO - Filling up the DagBag from /opt/airflow/dags/water_quality_pipeline_dag.py
[2026-10-02T16:07:48.842+0000] {processor.py:925} INFO - DAG(s) 'water_quality_training_pipeline' retrieved from /opt/airflow/dags/water_quality_pipeline_dag.py
[2026-10-02T16:07:48.884+0000] {logging_mixin.py:190} INFO - [2026-10-02T16:07:48.883+0000] {dag.py:3239} INFO - Sync 1 DAGs
[2026-10-02T16:07:48.903+0000] {logging_mixin.py:190} INFO - [2026-10-02T16:07:48.903+0000] {dag.py:4180} INFO - Setting next_dagrun for water_quality_training_pipeline to None, run_after=None
[2026-10-02T16:07:48.923+0000] {processor.py:208} INFO - Processing /opt/airflow/dags/water_quality_pipeline_dag.py took 0.112 seconds
[2026-10-02T16:08:19.142+0000] {processor.py:186} INFO - Started process (PID=15508) to work on /opt/airflow/dags/water_quality_pipeline_dag.py
[2026-10-02T16:08:19.143+0000] {processor.py:914} INFO - Processing file /opt/airflow/dags/water_quality_pipeline_dag.py for tasks to queue
[2026-10-02T16:08:19.146+0000] {logging_mixin.py:190} INFO - [2026-10-02T16:08:19.145+0000] {dagbag.py:588} INFO - Filling up the DagBag from /opt/airflow/dags/water_quality_pipeline_dag.py
[2026-10-02T16:08:19.158+0000] {processor.py:925} INFO - DAG(s) 'water_quality_training_pipeline' retrieved from /opt/airflow/dags/water_quality_pipeline_dag.py
[2026-10-02T16:08:19.204+0000] {logging_mixin.py:190} INFO - [2026-10-02T16:08:19.204+0000] {dag.py:3239} INFO - Sync 1 DAGs
[2026-10-02T16:08:19.224+0000] {logging_mixin.py:190} INFO - [2026-10-02T16:08:19.224+0000] {dag.py:4180} INFO - Setting next_dagrun for water_quality_training_pipeline to None, run_after=None
[2026-10-02T16:08:19.251+0000] {processor.py:208} INFO - Processing /opt/airflow/dags/water_quality_pipeline_dag.py took 0.118 seconds
[2026-10-02T16:08:49.428+0000] {processor.py:186} INFO - Started process (PID=15529) to work on /opt/airflow/dags/water_quality_pipeline_dag.py
[2026-10-02T16:08:49.429+0000] {processor.py:914} INFO - Processing file /opt/airflow/dags/water_quality_pipeline_dag.py for tasks to queue
[2026-10-02T16:08:49.433+0000] {logging_mixin.py:190} INFO - [2026-10-02T16:08:49.432+0000] {dagbag.py:588} INFO - Filling up the DagBag from /opt/airflow/dags/water_quality_pipeline_dag.py
[2026-10-02T16:08:49.448+0000] {processor.py:925} INFO - DAG(s) 'water_quality_training_pipeline' retrieved from /opt/airflow/dags/water_quality_pipeline_dag.py
[2026-10-02T16:08:49.490+0000] {logging_mixin.py:190} INFO - [2026-10-02T16:08:49.489+0000] {dag.py:3239} INFO - Sync 1 DAGs
[2026-10-02T16:08:49.506+0000] {logging_mixin.py:190} INFO - [2026-10-02T16:08:49.505+0000] {dag.py:4180} INFO - Setting next_dagrun for water_quality_training_pipeline to None, run_after=None
[2026-10-02T16:08:49.526+0000] {processor.py:208} INFO - Processing /opt/airflow/dags/water_quality_pipeline_dag.py took 0.108 seconds
[2026-10-02T16:09:19.785+0000] {processor.py:186} INFO - Started process (PID=15557) to work on /opt/airflow/dags/water_quality_pipeline_dag.py
[2026-10-02T16:09:19.786+0000] {processor.py:914} INFO - Processing file /opt/airflow/dags/water_quality_pipeline_dag.py for tasks to queue
[2026-10-02T16:09:19.790+0000] {logging_mixin.py:190} INFO - [2026-10-02T16:09:19.790+0000] {dagbag.py:588} INFO - Filling up the DagBag from /opt/airflow/dags/water_quality_pipeline_dag.py
[2026-10-02T16:09:19.802+0000] {processor.py:925} INFO - DAG(s) 'water_quality_training_pipeline' retrieved from /opt/airflow/dags/water_quality_pipeline_dag.py
[2026-10-02T16:09:19.857+0000] {logging_mixin.py:190} INFO - [2026-10-02T16:09:19.856+0000] {dag.py:3239} INFO - Sync 1 DAGs
[2026-10-02T16:09:19.877+0000] {logging_mixin.py:190} INFO - [2026-10-02T16:09:19.876+0000] {dag.py:4180} INFO - Setting next_dagrun for water_quality_training_pipeline to None, run_after=None
[2026-10-02T16:09:19.902+0000] {processor.py:208} INFO - Processing /opt/airflow/dags/water_quality_pipeline_dag.py took 0.126 seconds
[2026-10-02T16:09:50.048+0000] {processor.py:186} INFO - Started process (PID=15578) to work on /opt/airflow/dags/water_quality_pipeline_dag.py
[2026-10-02T16:09:50.051+0000] {processor.py:914} INFO - Processing file /opt/airflow/dags/water_quality_pipeline_dag.py for tasks to queue
[2026-10-02T16:09:50.055+0000] {logging_mixin.py:190} INFO - [2026-10-02T16:09:50.054+0000] {dagbag.py:588} INFO - Filling up the DagBag from /opt/airflow/dags/water_quality_pipeline_dag.py
[2026-10-02T16:09:50.068+0000] {processor.py:925} INFO - DAG(s) 'water_quality_training_pipeline' retrieved from /opt/airflow/dags/water_quality_pipeline_dag.py
[2026-10-02T16:09:50.104+0000] {logging_mixin.py:190} INFO - [2026-10-02T16:09:50.104+0000] {dag.py:3239} INFO - Sync 1 DAGs
[2026-10-02T16:09:50.124+0000] {logging_mixin.py:190} INFO - [2026-10-02T16:09:50.123+0000] {dag.py:4180} INFO - Setting next_dagrun for water_quality_training_pipeline to None, run_after=None
[2026-10-02T16:09:50.149+0000] {processor.py:208} INFO - Processing /opt/airflow/dags/water_quality_pipeline_dag.py took 0.110 seconds
[2026-10-02T16:10:20.429+0000] {processor.py:186} INFO - Started process (PID=15605) to work on /opt/airflow/dags/water_quality_pipeline_dag.py
[2026-10-02T16:10:20.432+0000] {processor.py:914} INFO - Processing file /opt/airflow/dags/water_quality_pipeline_dag.py for tasks to queue
[2026-10-02T16:10:20.436+0000] {logging_mixin.py:190} INFO - [2026-10-02T16:10:20.436+0000] {dagbag.py:588} INFO - Filling up the DagBag from /opt/airflow/dags/water_quality_pipeline_dag.py
[2026-10-02T16:10:20.449+0000] {processor.py:925} INFO - DAG(s) 'water_quality_training_pipeline' retrieved from /opt/airflow/dags/water_quality_pipeline_dag.py
[2026-10-02T16:10:20.496+0000] {logging_mixin.py:190} INFO - [2026-10-02T16:10:20.496+0000] {dag.py:3239} INFO - Sync 1 DAGs
[2026-10-02T16:10:20.516+0000] {logging_mixin.py:190} INFO - [2026-10-02T16:10:20.515+0000] {dag.py:4180} INFO - Setting next_dagrun for water_quality_training_pipeline to None, run_after=None
[2026-10-02T16:10:20.544+0000] {processor.py:208} INFO - Processing /opt/airflow/dags/water_quality_pipeline_dag.py took 0.129 seconds
[2026-10-02T16:10:50.691+0000] {processor.py:186} INFO - Started process (PID=15627) to work on /opt/airflow/dags/water_quality_pipeline_dag.py
[2026-10-02T16:10:50.694+0000] {processor.py:914} INFO - Processing file /opt/airflow/dags/water_quality_pipeline_dag.py for tasks to queue
[2026-10-02T16:10:50.697+0000] {logging_mixin.py:190} INFO - [2026-10-02T16:10:50.697+0000] {dagbag.py:588} INFO - Filling up the DagBag from /opt/airflow/dags/water_quality_pipeline_dag.py
[2026-10-02T16:10:50.711+0000] {processor.py:925} INFO - DAG(s) 'water_quality_training_pipeline' retrieved from /opt/airflow/dags/water_quality_pipeline_dag.py
[2026-10-02T16:10:50.751+0000] {logging_mixin.py:190} INFO - [2026-10-02T16:10:50.751+0000] {dag.py:3239} INFO - Sync 1 DAGs
[2026-10-02T16:10:50.770+0000] {logging_mixin.py:190} INFO - [2026-10-02T16:10:50.770+0000] {dag.py:4180} INFO - Setting next_dagrun for water_quality_training_pipeline to None, run_after=None
[2026-10-02T16:10:50.800+0000] {processor.py:208} INFO - Processing /opt/airflow/dags/water_quality_pipeline_dag.py took 0.120 seconds
[2026-10-02T16:11:21.070+0000] {processor.py:186} INFO - Started process (PID=15647) to work on /opt/airflow/dags/water_quality_pipeline_dag.py
[2026-10-02T16:11:21.071+0000] {processor.py:914} INFO - Processing file /opt/airflow/dags/water_quality_pipeline_dag.py for tasks to queue
[2026-10-02T16:11:21.074+0000] {logging_mixin.py:190} INFO - [2026-10-02T16:11:21.074+0000] {dagbag.py:588} INFO - Filling up the DagBag from /opt/airflow/dags/water_quality_pipeline_dag.py
[2026-10-02T16:11:21.087+0000] {processor.py:925} INFO - DAG(s) 'water_quality_training_pipeline' retrieved from /opt/airflow/dags/water_quality_pipeline_dag.py
[2026-10-02T16:11:21.125+0000] {logging_mixin.py:190} INFO - [2026-10-02T16:11:21.125+0000] {dag.py:3239} INFO - Sync 1 DAGs
[2026-10-02T16:11:21.144+0000] {logging_mixin.py:190} INFO - [2026-10-02T16:11:21.143+0000] {dag.py:4180} INFO - Setting next_dagrun for water_quality_training_pipeline to None, run_after=None
[2026-10-02T16:11:21.165+0000] {processor.py:208} INFO - Processing /opt/airflow/dags/water_quality_pipeline_dag.py took 0.104 seconds
[2026-10-02T16:11:51.330+0000] {processor.py:186} INFO - Started process (PID=15676) to work on /opt/airflow/dags/water_quality_pipeline_dag.py
[2026-10-02T16:11:51.332+0000] {processor.py:914} INFO - Processing file /opt/airflow/dags/water_quality_pipeline_dag.py for tasks to queue
[2026-10-02T16:11:51.335+0000] {logging_mixin.py:190} INFO - [2026-10-02T16:11:51.335+0000] {dagbag.py:588} INFO - Filling up the DagBag from /opt/airflow/dags/water_quality_pipeline_dag.py
[2026-10-02T16:11:51.349+0000] {processor.py:925} INFO - DAG(s) 'water_quality_training_pipeline' retrieved from /opt/airflow/dags/water_quality_pipeline_dag.py
[2026-10-02T16:11:51.384+0000] {logging_mixin.py:190} INFO - [2026-10-02T16:11:51.384+0000] {dag.py:3239} INFO - Sync 1 DAGs
[2026-10-02T16:11:51.403+0000] {logging_mixin.py:190} INFO - [2026-10-02T16:11:51.403+0000] {dag.py:4180} INFO - Setting next_dagrun for water_quality_training_pipeline to None, run_after=None
[2026-10-02T16:11:51.431+0000] {processor.py:208} INFO - Processing /opt/airflow/dags/water_quality_pipeline_dag.py took 0.110 seconds
[2026-10-02T16:12:21.711+0000] {processor.py:186} INFO - Started process (PID=15698) to work on /opt/airflow/dags/water_quality_pipeline_dag.py
[2026-10-02T16:12:21.712+0000] {processor.py:914} INFO - Processing file /opt/airflow/dags/water_quality_pipeline_dag.py for tasks to queue
[2026-10-02T16:12:21.716+0000] {logging_mixin.py:190} INFO - [2026-10-02T16:12:21.715+0000] {dagbag.py:588} INFO - Filling up the DagBag from /opt/airflow/dags/water_quality_pipeline_dag.py
[2026-10-02T16:12:21.729+0000] {processor.py:925} INFO - DAG(s) 'water_quality_training_pipeline' retrieved from /opt/airflow/dags/water_quality_pipeline_dag.py
[2026-10-02T16:12:21.770+0000] {logging_mixin.py:190} INFO - [2026-10-02T16:12:21.769+0000] {dag.py:3239} INFO - Sync 1 DAGs
[2026-10-02T16:12:21.789+0000] {logging_mixin.py:190} INFO - [2026-10-02T16:12:21.788+0000] {dag.py:4180} INFO - Setting next_dagrun for water_quality_training_pipeline to None, run_after=None
[2026-10-02T16:12:21.817+0000] {processor.py:208} INFO - Processing /opt/airflow/dags/water_quality_pipeline_dag.py took 0.118 seconds
[2026-10-02T16:12:51.973+0000] {processor.py:186} INFO - Started process (PID=15726) to work on /opt/airflow/dags/water_quality_pipeline_dag.py
[2026-10-02T16:12:51.975+0000] {processor.py:914} INFO - Processing file /opt/airflow/dags/water_quality_pipeline_dag.py for tasks to queue
[2026-10-02T16:12:51.978+0000] {logging_mixin.py:190} INFO - [2026-10-02T16:12:51.977+0000] {dagbag.py:588} INFO - Filling up the DagBag from /opt/airflow/dags/water_quality_pipeline_dag.py
[2026-10-02T16:12:51.993+0000] {processor.py:925} INFO - DAG(s) 'water_quality_training_pipeline' retrieved from /opt/airflow/dags/water_quality_pipeline_dag.py
[2026-10-02T16:12:52.035+0000] {logging_mixin.py:190} INFO - [2026-10-02T16:12:52.034+0000] {dag.py:3239} INFO - Sync 1 DAGs
[2026-10-02T16:12:52.056+0000] {logging_mixin.py:190} INFO - [2026-10-02T16:12:52.056+0000] {dag.py:4180} INFO - Setting next_dagrun for water_quality_training_pipeline to None, run_after=None
[2026-10-02T16:12:52.081+0000] {processor.py:208} INFO - Processing /opt/airflow/dags/water_quality_pipeline_dag.py took 0.119 seconds
[2026-10-02T16:13:22.359+0000] {processor.py:186} INFO - Started process (PID=15748) to work on /opt/airflow/dags/water_quality_pipeline_dag.py
[2026-10-02T16:13:22.361+0000] {processor.py:914} INFO - Processing file /opt/airflow/dags/water_quality_pipeline_dag.py for tasks to queue
[2026-10-02T16:13:22.364+0000] {logging_mixin.py:190} INFO - [2026-10-02T16:13:22.363+0000] {dagbag.py:588} INFO - Filling up the DagBag from /opt/airflow/dags/water_quality_pipeline_dag.py
[2026-10-02T16:13:22.377+0000] {processor.py:925} INFO - DAG(s) 'water_quality_training_pipeline' retrieved from /opt/airflow/dags/water_quality_pipeline_dag.py
[2026-10-02T16:13:22.419+0000] {logging_mixin.py:190} INFO - [2026-10-02T16:13:22.419+0000] {dag.py:3239} INFO - Sync 1 DAGs
[2026-10-02T16:13:22.441+0000] {logging_mixin.py:190} INFO - [2026-10-02T16:13:22.440+0000] {dag.py:4180} INFO - Setting next_dagrun for water_quality_training_pipeline to None, run_after=None
[2026-10-02T16:13:22.465+0000] {processor.py:208} INFO - Processing /opt/airflow/dags/water_quality_pipeline_dag.py took 0.118 seconds
[2026-10-02T16:13:52.623+0000] {processor.py:186} INFO - Started process (PID=15769) to work on /opt/airflow/dags/water_quality_pipeline_dag.py
[2026-10-02T16:13:52.626+0000] {processor.py:914} INFO - Processing file /opt/airflow/dags/water_quality_pipeline_dag.py for tasks to queue
[2026-10-02T16:13:52.631+0000] {logging_mixin.py:190} INFO - [2026-10-02T16:13:52.630+0000] {dagbag.py:588} INFO - Filling up the DagBag from /opt/airflow/dags/water_quality_pipeline_dag.py
[2026-10-02T16:13:52.642+0000] {processor.py:925} INFO - DAG(s) 'water_quality_training_pipeline' retrieved from /opt/airflow/dags/water_quality_pipeline_dag.py
[2026-10-02T16:13:52.684+0000] {logging_mixin.py:190} INFO - [2026-10-02T16:13:52.684+0000] {dag.py:3239} INFO - Sync 1 DAGs
[2026-10-02T16:13:52.704+0000] {logging_mixin.py:190} INFO - [2026-10-02T16:13:52.704+0000] {dag.py:4180} INFO - Setting next_dagrun for water_quality_training_pipeline to None, run_after=None
[2026-10-02T16:13:52.729+0000] {processor.py:208} INFO - Processing /opt/airflow/dags/water_quality_pipeline_dag.py took 0.118 seconds
[2026-10-02T16:14:23.006+0000] {processor.py:186} INFO - Started process (PID=15798) to work on /opt/airflow/dags/water_quality_pipeline_dag.py
[2026-10-02T16:14:23.007+0000] {processor.py:914} INFO - Processing file /opt/airflow/dags/water_quality_pipeline_dag.py for tasks to queue
[2026-10-02T16:14:23.011+0000] {logging_mixin.py:190} INFO - [2026-10-02T16:14:23.011+0000] {dagbag.py:588} INFO - Filling up the DagBag from /opt/airflow/dags/water_quality_pipeline_dag.py
[2026-10-02T16:14:23.022+0000] {processor.py:925} INFO - DAG(s) 'water_quality_training_pipeline' retrieved from /opt/airflow/dags/water_quality_pipeline_dag.py
[2026-10-02T16:14:23.061+0000] {logging_mixin.py:190} INFO - [2026-10-02T16:14:23.061+0000] {dag.py:3239} INFO - Sync 1 DAGs
[2026-10-02T16:14:23.079+0000] {logging_mixin.py:190} INFO - [2026-10-02T16:14:23.079+0000] {dag.py:4180} INFO - Setting next_dagrun for water_quality_training_pipeline to None, run_after=None
[2026-10-02T16:14:23.099+0000] {processor.py:208} INFO - Processing /opt/airflow/dags/water_quality_pipeline_dag.py took 0.100 seconds
[2026-10-02T16:14:53.278+0000] {processor.py:186} INFO - Started process (PID=15819) to work on /opt/airflow/dags/water_quality_pipeline_dag.py
[2026-10-02T16:14:53.281+0000] {processor.py:914} INFO - Processing file /opt/airflow/dags/water_quality_pipeline_dag.py for tasks to queue
[2026-10-02T16:14:53.284+0000] {logging_mixin.py:190} INFO - [2026-10-02T16:14:53.283+0000] {dagbag.py:588} INFO - Filling up the DagBag from /opt/airflow/dags/water_quality_pipeline_dag.py
[2026-10-02T16:14:53.297+0000] {processor.py:925} INFO - DAG(s) 'water_quality_training_pipeline' retrieved from /opt/airflow/dags/water_quality_pipeline_dag.py
[2026-10-02T16:14:53.336+0000] {logging_mixin.py:190} INFO - [2026-10-02T16:14:53.335+0000] {dag.py:3239} INFO - Sync 1 DAGs
[2026-10-02T16:14:53.353+0000] {logging_mixin.py:190} INFO - [2026-10-02T16:14:53.353+0000] {dag.py:4180} INFO - Setting next_dagrun for water_quality_training_pipeline to None, run_after=None
[2026-10-02T16:14:53.375+0000] {processor.py:208} INFO - Processing /opt/airflow/dags/water_quality_pipeline_dag.py took 0.108 seconds
[2026-10-02T16:15:23.612+0000] {processor.py:186} INFO - Started process (PID=15840) to work on /opt/airflow/dags/water_quality_pipeline_dag.py
[2026-10-02T16:15:23.613+0000] {processor.py:914} INFO - Processing file /opt/airflow/dags/water_quality_pipeline_dag.py for tasks to queue
[2026-10-02T16:15:23.616+0000] {logging_mixin.py:190} INFO - [2026-10-02T16:15:23.616+0000] {dagbag.py:588} INFO - Filling up the DagBag from /opt/airflow/dags/water_quality_pipeline_dag.py
[2026-10-02T16:15:23.630+0000] {processor.py:925} INFO - DAG(s) 'water_quality_training_pipeline' retrieved from /opt/airflow/dags/water_quality_pipeline_dag.py
[2026-10-02T16:15:23.673+0000] {logging_mixin.py:190} INFO - [2026-10-02T16:15:23.673+0000] {dag.py:3239} INFO - Sync 1 DAGs
[2026-10-02T16:15:23.691+0000] {logging_mixin.py:190} INFO - [2026-10-02T16:15:23.690+0000] {dag.py:4180} INFO - Setting next_dagrun for water_quality_training_pipeline to None, run_after=None
[2026-10-02T16:15:23.719+0000] {processor.py:208} INFO - Processing /opt/airflow/dags/water_quality_pipeline_dag.py took 0.116 seconds
[2026-10-02T16:15:53.890+0000] {processor.py:186} INFO - Started process (PID=15869) to work on /opt/airflow/dags/water_quality_pipeline_dag.py
[2026-10-02T16:15:53.892+0000] {processor.py:914} INFO - Processing file /opt/airflow/dags/water_quality_pipeline_dag.py for tasks to queue
[2026-10-02T16:15:53.895+0000] {logging_mixin.py:190} INFO - [2026-10-02T16:15:53.895+0000] {dagbag.py:588} INFO - Filling up the DagBag from /opt/airflow/dags/water_quality_pipeline_dag.py
[2026-10-02T16:15:53.911+0000] {processor.py:925} INFO - DAG(s) 'water_quality_training_pipeline' retrieved from /opt/airflow/dags/water_quality_pipeline_dag.py
[2026-10-02T16:15:53.952+0000] {logging_mixin.py:190} INFO - [2026-10-02T16:15:53.952+0000] {dag.py:3239} INFO - Sync 1 DAGs
[2026-10-02T16:15:53.974+0000] {logging_mixin.py:190} INFO - [2026-10-02T16:15:53.973+0000] {dag.py:4180} INFO - Setting next_dagrun for water_quality_training_pipeline to None, run_after=None
[2026-10-02T16:15:53.999+0000] {processor.py:208} INFO - Processing /opt/airflow/dags/water_quality_pipeline_dag.py took 0.119 seconds
[2026-10-02T16:16:24.235+0000] {processor.py:186} INFO - Started process (PID=15890) to work on /opt/airflow/dags/water_quality_pipeline_dag.py
[2026-10-02T16:16:24.236+0000] {processor.py:914} INFO - Processing file /opt/airflow/dags/water_quality_pipeline_dag.py for tasks to queue
[2026-10-02T16:16:24.240+0000] {logging_mixin.py:190} INFO - [2026-10-02T16:16:24.239+0000] {dagbag.py:588} INFO - Filling up the DagBag from /opt/airflow/dags/water_quality_pipeline_dag.py
[2026-10-02T16:16:24.253+0000] {processor.py:925} INFO - DAG(s) 'water_quality_training_pipeline' retrieved from /opt/airflow/dags/water_quality_pipeline_dag.py
[2026-10-02T16:16:24.291+0000] {logging_mixin.py:190} INFO - [2026-10-02T16:16:24.290+0000] {dag.py:3239} INFO - Sync 1 DAGs
[2026-10-02T16:16:24.310+0000] {logging_mixin.py:190} INFO - [2026-10-02T16:16:24.309+0000] {dag.py:4180} INFO - Setting next_dagrun for water_quality_training_pipeline to None, run_after=None
[2026-10-02T16:16:24.336+0000] {processor.py:208} INFO - Processing /opt/airflow/dags/water_quality_pipeline_dag.py took 0.109 seconds
[2026-10-02T16:16:54.496+0000] {processor.py:186} INFO - Started process (PID=15918) to work on /opt/airflow/dags/water_quality_pipeline_dag.py
[2026-10-02T16:16:54.498+0000] {processor.py:914} INFO - Processing file /opt/airflow/dags/water_quality_pipeline_dag.py for tasks to queue
[2026-10-02T16:16:54.501+0000] {logging_mixin.py:190} INFO - [2026-10-02T16:16:54.501+0000] {dagbag.py:588} INFO - Filling up the DagBag from /opt/airflow/dags/water_quality_pipeline_dag.py
[2026-10-02T16:16:54.516+0000] {processor.py:925} INFO - DAG(s) 'water_quality_training_pipeline' retrieved from /opt/airflow/dags/water_quality_pipeline_dag.py
[2026-10-02T16:16:54.557+0000] {logging_mixin.py:190} INFO - [2026-10-02T16:16:54.557+0000] {dag.py:3239} INFO - Sync 1 DAGs
[2026-10-02T16:16:54.576+0000] {logging_mixin.py:190} INFO - [2026-10-02T16:16:54.575+0000] {dag.py:4180} INFO - Setting next_dagrun for water_quality_training_pipeline to None, run_after=None
[2026-10-02T16:16:54.599+0000] {processor.py:208} INFO - Processing /opt/airflow/dags/water_quality_pipeline_dag.py took 0.112 seconds
